customer_id,arrival_time,service_time_min,hour,day_of_week
7,2026-01-01 08:01:14.104179464,14.868438967534654,8,Thursday
3,2026-01-01 08:03:29.101003805,0.23781924878204272,8,Thursday
18,2026-01-01 08:08:22.177898347,1.4972888842034304,8,Thursday
2,2026-01-01 08:09:21.580273210,4.487523606548803,8,Thursday
1,2026-01-01 08:09:21.667105592,3.6101457751656385,8,Thursday
11,2026-01-01 08:10:54.569881945,0.5138865750125312,8,Thursday
12,2026-01-01 08:11:00.256235472,5.763753815493309,8,Thursday
23,2026-01-01 08:11:58.825615770,1.0219429975395287,8,Thursday
10,2026-01-01 08:12:44.420798441,1.8164392998437915,8,Thursday
16,2026-01-01 08:17:28.424904712,0.17496860721739543,8,Thursday
19,2026-01-01 08:17:31.720734726,5.431278992824902,8,Thursday
13,2026-01-01 08:18:15.272074654,2.9004542129269915,8,Thursday
20,2026-01-01 08:21:58.902635857,1.8677329082881182,8,Thursday
15,2026-01-01 08:25:55.002067111,3.4177361406707507,8,Thursday
21,2026-01-01 08:27:21.851943181,3.6705544795461433,8,Thursday
14,2026-01-01 08:31:29.123153876,0.6507611697722432,8,Thursday
5,2026-01-01 08:36:04.014042275,0.9348062598870821,8,Thursday
17,2026-01-01 08:36:42.670421000,12.002114436965119,8,Thursday
6,2026-01-01 08:42:29.061280065,0.33631965439652123,8,Thursday
22,2026-01-01 08:47:06.633461014,3.9561189899089877,8,Thursday
9,2026-01-01 08:49:56.793506881,8.261657864064384,8,Thursday
4,2026-01-01 08:51:58.234124789,4.676665103248051,8,Thursday
8,2026-01-01 08:58:11.675467783,16.853151712305863,8,Thursday
40,2026-01-01 09:00:19.879621644,5.0586477546377475,9,Thursday
26,2026-01-01 09:02:42.818240077,5.0744467946300995,9,Thursday
51,2026-01-01 09:03:48.810061029,13.274750429403124,9,Thursday
45,2026-01-01 09:04:26.560746242,2.641409874413363,9,Thursday
36,2026-01-01 09:04:28.382317247,2.789070969542137,9,Thursday
24,2026-01-01 09:05:18.573007386,1.9665710659206568,9,Thursday
47,2026-01-01 09:06:57.128614290,1.2990257845869702,9,Thursday
34,2026-01-01 09:08:27.327209909,3.4040736575513897,9,Thursday
25,2026-01-01 09:11:45.538304708,6.539378919788704,9,Thursday
39,2026-01-01 09:11:55.376453523,0.1596684064652691,9,Thursday
29,2026-01-01 09:16:16.856514386,0.6368619680775095,9,Thursday
32,2026-01-01 09:16:51.364234874,4.119437474429144,9,Thursday
52,2026-01-01 09:18:39.536358176,8.254435402422848,9,Thursday
27,2026-01-01 09:19:31.189190747,10.911259562007574,9,Thursday
50,2026-01-01 09:19:51.232889469,0.8790417925003142,9,Thursday
31,2026-01-01 09:21:24.311976096,7.151963765384321,9,Thursday
46,2026-01-01 09:21:30.476622759,7.043745737692917,9,Thursday
28,2026-01-01 09:23:19.238242882,3.195330666881549,9,Thursday
33,2026-01-01 09:32:33.705899369,7.369449833606822,9,Thursday
49,2026-01-01 09:37:23.873256579,1.7107015194352853,9,Thursday
42,2026-01-01 09:42:24.686437851,3.5521858856709505,9,Thursday
43,2026-01-01 09:43:44.425804947,11.906327649229878,9,Thursday
44,2026-01-01 09:46:16.573248069,1.4336941149164917,9,Thursday
38,2026-01-01 09:46:20.081169467,0.5708371759593291,9,Thursday
35,2026-01-01 09:48:07.909130714,3.698394193886335,9,Thursday
41,2026-01-01 09:48:55.661142437,1.8869835439754992,9,Thursday
30,2026-01-01 09:49:43.455032946,6.245631721582997,9,Thursday
48,2026-01-01 09:51:47.172333152,0.40052139275088183,9,Thursday
37,2026-01-01 09:59:12.792971761,0.12873886995056866,9,Thursday
65,2026-01-01 10:00:25.027669912,9.018223971231485,10,Thursday
82,2026-01-01 10:02:12.793010476,12.930951985753618,10,Thursday
85,2026-01-01 10:03:05.323504499,5.393813695219572,10,Thursday
60,2026-01-01 10:06:36.186928299,2.29261399632152,10,Thursday
69,2026-01-01 10:07:11.515322401,4.468892022972917,10,Thursday
89,2026-01-01 10:08:41.621539528,1.3843852271895156,10,Thursday
54,2026-01-01 10:11:11.652211989,21.2201849130763,10,Thursday
68,2026-01-01 10:13:19.588117694,0.208148798971726,10,Thursday
61,2026-01-01 10:13:40.566585150,5.002518738658857,10,Thursday
88,2026-01-01 10:14:22.422806401,3.77139705096973,10,Thursday
78,2026-01-01 10:15:06.416264971,13.801719089021535,10,Thursday
86,2026-01-01 10:16:43.127271251,8.497420363196106,10,Thursday
81,2026-01-01 10:17:05.425779758,0.6022214251849821,10,Thursday
80,2026-01-01 10:18:03.161915340,2.085662169975859,10,Thursday
59,2026-01-01 10:19:04.812509898,6.513744642461581,10,Thursday
72,2026-01-01 10:19:23.530555274,3.588152922747442,10,Thursday
70,2026-01-01 10:20:15.414617053,5.659258671336744,10,Thursday
75,2026-01-01 10:21:49.066568565,0.9580211126956688,10,Thursday
67,2026-01-01 10:25:02.679611335,1.0321605330377828,10,Thursday
62,2026-01-01 10:25:37.588039054,5.019189135688191,10,Thursday
79,2026-01-01 10:29:50.094621212,0.7397220671963947,10,Thursday
84,2026-01-01 10:30:09.644483623,1.4916368503074446,10,Thursday
66,2026-01-01 10:30:38.690289279,1.9340514683369832,10,Thursday
73,2026-01-01 10:31:07.646238276,1.2841207352747883,10,Thursday
56,2026-01-01 10:32:21.632070896,5.575775051486467,10,Thursday
83,2026-01-01 10:36:34.431602327,10.491668535804969,10,Thursday
74,2026-01-01 10:42:10.868252022,5.18062170773846,10,Thursday
53,2026-01-01 10:48:13.219476836,3.3613605473681814,10,Thursday
57,2026-01-01 10:48:26.784558590,7.169438131197314,10,Thursday
63,2026-01-01 10:49:04.853157320,3.836926249761744,10,Thursday
64,2026-01-01 10:51:38.630099722,0.47314579405810475,10,Thursday
55,2026-01-01 10:53:33.212394563,1.3857240677986309,10,Thursday
58,2026-01-01 10:53:45.928679724,1.356665861679029,10,Thursday
87,2026-01-01 10:54:29.757189479,4.05066180343254,10,Thursday
71,2026-01-01 10:56:34.474934085,0.0836347377923531,10,Thursday
77,2026-01-01 10:57:44.810261791,2.4447935049055087,10,Thursday
76,2026-01-01 10:58:18.415497795,5.8710626378385955,10,Thursday
104,2026-01-01 11:00:18.221701846,6.06143778112245,11,Thursday
101,2026-01-01 11:00:33.109385819,10.493043189503972,11,Thursday
140,2026-01-01 11:00:55.643819503,5.072687241023079,11,Thursday
133,2026-01-01 11:01:27.537479153,7.3482397022286765,11,Thursday
97,2026-01-01 11:05:02.903873982,4.7726535775885885,11,Thursday
118,2026-01-01 11:05:37.229164181,2.062412035688271,11,Thursday
102,2026-01-01 11:06:05.297554317,6.75017124176835,11,Thursday
105,2026-01-01 11:09:38.908985102,2.2274617115747457,11,Thursday
98,2026-01-01 11:09:41.863370740,23.052848739231585,11,Thursday
135,2026-01-01 11:10:37.598445865,4.876098093282464,11,Thursday
130,2026-01-01 11:11:42.874756072,2.2329251210387238,11,Thursday
109,2026-01-01 11:13:27.369514058,10.089750236839574,11,Thursday
111,2026-01-01 11:14:14.096714988,3.5804661846645187,11,Thursday
121,2026-01-01 11:14:38.362716164,4.3170701330471735,11,Thursday
120,2026-01-01 11:15:54.728523654,0.4934801959368028,11,Thursday
132,2026-01-01 11:16:50.780504787,3.693267941395078,11,Thursday
146,2026-01-01 11:17:40.016011450,1.5792573271806865,11,Thursday
112,2026-01-01 11:19:31.438913373,3.480921887755996,11,Thursday
90,2026-01-01 11:20:20.507247775,1.9057311571535853,11,Thursday
91,2026-01-01 11:20:57.154468605,0.928593081478774,11,Thursday
119,2026-01-01 11:22:03.776891013,2.3546839436377818,11,Thursday
139,2026-01-01 11:22:12.571320919,3.889552213473711,11,Thursday
147,2026-01-01 11:23:06.351822966,2.8899171563665065,11,Thursday
123,2026-01-01 11:23:35.151808800,3.133034740910548,11,Thursday
142,2026-01-01 11:25:41.462933942,18.617785043499964,11,Thursday
129,2026-01-01 11:29:33.063697747,8.64675684769068,11,Thursday
127,2026-01-01 11:30:09.493535178,0.15487531050737272,11,Thursday
106,2026-01-01 11:32:55.441641719,1.737810421335476,11,Thursday
117,2026-01-01 11:34:05.910972007,11.036617381733835,11,Thursday
128,2026-01-01 11:34:36.853984654,0.1903174964139469,11,Thursday
100,2026-01-01 11:36:23.144614774,3.6524766249075187,11,Thursday
125,2026-01-01 11:37:52.099053590,1.6881533015726125,11,Thursday
96,2026-01-01 11:38:31.313926155,0.5111409867466145,11,Thursday
134,2026-01-01 11:38:43.700265265,1.2155900171495169,11,Thursday
114,2026-01-01 11:38:58.678436569,5.2485953744390015,11,Thursday
108,2026-01-01 11:39:07.060534209,8.306640995435144,11,Thursday
116,2026-01-01 11:39:27.406412281,7.943097374771025,11,Thursday
103,2026-01-01 11:39:48.606368789,5.970372126508366,11,Thursday
107,2026-01-01 11:41:30.822711693,8.286872536298562,11,Thursday
110,2026-01-01 11:42:43.845196851,12.223079809183181,11,Thursday
131,2026-01-01 11:43:20.827614941,0.6794452064871399,11,Thursday
92,2026-01-01 11:43:33.440443932,4.068684960301139,11,Thursday
113,2026-01-01 11:44:47.369058424,8.004749661542437,11,Thursday
95,2026-01-01 11:46:47.551965087,4.220561682178277,11,Thursday
126,2026-01-01 11:47:41.320692749,4.468162650730877,11,Thursday
115,2026-01-01 11:50:57.204277779,6.052753242557585,11,Thursday
148,2026-01-01 11:51:04.092017460,0.4085258429183495,11,Thursday
145,2026-01-01 11:51:10.834039682,7.928269898663432,11,Thursday
94,2026-01-01 11:53:13.511127354,5.954127988789686,11,Thursday
124,2026-01-01 11:53:31.367598637,3.9114729284356295,11,Thursday
93,2026-01-01 11:53:49.596935829,13.756467354035209,11,Thursday
99,2026-01-01 11:53:54.795078697,0.7546029332113208,11,Thursday
138,2026-01-01 11:54:53.511804793,3.789544703127605,11,Thursday
141,2026-01-01 11:55:41.946825315,6.4748028145834216,11,Thursday
136,2026-01-01 11:56:25.650903670,0.44605514494948645,11,Thursday
137,2026-01-01 11:57:14.142877209,0.265325479551547,11,Thursday
144,2026-01-01 11:57:49.031917521,1.950098570529894,11,Thursday
143,2026-01-01 11:57:59.957348557,3.631455596151781,11,Thursday
122,2026-01-01 11:58:22.837997108,0.18302052105428498,11,Thursday
165,2026-01-01 12:00:51.816559067,2.464942270300856,12,Thursday
204,2026-01-01 12:01:05.598572345,14.710822689816219,12,Thursday
210,2026-01-01 12:01:23.778968648,4.086802037807465,12,Thursday
189,2026-01-01 12:01:35.440717949,0.7715382727105968,12,Thursday
168,2026-01-01 12:02:26.623688348,0.4786280527423763,12,Thursday
180,2026-01-01 12:02:43.094435179,7.794155159243709,12,Thursday
167,2026-01-01 12:02:45.609511278,11.789536484812269,12,Thursday
202,2026-01-01 12:04:09.700683150,2.3152763023765623,12,Thursday
187,2026-01-01 12:04:14.047490641,2.1609580973394253,12,Thursday
207,2026-01-01 12:04:16.279134456,2.360104998095628,12,Thursday
205,2026-01-01 12:05:39.994658721,21.34386969800992,12,Thursday
172,2026-01-01 12:05:52.202978343,4.259986455276319,12,Thursday
203,2026-01-01 12:06:02.800804958,8.377877016413386,12,Thursday
166,2026-01-01 12:06:57.861505824,0.05448403307587739,12,Thursday
213,2026-01-01 12:07:05.393379437,0.5894010398594012,12,Thursday
151,2026-01-01 12:09:23.173353615,2.3262195598086635,12,Thursday
186,2026-01-01 12:09:46.563937493,10.933093321104007,12,Thursday
175,2026-01-01 12:10:23.526731676,1.7351138937309851,12,Thursday
150,2026-01-01 12:10:23.859552255,2.660396770763025,12,Thursday
220,2026-01-01 12:10:38.782357607,5.237841932034858,12,Thursday
201,2026-01-01 12:11:44.848085241,2.344187912761448,12,Thursday
162,2026-01-01 12:14:51.831562204,8.75666278761665,12,Thursday
152,2026-01-01 12:15:00.874433392,7.489772516717935,12,Thursday
156,2026-01-01 12:16:47.762029005,2.8017780472107985,12,Thursday
212,2026-01-01 12:16:54.677189184,11.841188377390452,12,Thursday
219,2026-01-01 12:16:55.324461256,0.6251311600372813,12,Thursday
208,2026-01-01 12:19:08.312269057,0.4359699684897863,12,Thursday
163,2026-01-01 12:21:21.501643144,1.9286771308225414,12,Thursday
181,2026-01-01 12:22:28.605412655,0.4781847327015972,12,Thursday
198,2026-01-01 12:23:09.969496082,0.4242437529015603,12,Thursday
193,2026-01-01 12:23:17.411734343,0.4392776083430254,12,Thursday
177,2026-01-01 12:23:54.617043830,5.581617899642532,12,Thursday
149,2026-01-01 12:24:32.230599891,23.28502445070115,12,Thursday
161,2026-01-01 12:25:10.560224740,3.5185374487837717,12,Thursday
176,2026-01-01 12:26:01.865937256,1.9924316727519487,12,Thursday
195,2026-01-01 12:27:29.710405769,0.37773044762898567,12,Thursday
174,2026-01-01 12:28:24.498374810,2.975073318114288,12,Thursday
171,2026-01-01 12:28:27.025784714,15.039747700519948,12,Thursday
173,2026-01-01 12:29:29.817150420,4.996150401952623,12,Thursday
183,2026-01-01 12:30:11.290530888,0.29640853224368896,12,Thursday
196,2026-01-01 12:32:44.220441537,8.625929269042906,12,Thursday
153,2026-01-01 12:32:57.215992942,2.0836683546537658,12,Thursday
159,2026-01-01 12:33:15.674589041,0.5441875940335901,12,Thursday
192,2026-01-01 12:34:31.707040353,0.5330435612269272,12,Thursday
190,2026-01-01 12:35:08.792092584,7.167152735395469,12,Thursday
160,2026-01-01 12:36:42.194686443,11.642228404338159,12,Thursday
178,2026-01-01 12:36:57.060352987,6.979189368315386,12,Thursday
182,2026-01-01 12:37:33.095696571,3.41024798286678,12,Thursday
215,2026-01-01 12:37:44.194248407,0.057092947162708345,12,Thursday
179,2026-01-01 12:38:06.337143123,7.840977081105743,12,Thursday
188,2026-01-01 12:38:32.709401542,0.6225298877622544,12,Thursday
194,2026-01-01 12:38:35.837586392,6.036042358265499,12,Thursday
185,2026-01-01 12:39:31.297073828,2.912776374936418,12,Thursday
155,2026-01-01 12:39:36.710556183,9.774195785831246,12,Thursday
206,2026-01-01 12:40:58.824384298,6.999496150581709,12,Thursday
214,2026-01-01 12:41:48.253795310,3.3925255468647713,12,Thursday
170,2026-01-01 12:42:13.168293768,14.984861915941428,12,Thursday
154,2026-01-01 12:42:52.545321720,13.350689621996633,12,Thursday
217,2026-01-01 12:44:06.255757693,0.2897521553296289,12,Thursday
158,2026-01-01 12:44:16.428900104,7.023164934275085,12,Thursday
221,2026-01-01 12:45:02.213105907,6.852988587982364,12,Thursday
164,2026-01-01 12:45:28.245997671,11.29395257272963,12,Thursday
218,2026-01-01 12:48:12.531349385,0.6324549796558561,12,Thursday
222,2026-01-01 12:48:24.605061362,4.377768886014342,12,Thursday
211,2026-01-01 12:48:52.086537320,2.7601656265248686,12,Thursday
209,2026-01-01 12:50:41.551119490,7.506212702273128,12,Thursday
169,2026-01-01 12:51:19.658102439,1.9232681669251943,12,Thursday
184,2026-01-01 12:51:23.363428277,3.9873065784769643,12,Thursday
216,2026-01-01 12:52:38.899248697,3.1617718479146313,12,Thursday
200,2026-01-01 12:54:19.262311041,21.57729281029046,12,Thursday
191,2026-01-01 12:56:24.828869129,4.814528398740175,12,Thursday
197,2026-01-01 12:56:29.273311595,6.124998765650025,12,Thursday
157,2026-01-01 12:57:17.515010387,6.948923582477305,12,Thursday
199,2026-01-01 12:57:40.286029766,0.44326933888903347,12,Thursday
227,2026-01-01 13:00:43.756108883,2.158436307575346,13,Thursday
272,2026-01-01 13:01:34.921108190,5.862287170062711,13,Thursday
314,2026-01-01 13:01:43.617634728,3.851291816474113,13,Thursday
229,2026-01-01 13:02:35.375683022,2.4899093378057535,13,Thursday
271,2026-01-01 13:02:42.787212382,3.500025923571652,13,Thursday
243,2026-01-01 13:02:43.606969229,3.0729348368534875,13,Thursday
285,2026-01-01 13:03:22.951787943,2.3139255501218488,13,Thursday
233,2026-01-01 13:04:25.667633047,3.6076251403616055,13,Thursday
254,2026-01-01 13:04:39.844693073,5.120420255379033,13,Thursday
303,2026-01-01 13:06:48.807331918,0.10137680375157257,13,Thursday
296,2026-01-01 13:07:44.973894545,3.7976475117653448,13,Thursday
313,2026-01-01 13:08:02.454822422,0.45466047258727926,13,Thursday
276,2026-01-01 13:09:01.500807972,0.4264771518816713,13,Thursday
262,2026-01-01 13:09:45.420981641,0.20863606358782652,13,Thursday
250,2026-01-01 13:11:17.236175005,0.6898760985620793,13,Thursday
225,2026-01-01 13:13:24.945018670,0.7330627561413933,13,Thursday
299,2026-01-01 13:13:43.114099812,3.80303399527645,13,Thursday
294,2026-01-01 13:14:50.453166275,11.278833771653067,13,Thursday
284,2026-01-01 13:16:24.265458950,1.1744951559076662,13,Thursday
249,2026-01-01 13:16:38.572258732,0.3944765248811752,13,Thursday
244,2026-01-01 13:16:51.467482532,19.56826548790296,13,Thursday
223,2026-01-01 13:17:08.563510614,6.088326738989382,13,Thursday
259,2026-01-01 13:18:34.299418630,5.506445418261903,13,Thursday
252,2026-01-01 13:21:12.068020893,0.8237995077833649,13,Thursday
302,2026-01-01 13:21:29.385784918,2.36832492401236,13,Thursday
273,2026-01-01 13:22:35.268120760,0.20052865050007712,13,Thursday
278,2026-01-01 13:22:51.207083871,12.68346773189464,13,Thursday
312,2026-01-01 13:24:12.538318364,3.450182109244426,13,Thursday
283,2026-01-01 13:24:53.350208415,1.0198981603090025,13,Thursday
268,2026-01-01 13:25:05.674930646,3.0881467168268957,13,Thursday
295,2026-01-01 13:27:01.958887116,3.583895561042004,13,Thursday
239,2026-01-01 13:27:16.347833163,0.7954093965741799,13,Thursday
247,2026-01-01 13:27:20.364310028,5.017431369788298,13,Thursday
251,2026-01-01 13:27:49.314257783,0.6850921203350356,13,Thursday
282,2026-01-01 13:28:07.295375261,6.896786201071542,13,Thursday
307,2026-01-01 13:31:12.588604003,0.6378155164239063,13,Thursday
305,2026-01-01 13:31:13.107723253,1.1877846781181494,13,Thursday
236,2026-01-01 13:31:23.152239012,4.865452376765427,13,Thursday
231,2026-01-01 13:31:39.723992710,11.725307614907209,13,Thursday
258,2026-01-01 13:32:09.946918838,3.211905708232968,13,Thursday
309,2026-01-01 13:33:06.864619588,4.501994069397799,13,Thursday
234,2026-01-01 13:33:13.875423844,7.654358688598508,13,Thursday
290,2026-01-01 13:33:19.554140169,6.8811447019492125,13,Thursday
310,2026-01-01 13:33:39.376697527,5.683164789465158,13,Thursday
253,2026-01-01 13:35:01.162002663,0.7473003303375827,13,Thursday
241,2026-01-01 13:35:03.531522923,3.387513904977653,13,Thursday
277,2026-01-01 13:35:38.870575267,10.340673492440454,13,Thursday
298,2026-01-01 13:36:22.228684023,2.9657162304177542,13,Thursday
267,2026-01-01 13:36:48.294705368,0.6427810674667627,13,Thursday
301,2026-01-01 13:37:05.261665648,1.5683730593927192,13,Thursday
248,2026-01-01 13:37:12.477352085,1.3731423385780148,13,Thursday
316,2026-01-01 13:37:13.114384872,6.841083244042046,13,Thursday
240,2026-01-01 13:37:39.209088302,13.058313815210393,13,Thursday
237,2026-01-01 13:37:45.835097286,9.915703218421534,13,Thursday
304,2026-01-01 13:40:17.663504134,1.9436238062806788,13,Thursday
300,2026-01-01 13:40:18.122463861,1.3884640163032667,13,Thursday
261,2026-01-01 13:41:05.032221193,1.0677549049754753,13,Thursday
238,2026-01-01 13:41:44.695280344,14.93095207687334,13,Thursday
257,2026-01-01 13:41:53.382170471,11.354870625641789,13,Thursday
266,2026-01-01 13:43:32.590230198,0.46442953930183783,13,Thursday
315,2026-01-01 13:45:18.494120425,4.419615289356868,13,Thursday
291,2026-01-01 13:46:08.354694649,0.18686476160739232,13,Thursday
306,2026-01-01 13:46:20.346210248,1.9837461511599133,13,Thursday
274,2026-01-01 13:48:37.991990814,8.032471219130597,13,Thursday
287,2026-01-01 13:48:46.443632868,4.81500917029276,13,Thursday
260,2026-01-01 13:48:49.662070945,0.9456425855660824,13,Thursday
264,2026-01-01 13:49:21.134074523,1.6327405931557277,13,Thursday
281,2026-01-01 13:50:17.983336960,8.204675916133212,13,Thursday
280,2026-01-01 13:50:31.628123288,1.6208842156432541,13,Thursday
293,2026-01-01 13:50:58.730606438,6.247459374780129,13,Thursday
308,2026-01-01 13:51:07.853401146,11.060399499715123,13,Thursday
286,2026-01-01 13:51:53.000554518,3.3133128233430718,13,Thursday
270,2026-01-01 13:51:57.830002201,2.2649055775545928,13,Thursday
224,2026-01-01 13:52:06.956861482,1.1974074674672173,13,Thursday
311,2026-01-01 13:52:35.952969570,7.783545161888956,13,Thursday
246,2026-01-01 13:53:24.949622007,1.9930801605024988,13,Thursday
230,2026-01-01 13:53:28.115209313,2.876597814142156,13,Thursday
242,2026-01-01 13:54:04.168837767,1.4936772717569788,13,Thursday
263,2026-01-01 13:54:39.337864177,0.9252367203279044,13,Thursday
269,2026-01-01 13:55:57.822540074,1.155461031725483,13,Thursday
292,2026-01-01 13:56:41.156627576,1.454683109411986,13,Thursday
265,2026-01-01 13:56:59.279687850,0.9740590874155397,13,Thursday
245,2026-01-01 13:57:01.481342675,3.392456463336799,13,Thursday
297,2026-01-01 13:57:14.583698131,0.5668066927033169,13,Thursday
226,2026-01-01 13:57:47.601141986,0.07325738132834392,13,Thursday
235,2026-01-01 13:58:09.489128228,2.525400656495899,13,Thursday
228,2026-01-01 13:58:11.563776147,4.456986878324723,13,Thursday
279,2026-01-01 13:58:11.691832132,0.31511413780081704,13,Thursday
255,2026-01-01 13:58:27.821307598,1.0037317851724081,13,Thursday
256,2026-01-01 13:59:10.358680126,2.120696578974026,13,Thursday
275,2026-01-01 13:59:14.194065533,4.942968451836482,13,Thursday
232,2026-01-01 13:59:34.673266029,2.1405130721255587,13,Thursday
289,2026-01-01 13:59:47.892613466,3.104455546104588,13,Thursday
288,2026-01-01 13:59:58.983623830,2.301562815001756,13,Thursday
362,2026-01-01 14:03:06.564732560,7.769950068480361,14,Thursday
365,2026-01-01 14:03:48.149893701,1.4283480927441896,14,Thursday
333,2026-01-01 14:04:48.841484381,0.8972232827997535,14,Thursday
325,2026-01-01 14:06:06.416901433,0.34405158736248437,14,Thursday
337,2026-01-01 14:06:43.340047804,2.2223070083903407,14,Thursday
355,2026-01-01 14:06:53.412569061,4.940384644674131,14,Thursday
364,2026-01-01 14:08:03.892836980,1.8678127569790024,14,Thursday
326,2026-01-01 14:09:10.292901063,6.756965765943111,14,Thursday
359,2026-01-01 14:09:15.705774987,4.838877537814262,14,Thursday
328,2026-01-01 14:09:38.452943734,9.22038570660739,14,Thursday
343,2026-01-01 14:10:15.195314604,3.1058052994980128,14,Thursday
331,2026-01-01 14:10:24.144943061,1.1258988653351147,14,Thursday
329,2026-01-01 14:11:11.641286584,0.752791232070963,14,Thursday
350,2026-01-01 14:11:13.357494807,3.9214119108888172,14,Thursday
324,2026-01-01 14:14:14.016450249,0.9997790485039884,14,Thursday
354,2026-01-01 14:14:32.675036694,14.053083419661046,14,Thursday
327,2026-01-01 14:14:45.447822184,4.272135720993349,14,Thursday
369,2026-01-01 14:15:16.706357149,7.187068579298894,14,Thursday
342,2026-01-01 14:15:28.450177361,2.3655978290886854,14,Thursday
348,2026-01-01 14:16:47.924737177,11.491699247752917,14,Thursday
317,2026-01-01 14:17:01.593260875,2.145216508519874,14,Thursday
330,2026-01-01 14:17:06.342607297,7.930250555159341,14,Thursday
357,2026-01-01 14:17:19.069991664,0.749884103082129,14,Thursday
367,2026-01-01 14:19:20.473841909,0.17053769928918966,14,Thursday
351,2026-01-01 14:19:25.245251055,11.847478043548133,14,Thursday
363,2026-01-01 14:20:11.775401498,0.8224566006317044,14,Thursday
321,2026-01-01 14:21:21.948213232,0.6636427091805277,14,Thursday
318,2026-01-01 14:21:47.096267035,13.262780241103904,14,Thursday
338,2026-01-01 14:23:52.280156564,10.486013336471663,14,Thursday
335,2026-01-01 14:24:37.428577162,5.4710681950798445,14,Thursday
374,2026-01-01 14:24:42.627290930,9.368719786058438,14,Thursday
352,2026-01-01 14:25:31.571179019,4.893996519286653,14,Thursday
373,2026-01-01 14:28:17.674278780,0.5862194254938867,14,Thursday
360,2026-01-01 14:28:52.104366677,3.812069290245141,14,Thursday
353,2026-01-01 14:30:27.397363264,0.6215730792888987,14,Thursday
334,2026-01-01 14:31:28.241002452,8.425516412820043,14,Thursday
361,2026-01-01 14:31:57.321957185,11.216516652682227,14,Thursday
346,2026-01-01 14:33:24.346414850,3.49301407847798,14,Thursday
320,2026-01-01 14:34:14.801896808,16.76588194707846,14,Thursday
347,2026-01-01 14:34:17.805682091,1.3212126549853263,14,Thursday
358,2026-01-01 14:34:52.457597121,7.9000069784013345,14,Thursday
372,2026-01-01 14:35:44.299466188,8.609039817705016,14,Thursday
323,2026-01-01 14:36:20.789349684,13.930636326306203,14,Thursday
356,2026-01-01 14:36:38.232152789,2.039131577756547,14,Thursday
319,2026-01-01 14:38:45.302068793,8.87803535570899,14,Thursday
344,2026-01-01 14:40:07.115591727,1.7932263771532102,14,Thursday
370,2026-01-01 14:40:53.409800006,10.46833672192969,14,Thursday
371,2026-01-01 14:45:36.820295602,2.0933729677254638,14,Thursday
349,2026-01-01 14:46:10.174559490,2.4216587117935564,14,Thursday
368,2026-01-01 14:48:35.548005076,4.218567781930715,14,Thursday
341,2026-01-01 14:49:01.459455417,2.891374405569402,14,Thursday
340,2026-01-01 14:51:55.825653218,8.480413314240348,14,Thursday
332,2026-01-01 14:53:48.355528655,0.89357599482759,14,Thursday
345,2026-01-01 14:55:45.753560859,6.883886564684697,14,Thursday
339,2026-01-01 14:58:10.093559791,2.491563748487225,14,Thursday
336,2026-01-01 14:58:56.563020870,3.701879781730222,14,Thursday
322,2026-01-01 14:59:11.454895654,6.562756817302537,14,Thursday
366,2026-01-01 14:59:23.856836603,6.811840309342058,14,Thursday
395,2026-01-01 15:01:05.196661755,2.1305324297924764,15,Thursday
376,2026-01-01 15:08:59.702738455,2.9968214815180882,15,Thursday
402,2026-01-01 15:09:09.140554491,3.4494402140140883,15,Thursday
391,2026-01-01 15:09:12.065051217,2.5388904742733907,15,Thursday
385,2026-01-01 15:10:53.751780485,2.545824217045068,15,Thursday
377,2026-01-01 15:13:45.305022837,0.6008935227589209,15,Thursday
383,2026-01-01 15:15:06.476612065,3.657756929843246,15,Thursday
384,2026-01-01 15:20:44.505576614,4.473568934145375,15,Thursday
388,2026-01-01 15:24:03.065100349,8.119039555330893,15,Thursday
405,2026-01-01 15:25:26.870416688,2.2501729151986414,15,Thursday
389,2026-01-01 15:27:43.220893118,0.023213920331714426,15,Thursday
393,2026-01-01 15:30:21.199243984,12.619627380765209,15,Thursday
382,2026-01-01 15:32:33.807996051,10.197119656134317,15,Thursday
398,2026-01-01 15:33:54.479460921,1.2719123685136269,15,Thursday
403,2026-01-01 15:34:34.638096600,2.714381081280035,15,Thursday
387,2026-01-01 15:35:00.210461158,2.0413244315037056,15,Thursday
392,2026-01-01 15:35:10.427395260,3.854415120619409,15,Thursday
404,2026-01-01 15:36:24.174166978,12.316463676264064,15,Thursday
394,2026-01-01 15:36:41.235247564,2.1258855544539506,15,Thursday
380,2026-01-01 15:38:28.131478387,0.665729798585317,15,Thursday
381,2026-01-01 15:41:38.214400081,12.68153970481638,15,Thursday
399,2026-01-01 15:41:47.942965956,3.0114117528807753,15,Thursday
401,2026-01-01 15:42:26.059083528,0.9702725160404837,15,Thursday
379,2026-01-01 15:43:12.131531565,9.128590554092215,15,Thursday
378,2026-01-01 15:43:20.109246215,20.945869945603533,15,Thursday
406,2026-01-01 15:44:11.199248249,4.34451191892636,15,Thursday
375,2026-01-01 15:47:50.263316806,12.989381065270587,15,Thursday
396,2026-01-01 15:52:19.646072198,6.687544758327828,15,Thursday
386,2026-01-01 15:54:30.422020801,0.28159074621646896,15,Thursday
400,2026-01-01 15:55:20.997772238,0.7590996096569352,15,Thursday
397,2026-01-01 15:55:55.625816941,3.009388867461697,15,Thursday
407,2026-01-01 15:56:03.721253168,5.00195386258924,15,Thursday
390,2026-01-01 15:56:50.220022602,2.0285694829508434,15,Thursday
418,2026-01-01 16:02:11.578804253,1.254964869333525,16,Thursday
421,2026-01-01 16:03:56.551101942,0.09953690646069702,16,Thursday
412,2026-01-01 16:04:01.475318598,2.6274478380362316,16,Thursday
408,2026-01-01 16:05:07.258805083,14.604558546323428,16,Thursday
428,2026-01-01 16:09:18.864885350,1.3930975820572364,16,Thursday
429,2026-01-01 16:10:54.941269782,6.405474065485159,16,Thursday
417,2026-01-01 16:11:26.475794389,0.13734928942220048,16,Thursday
416,2026-01-01 16:12:18.502705735,5.378248911587678,16,Thursday
414,2026-01-01 16:12:35.660135144,0.848918016497553,16,Thursday
426,2026-01-01 16:24:02.747019151,1.3602431110449762,16,Thursday
425,2026-01-01 16:26:26.745888977,5.2884954446028845,16,Thursday
423,2026-01-01 16:27:11.839805092,8.045092136481207,16,Thursday
419,2026-01-01 16:28:19.441002395,1.313807894754655,16,Thursday
410,2026-01-01 16:30:07.902037192,1.57865682846333,16,Thursday
424,2026-01-01 16:31:27.804969579,0.9833885472589267,16,Thursday
427,2026-01-01 16:33:34.705192709,0.5237001674243567,16,Thursday
420,2026-01-01 16:33:53.428079745,5.572073614139259,16,Thursday
411,2026-01-01 16:35:43.386062352,5.1641163254722855,16,Thursday
413,2026-01-01 16:44:59.857693437,0.12857074366323515,16,Thursday
422,2026-01-01 16:46:31.899420102,0.549680293006864,16,Thursday
430,2026-01-01 16:51:42.428235648,9.679181687269647,16,Thursday
415,2026-01-01 16:53:52.995441986,6.293416299265227,16,Thursday
409,2026-01-01 16:59:48.747306645,2.3365109373756927,16,Thursday
435,2026-01-02 08:00:46.806924638,8.043572269649502,8,Friday
438,2026-01-02 08:01:35.515933945,1.5645027388824335,8,Friday
436,2026-01-02 08:05:07.830711076,2.7687830962930366,8,Friday
439,2026-01-02 08:10:53.167566323,3.900438778398981,8,Friday
432,2026-01-02 08:12:17.943463496,10.142524638596619,8,Friday
437,2026-01-02 08:12:28.390518525,0.11362794738770057,8,Friday
445,2026-01-02 08:15:33.924360352,3.7294727348604346,8,Friday
448,2026-01-02 08:16:05.029106962,0.09280943705383003,8,Friday
433,2026-01-02 08:17:35.331828939,3.3416016483095823,8,Friday
453,2026-01-02 08:17:40.076734350,4.039177577034926,8,Friday
444,2026-01-02 08:20:30.542466112,20.80312081593617,8,Friday
446,2026-01-02 08:22:46.892669402,0.9417743183003696,8,Friday
450,2026-01-02 08:24:33.881947888,0.626405219231015,8,Friday
441,2026-01-02 08:25:17.128382132,1.4912733996446945,8,Friday
452,2026-01-02 08:26:10.055504887,1.6014066430139646,8,Friday
451,2026-01-02 08:33:07.369851067,4.296203344340779,8,Friday
440,2026-01-02 08:34:58.949619490,5.018486659672682,8,Friday
447,2026-01-02 08:35:25.061793053,1.5893823586446643,8,Friday
449,2026-01-02 08:37:26.936068256,12.284442638467786,8,Friday
431,2026-01-02 08:40:05.106491654,0.7547724906151043,8,Friday
455,2026-01-02 08:45:48.980858975,8.8521959621118,8,Friday
443,2026-01-02 08:49:02.796822258,9.006935435811958,8,Friday
442,2026-01-02 08:53:33.618159877,0.7503720941535776,8,Friday
434,2026-01-02 08:53:46.808946676,11.247697451448717,8,Friday
454,2026-01-02 08:56:54.431905063,5.269443169930135,8,Friday
467,2026-01-02 09:02:49.077480390,2.034159389690502,9,Friday
470,2026-01-02 09:04:58.075204530,0.39055252896123505,9,Friday
456,2026-01-02 09:08:12.788268247,3.2317989334513086,9,Friday
468,2026-01-02 09:09:58.620127521,7.368249795733673,9,Friday
462,2026-01-02 09:10:31.336603044,1.5208465100279396,9,Friday
472,2026-01-02 09:14:43.256794852,3.420851133315343,9,Friday
474,2026-01-02 09:17:19.297452374,2.8531199956442865,9,Friday
477,2026-01-02 09:17:49.638176243,8.03260781980095,9,Friday
475,2026-01-02 09:21:20.421779273,1.414481268792658,9,Friday
465,2026-01-02 09:22:59.298701698,3.4295297801309443,9,Friday
473,2026-01-02 09:23:21.464210551,5.830213278665704,9,Friday
464,2026-01-02 09:25:07.573889611,0.2639763904988734,9,Friday
466,2026-01-02 09:31:08.103739018,4.542144199937801,9,Friday
478,2026-01-02 09:33:59.056705068,5.932244098545607,9,Friday
459,2026-01-02 09:35:50.687167813,6.594526356275214,9,Friday
460,2026-01-02 09:36:01.860697561,1.2099780662202366,9,Friday
471,2026-01-02 09:36:11.347594078,6.513237051081964,9,Friday
461,2026-01-02 09:39:54.132028366,0.15839839412128923,9,Friday
476,2026-01-02 09:43:08.565258663,8.54911849285598,9,Friday
469,2026-01-02 09:44:16.921019134,0.56359457382339,9,Friday
458,2026-01-02 09:52:26.004279225,13.809608237564845,9,Friday
457,2026-01-02 09:54:00.067110653,5.448329615463392,9,Friday
463,2026-01-02 09:54:51.883005329,4.520303259365487,9,Friday
504,2026-01-02 10:02:02.205522908,10.385288833020851,10,Friday
498,2026-01-02 10:02:21.936520926,10.856808293621349,10,Friday
480,2026-01-02 10:05:29.695463975,9.904053533676791,10,Friday
482,2026-01-02 10:08:12.547071308,1.9217026075976718,10,Friday
501,2026-01-02 10:10:50.071242458,0.12351706872077611,10,Friday
485,2026-01-02 10:11:06.478543819,4.535043201439034,10,Friday
495,2026-01-02 10:13:16.353990550,7.820486666689938,10,Friday
493,2026-01-02 10:14:58.804831893,1.893801907088391,10,Friday
506,2026-01-02 10:17:50.456426541,13.989959213963314,10,Friday
479,2026-01-02 10:21:39.506028984,3.2143070259922912,10,Friday
484,2026-01-02 10:26:45.620782648,0.18854897634454862,10,Friday
494,2026-01-02 10:29:21.929869115,3.8771175720002478,10,Friday
486,2026-01-02 10:32:30.843410562,1.3068812059864285,10,Friday
502,2026-01-02 10:34:04.602829989,10.204908431870907,10,Friday
490,2026-01-02 10:39:31.620120158,2.0766300653428353,10,Friday
491,2026-01-02 10:41:32.195632264,6.450682186101888,10,Friday
505,2026-01-02 10:41:50.712962088,3.763818602347772,10,Friday
499,2026-01-02 10:42:20.070621056,4.783782545360431,10,Friday
488,2026-01-02 10:43:56.009591074,0.40037671652191376,10,Friday
489,2026-01-02 10:48:23.620132301,5.958389748441185,10,Friday
492,2026-01-02 10:50:57.104345635,0.33794967744737164,10,Friday
487,2026-01-02 10:52:22.605009155,0.6423888373582203,10,Friday
503,2026-01-02 10:54:55.757871316,0.10749432080130657,10,Friday
481,2026-01-02 10:55:02.328871664,9.307136366495394,10,Friday
507,2026-01-02 10:55:27.826303355,8.016862615115626,10,Friday
500,2026-01-02 10:55:30.893942696,1.3260782148292474,10,Friday
497,2026-01-02 10:56:38.613622871,4.916045432010813,10,Friday
509,2026-01-02 10:56:39.359360808,2.1593930842414184,10,Friday
483,2026-01-02 10:57:00.854473754,8.827987706973266,10,Friday
508,2026-01-02 10:58:15.809682595,30.91097205423663,10,Friday
496,2026-01-02 10:59:15.604828787,1.9191480352007948,10,Friday
525,2026-01-02 11:01:04.346165040,2.625072499551324,11,Friday
524,2026-01-02 11:02:31.535482690,0.45502448376175403,11,Friday
552,2026-01-02 11:03:28.233635628,4.819682095110941,11,Friday
533,2026-01-02 11:05:21.879608324,0.3959242009745616,11,Friday
519,2026-01-02 11:06:37.706807273,15.578381763766396,11,Friday
561,2026-01-02 11:09:14.025262823,6.803294015803708,11,Friday
539,2026-01-02 11:10:01.322205931,2.137090669726076,11,Friday
557,2026-01-02 11:10:26.022897190,0.1484175577151101,11,Friday
547,2026-01-02 11:10:35.500915219,10.09810319110265,11,Friday
549,2026-01-02 11:11:11.177743719,9.070434253104661,11,Friday
530,2026-01-02 11:13:05.713996314,0.4225972361777927,11,Friday
548,2026-01-02 11:13:13.750352652,6.161226604546554,11,Friday
563,2026-01-02 11:13:27.986058611,8.517837110792861,11,Friday
546,2026-01-02 11:13:50.411322183,9.505028592708033,11,Friday
541,2026-01-02 11:13:54.018124980,4.170466705174868,11,Friday
523,2026-01-02 11:14:00.987903779,4.002073907849494,11,Friday
518,2026-01-02 11:14:19.597724765,10.979790492400168,11,Friday
521,2026-01-02 11:17:14.060369954,8.290937348668061,11,Friday
522,2026-01-02 11:17:46.709233641,5.3245625059931,11,Friday
551,2026-01-02 11:21:00.450933000,5.6993714586443245,11,Friday
520,2026-01-02 11:21:16.639767506,9.907133922374811,11,Friday
528,2026-01-02 11:23:03.575929774,6.426277899985342,11,Friday
558,2026-01-02 11:23:46.471268049,8.738236881376569,11,Friday
534,2026-01-02 11:25:03.290792825,9.525993115221024,11,Friday
515,2026-01-02 11:25:03.960415802,10.496624056457119,11,Friday
516,2026-01-02 11:25:16.885208197,1.5435074883350777,11,Friday
527,2026-01-02 11:25:39.983281449,1.5038621173814224,11,Friday
537,2026-01-02 11:28:02.645440499,4.487440382940374,11,Friday
510,2026-01-02 11:28:47.552233094,1.2668387698482153,11,Friday
545,2026-01-02 11:30:45.678639659,5.37133284692438,11,Friday
544,2026-01-02 11:36:27.852461563,7.983250668763663,11,Friday
538,2026-01-02 11:36:48.281001158,8.705739564722384,11,Friday
511,2026-01-02 11:37:39.019667586,3.849864921454185,11,Friday
543,2026-01-02 11:38:58.727936372,10.544557177201792,11,Friday
529,2026-01-02 11:40:46.730217695,3.424662419588268,11,Friday
560,2026-01-02 11:41:45.674224993,2.040734912546543,11,Friday
517,2026-01-02 11:44:15.296285720,0.6935233048470015,11,Friday
559,2026-01-02 11:45:29.658512534,0.6898195370187782,11,Friday
514,2026-01-02 11:46:05.784289912,0.4797295148550687,11,Friday
550,2026-01-02 11:46:46.504104840,5.977898321859919,11,Friday
532,2026-01-02 11:47:10.842051895,5.748350637986245,11,Friday
562,2026-01-02 11:48:56.999249966,0.8762921736478159,11,Friday
512,2026-01-02 11:52:25.237611070,4.493972620934595,11,Friday
535,2026-01-02 11:52:44.825907223,3.417435221560392,11,Friday
554,2026-01-02 11:53:01.629185868,0.8634708773063949,11,Friday
555,2026-01-02 11:55:39.908219502,10.637731590260767,11,Friday
542,2026-01-02 11:56:33.834386886,1.5532407280053537,11,Friday
536,2026-01-02 11:56:41.035280249,3.2752756871779547,11,Friday
531,2026-01-02 11:56:59.860262220,1.2434813059020824,11,Friday
553,2026-01-02 11:58:08.769468506,6.9861019581303205,11,Friday
513,2026-01-02 11:59:02.700489117,4.338529227647337,11,Friday
526,2026-01-02 11:59:15.800603049,2.331560393153081,11,Friday
540,2026-01-02 11:59:28.207054093,5.666269489614255,11,Friday
556,2026-01-02 11:59:41.668161527,10.272516610714677,11,Friday
564,2026-01-02 12:00:22.989138180,7.368460219450181,12,Friday
598,2026-01-02 12:01:19.644785504,1.385656413923591,12,Friday
597,2026-01-02 12:01:28.512899251,0.5542677540477307,12,Friday
629,2026-01-02 12:01:52.082698384,8.090579362983629,12,Friday
590,2026-01-02 12:02:44.671321725,4.581710517459567,12,Friday
586,2026-01-02 12:04:02.462165287,0.05844293025465451,12,Friday
583,2026-01-02 12:04:04.213412778,7.986536450159809,12,Friday
612,2026-01-02 12:04:56.571764217,2.528554267677974,12,Friday
580,2026-01-02 12:06:09.035020766,0.33181525396729833,12,Friday
573,2026-01-02 12:06:25.130299777,3.284291801348973,12,Friday
595,2026-01-02 12:07:48.310464470,0.20212508198851578,12,Friday
617,2026-01-02 12:09:03.808410411,1.116656871289236,12,Friday
608,2026-01-02 12:09:49.045756290,0.45984458552025365,12,Friday
635,2026-01-02 12:11:07.891856531,8.499488048327594,12,Friday
628,2026-01-02 12:12:47.176934490,6.260337364360131,12,Friday
611,2026-01-02 12:13:14.770606039,0.40918844804043625,12,Friday
627,2026-01-02 12:13:47.836581207,10.238517762273805,12,Friday
569,2026-01-02 12:15:35.292891830,0.16533456674992855,12,Friday
615,2026-01-02 12:16:23.734297193,5.84729281579217,12,Friday
604,2026-01-02 12:16:25.055998613,4.100912120190553,12,Friday
623,2026-01-02 12:16:27.174728455,13.760970272244544,12,Friday
565,2026-01-02 12:17:13.337279429,9.314663054072945,12,Friday
584,2026-01-02 12:18:03.468841008,1.8579419859009692,12,Friday
599,2026-01-02 12:19:24.996788938,21.585913276147167,12,Friday
577,2026-01-02 12:20:30.739797739,2.8132785996209515,12,Friday
588,2026-01-02 12:20:45.179005030,2.4919624854285862,12,Friday
631,2026-01-02 12:22:06.694837405,8.432272846739616,12,Friday
622,2026-01-02 12:23:51.339832666,0.16047873368016055,12,Friday
625,2026-01-02 12:24:33.602422734,3.89675444047811,12,Friday
620,2026-01-02 12:25:11.018340934,5.058920573520652,12,Friday
606,2026-01-02 12:25:34.252688049,1.9760491799893007,12,Friday
618,2026-01-02 12:25:56.405283753,0.9165056756753848,12,Friday
603,2026-01-02 12:26:45.249742956,6.0611165742886906,12,Friday
607,2026-01-02 12:27:04.993287586,3.6460654678634166,12,Friday
633,2026-01-02 12:28:23.555664089,11.26025159392608,12,Friday
600,2026-01-02 12:29:19.115485456,0.7686445108652931,12,Friday
571,2026-01-02 12:32:23.947366977,4.794038447153901,12,Friday
575,2026-01-02 12:32:28.559683233,0.6687187455816921,12,Friday
587,2026-01-02 12:34:55.813656634,0.3760261115334893,12,Friday
566,2026-01-02 12:37:00.936906152,7.156960563018635,12,Friday
589,2026-01-02 12:37:15.295863962,3.2690442439000633,12,Friday
568,2026-01-02 12:37:54.528697260,0.7034699296379123,12,Friday
578,2026-01-02 12:37:57.438815282,1.1189983744581806,12,Friday
570,2026-01-02 12:38:02.420531158,12.681916509071321,12,Friday
621,2026-01-02 12:38:18.693411590,6.1289746975579975,12,Friday
630,2026-01-02 12:39:06.000571353,2.073413745732168,12,Friday
614,2026-01-02 12:39:16.240371412,4.191337019590604,12,Friday
613,2026-01-02 12:40:49.797487468,0.7119425296233068,12,Friday
602,2026-01-02 12:40:59.863355783,4.813712174806433,12,Friday
582,2026-01-02 12:41:16.388600282,1.5666639830622868,12,Friday
610,2026-01-02 12:41:37.256012813,0.16883422852762026,12,Friday
585,2026-01-02 12:42:29.419519123,3.0368675459765626,12,Friday
594,2026-01-02 12:44:58.746594274,7.567253193487854,12,Friday
596,2026-01-02 12:45:29.747505344,3.2745092075105413,12,Friday
574,2026-01-02 12:45:39.700449007,0.6238958208700401,12,Friday
601,2026-01-02 12:46:13.466704108,3.4546297810450373,12,Friday
637,2026-01-02 12:46:35.748670050,5.158195008600444,12,Friday
572,2026-01-02 12:46:47.443422544,7.961362694658197,12,Friday
609,2026-01-02 12:47:41.314375499,2.158739455418413,12,Friday
632,2026-01-02 12:51:51.689699422,0.4175322487908133,12,Friday
636,2026-01-02 12:52:07.043404640,3.010304859675232,12,Friday
591,2026-01-02 12:52:17.532502148,1.7241735753722909,12,Friday
626,2026-01-02 12:53:38.757133244,6.173200020306195,12,Friday
579,2026-01-02 12:55:55.301179836,3.382380067046655,12,Friday
581,2026-01-02 12:56:14.022554051,4.361027161624753,12,Friday
619,2026-01-02 12:56:37.017312603,0.5522440864253784,12,Friday
616,2026-01-02 12:57:03.108824101,8.061878595553797,12,Friday
576,2026-01-02 12:57:46.771213892,5.784894074723557,12,Friday
634,2026-01-02 12:58:05.496340492,3.9658584143946474,12,Friday
593,2026-01-02 12:58:07.960279028,9.834937522015512,12,Friday
592,2026-01-02 12:58:24.560289038,5.9369205719459295,12,Friday
567,2026-01-02 12:58:52.270240898,4.920443752117819,12,Friday
624,2026-01-02 12:59:02.319532655,0.26685242839504014,12,Friday
605,2026-01-02 12:59:49.648200567,0.04909447692281613,12,Friday
659,2026-01-02 13:01:50.349007940,1.5718390286405395,13,Friday
669,2026-01-02 13:02:24.393089084,0.21230866500525847,13,Friday
639,2026-01-02 13:03:37.267502366,0.9301897005229697,13,Friday
658,2026-01-02 13:04:19.914272325,0.5934651069514228,13,Friday
638,2026-01-02 13:04:53.867935310,0.38168861277968535,13,Friday
707,2026-01-02 13:07:51.145178586,2.5032578244792942,13,Friday
685,2026-01-02 13:07:53.643666458,1.1273152721830517,13,Friday
641,2026-01-02 13:09:34.360848407,2.054925399025833,13,Friday
700,2026-01-02 13:09:48.685941306,4.226945460345029,13,Friday
688,2026-01-02 13:10:46.859191932,0.49303196860893483,13,Friday
691,2026-01-02 13:10:51.517029754,10.130158110967582,13,Friday
646,2026-01-02 13:10:55.624496479,6.134113034796725,13,Friday
656,2026-01-02 13:11:58.352823344,10.135053132645012,13,Friday
681,2026-01-02 13:12:38.383880420,0.7520872710472859,13,Friday
643,2026-01-02 13:13:09.170354488,2.818385953427962,13,Friday
652,2026-01-02 13:13:42.437068792,3.2182708481764637,13,Friday
710,2026-01-02 13:14:09.781668047,5.362461592329283,13,Friday
689,2026-01-02 13:14:15.155969725,5.582895419522681,13,Friday
640,2026-01-02 13:14:49.571642436,3.6674917271479073,13,Friday
694,2026-01-02 13:14:50.031867851,9.104354307988228,13,Friday
660,2026-01-02 13:15:27.658398640,0.29390553364981353,13,Friday
703,2026-01-02 13:15:29.280357724,5.848287680055751,13,Friday
678,2026-01-02 13:16:36.580070046,3.624180343488855,13,Friday
705,2026-01-02 13:19:30.684231208,1.2146599900901198,13,Friday
645,2026-01-02 13:20:12.824850375,4.800494582867339,13,Friday
666,2026-01-02 13:20:45.365973169,13.581043269379974,13,Friday
698,2026-01-02 13:21:33.240129839,4.8096742777547075,13,Friday
667,2026-01-02 13:22:15.739546744,1.900128055283935,13,Friday
701,2026-01-02 13:23:27.893531946,0.15429158866952597,13,Friday
677,2026-01-02 13:25:18.195336744,3.0324613454600473,13,Friday
665,2026-01-02 13:25:31.776004013,3.0092162415096544,13,Friday
672,2026-01-02 13:26:19.015509082,16.779021539099546,13,Friday
696,2026-01-02 13:26:43.098918009,5.74818117492311,13,Friday
709,2026-01-02 13:27:13.642348981,0.5635653439134802,13,Friday
661,2026-01-02 13:27:45.442644261,3.7875702141697194,13,Friday
674,2026-01-02 13:29:12.008189128,15.163203993394077,13,Friday
693,2026-01-02 13:29:32.200283212,5.898449381901769,13,Friday
649,2026-01-02 13:29:53.504579231,0.18680364004741368,13,Friday
697,2026-01-02 13:30:53.342474146,3.437563063057698,13,Friday
650,2026-01-02 13:33:19.308783375,6.66665060394917,13,Friday
671,2026-01-02 13:34:43.231470860,21.573755422666892,13,Friday
679,2026-01-02 13:35:32.461182936,3.3554274975442997,13,Friday
699,2026-01-02 13:35:34.623065165,10.159164546839555,13,Friday
682,2026-01-02 13:37:22.679700828,0.15215990459985634,13,Friday
683,2026-01-02 13:37:53.616792333,1.8403404400689043,13,Friday
655,2026-01-02 13:39:01.172470848,4.401655068179608,13,Friday
704,2026-01-02 13:39:24.251992348,5.642987719397445,13,Friday
648,2026-01-02 13:39:31.347991803,0.9173263506538034,13,Friday
657,2026-01-02 13:40:48.821672752,1.1523592518528678,13,Friday
686,2026-01-02 13:42:56.969872855,5.595592046659895,13,Friday
651,2026-01-02 13:43:09.126401780,5.450312625735495,13,Friday
673,2026-01-02 13:43:30.927577494,0.024761114869138078,13,Friday
663,2026-01-02 13:43:37.808651158,0.20069208204691116,13,Friday
684,2026-01-02 13:43:59.206880695,6.098491737704197,13,Friday
664,2026-01-02 13:44:33.743476319,0.6511693999155838,13,Friday
706,2026-01-02 13:46:24.503252471,5.377684968340444,13,Friday
647,2026-01-02 13:47:22.914625712,0.9138597384292341,13,Friday
692,2026-01-02 13:51:15.786336130,0.974905495293219,13,Friday
670,2026-01-02 13:52:01.313386040,0.8028582566820947,13,Friday
662,2026-01-02 13:52:05.781019470,13.791906027009833,13,Friday
695,2026-01-02 13:52:14.699644581,14.467161936901364,13,Friday
642,2026-01-02 13:52:18.420839731,8.827049420610788,13,Friday
675,2026-01-02 13:52:24.323657093,5.096048067842505,13,Friday
676,2026-01-02 13:54:02.526710440,10.121672834882553,13,Friday
687,2026-01-02 13:54:32.517074396,17.51815195114605,13,Friday
680,2026-01-02 13:54:44.508044220,5.496026185327917,13,Friday
702,2026-01-02 13:58:09.884360407,13.364527536495865,13,Friday
708,2026-01-02 13:58:11.355762282,5.266755678436183,13,Friday
690,2026-01-02 13:58:17.022338549,2.9326891987858676,13,Friday
654,2026-01-02 13:58:29.255383728,8.190991605846756,13,Friday
644,2026-01-02 13:58:33.114920948,1.4298461848792552,13,Friday
668,2026-01-02 13:59:15.538429449,3.5386125188567257,13,Friday
653,2026-01-02 13:59:46.802097804,9.294962453380752,13,Friday
724,2026-01-02 14:00:20.731177793,10.779732650770166,14,Friday
756,2026-01-02 14:00:27.226349921,0.7334580630766365,14,Friday
754,2026-01-02 14:01:05.637297634,3.4335085749595793,14,Friday
743,2026-01-02 14:01:32.311436903,6.675606523742664,14,Friday
761,2026-01-02 14:03:36.962605042,5.895362876599073,14,Friday
734,2026-01-02 14:04:23.505325566,1.606580613670829,14,Friday
764,2026-01-02 14:06:05.114982417,0.5496862502032771,14,Friday
722,2026-01-02 14:07:12.752599334,4.601642113769123,14,Friday
776,2026-01-02 14:07:18.789936013,3.660061610127674,14,Friday
777,2026-01-02 14:10:52.137658324,0.35003423188720684,14,Friday
779,2026-01-02 14:10:53.178051704,1.3309865384210302,14,Friday
755,2026-01-02 14:11:44.800748460,22.02566581690663,14,Friday
733,2026-01-02 14:13:38.170658147,7.582596478962244,14,Friday
731,2026-01-02 14:14:15.158871147,2.1803023921175733,14,Friday
759,2026-01-02 14:14:36.536267674,2.794826628258579,14,Friday
766,2026-01-02 14:15:24.395643793,4.318336252339902,14,Friday
774,2026-01-02 14:16:21.446402640,2.1924961740521036,14,Friday
767,2026-01-02 14:17:05.542447062,1.6021329622501308,14,Friday
768,2026-01-02 14:18:26.243873734,0.41375343673898735,14,Friday
771,2026-01-02 14:18:40.707716961,1.0651451592998202,14,Friday
725,2026-01-02 14:19:28.508987640,1.2943703291825013,14,Friday
715,2026-01-02 14:19:37.319381627,16.47431485903963,14,Friday
744,2026-01-02 14:20:28.492179454,9.931471316059389,14,Friday
763,2026-01-02 14:21:05.841674062,0.6870906206829155,14,Friday
726,2026-01-02 14:21:59.261525537,1.1915704709007788,14,Friday
732,2026-01-02 14:22:23.706449865,1.3516380730422153,14,Friday
739,2026-01-02 14:22:47.228808645,4.888960345326871,14,Friday
745,2026-01-02 14:22:48.704227629,1.2214516334426968,14,Friday
729,2026-01-02 14:23:18.809164573,9.158574910844619,14,Friday
727,2026-01-02 14:23:46.221689793,4.7206353235476515,14,Friday
746,2026-01-02 14:23:55.762011228,0.5030510563140048,14,Friday
714,2026-01-02 14:24:14.905157943,1.4823548004624207,14,Friday
775,2026-01-02 14:24:48.776765491,0.35975680365814916,14,Friday
720,2026-01-02 14:26:08.099933326,5.0140299178717616,14,Friday
730,2026-01-02 14:26:55.297041441,11.51408176856428,14,Friday
738,2026-01-02 14:27:48.578557682,0.5020600864556289,14,Friday
742,2026-01-02 14:28:45.054759467,0.9196995746157897,14,Friday
765,2026-01-02 14:29:09.138333070,6.442913828367711,14,Friday
741,2026-01-02 14:31:08.694426490,4.416800520333024,14,Friday
780,2026-01-02 14:31:30.588181201,3.8827734557429734,14,Friday
748,2026-01-02 14:32:00.969168216,5.135713440247937,14,Friday
770,2026-01-02 14:32:20.980596030,11.230592562327946,14,Friday
723,2026-01-02 14:32:40.160752659,8.551511073538645,14,Friday
711,2026-01-02 14:34:01.258539552,6.172954997198428,14,Friday
747,2026-01-02 14:34:48.620529218,0.11961229965786996,14,Friday
735,2026-01-02 14:36:12.414936172,8.647144627595175,14,Friday
749,2026-01-02 14:36:28.458334056,4.67092486661959,14,Friday
772,2026-01-02 14:36:37.201619919,1.953164964737904,14,Friday
737,2026-01-02 14:37:10.165245634,5.506327516026851,14,Friday
757,2026-01-02 14:38:50.908970956,5.939587812102318,14,Friday
716,2026-01-02 14:40:03.336188028,3.3038418566340355,14,Friday
736,2026-01-02 14:40:05.566074798,2.755966503777051,14,Friday
778,2026-01-02 14:40:52.024274273,8.05611021079626,14,Friday
728,2026-01-02 14:41:43.681944083,2.646887161667886,14,Friday
773,2026-01-02 14:42:58.142427203,1.2851591504781665,14,Friday
752,2026-01-02 14:43:05.243074415,2.478913325326026,14,Friday
712,2026-01-02 14:44:18.417153304,0.5651544176023522,14,Friday
718,2026-01-02 14:45:44.226485195,3.995056249968056,14,Friday
750,2026-01-02 14:45:53.579741551,3.9559770669178285,14,Friday
719,2026-01-02 14:47:52.129135891,0.22191524639933063,14,Friday
769,2026-01-02 14:48:10.893232197,0.44775435531953967,14,Friday
717,2026-01-02 14:48:28.245390988,8.199293587176795,14,Friday
751,2026-01-02 14:48:46.748659377,1.3194833147064442,14,Friday
721,2026-01-02 14:49:04.203178230,15.121002600623664,14,Friday
740,2026-01-02 14:51:48.001138458,3.005280689813925,14,Friday
713,2026-01-02 14:52:42.656020684,4.188694362840734,14,Friday
758,2026-01-02 14:53:52.909976219,2.590248004051997,14,Friday
760,2026-01-02 14:55:37.324361266,6.322114307095265,14,Friday
762,2026-01-02 14:56:03.969696499,23.69693403932185,14,Friday
753,2026-01-02 14:57:19.885305437,4.51288023769661,14,Friday
819,2026-01-02 15:02:10.177369889,2.8325539550412495,15,Friday
790,2026-01-02 15:03:36.512433362,10.126914595778134,15,Friday
823,2026-01-02 15:05:15.513888349,0.5583725029919596,15,Friday
813,2026-01-02 15:05:20.847955617,0.35303681352055105,15,Friday
797,2026-01-02 15:05:48.035218728,5.93641575488737,15,Friday
815,2026-01-02 15:07:39.768541086,0.7260901616428179,15,Friday
806,2026-01-02 15:09:08.697647989,4.660232749124953,15,Friday
793,2026-01-02 15:10:31.090592487,1.8169093479589338,15,Friday
795,2026-01-02 15:12:03.361279172,2.579024823711498,15,Friday
804,2026-01-02 15:14:04.711494679,12.804007243080664,15,Friday
821,2026-01-02 15:15:47.205251679,3.5275348738864984,15,Friday
820,2026-01-02 15:18:11.262081403,1.8684961416535204,15,Friday
826,2026-01-02 15:18:19.887518368,4.832501422528819,15,Friday
782,2026-01-02 15:19:27.601511215,24.241316326801176,15,Friday
783,2026-01-02 15:19:58.806887009,9.533325566641402,15,Friday
800,2026-01-02 15:20:51.257487260,5.121775572680622,15,Friday
822,2026-01-02 15:21:36.491066897,2.8947344531327417,15,Friday
827,2026-01-02 15:23:49.133461467,5.2519841966230985,15,Friday
805,2026-01-02 15:23:57.537296913,3.3380007027412466,15,Friday
828,2026-01-02 15:26:49.929145817,0.8245197577722321,15,Friday
798,2026-01-02 15:27:01.335370529,2.1240021310655317,15,Friday
789,2026-01-02 15:27:54.740204221,10.51761884121618,15,Friday
830,2026-01-02 15:30:56.445939707,7.587977466119651,15,Friday
811,2026-01-02 15:31:15.448718179,0.7913105552263051,15,Friday
781,2026-01-02 15:31:58.648031584,3.435462564603948,15,Friday
796,2026-01-02 15:32:08.979664103,0.9529251168332877,15,Friday
809,2026-01-02 15:32:23.845669010,3.4914627410819725,15,Friday
825,2026-01-02 15:33:13.688066564,1.2169748099916533,15,Friday
787,2026-01-02 15:33:28.020302532,8.503647870053628,15,Friday
791,2026-01-02 15:33:44.268537160,8.197563291787237,15,Friday
829,2026-01-02 15:36:02.139600098,0.3165610447526569,15,Friday
812,2026-01-02 15:37:24.908476809,2.2906474122836578,15,Friday
786,2026-01-02 15:39:42.621083457,0.6185638975497147,15,Friday
801,2026-01-02 15:39:53.682208153,8.643375877049689,15,Friday
784,2026-01-02 15:40:10.153038713,1.1691934191971594,15,Friday
794,2026-01-02 15:41:24.017606954,0.42190664600374733,15,Friday
818,2026-01-02 15:42:31.480911874,16.88088915942053,15,Friday
788,2026-01-02 15:43:50.341836861,2.395208093335486,15,Friday
814,2026-01-02 15:45:18.973513788,0.13075439984406323,15,Friday
799,2026-01-02 15:45:22.187984022,18.567951510635414,15,Friday
817,2026-01-02 15:46:55.301115613,3.9873138327906146,15,Friday
802,2026-01-02 15:47:43.619858843,0.7108410438327972,15,Friday
816,2026-01-02 15:49:33.843468909,16.499766699885537,15,Friday
810,2026-01-02 15:50:31.319859755,2.542999078347839,15,Friday
831,2026-01-02 15:55:09.811103571,3.0790831104569314,15,Friday
808,2026-01-02 15:55:37.203484527,0.9608815422728965,15,Friday
803,2026-01-02 15:55:37.840150126,9.903032716682254,15,Friday
824,2026-01-02 15:56:13.048162911,5.1197460219874635,15,Friday
792,2026-01-02 15:57:27.451024219,7.803963467821306,15,Friday
807,2026-01-02 15:59:32.940607770,7.236803671659189,15,Friday
785,2026-01-02 15:59:38.901700396,13.338997302944271,15,Friday
839,2026-01-02 16:03:44.250473268,2.690590132204877,16,Friday
837,2026-01-02 16:06:03.764919638,7.333291630850959,16,Friday
835,2026-01-02 16:07:16.985781920,8.787888755452666,16,Friday
848,2026-01-02 16:07:50.557356264,1.3800948092514966,16,Friday
834,2026-01-02 16:08:32.097727273,2.67328467310067,16,Friday
833,2026-01-02 16:14:21.048375177,2.2924259169146763,16,Friday
836,2026-01-02 16:18:11.790531243,6.614051614296391,16,Friday
844,2026-01-02 16:18:22.513034831,0.7373385866694464,16,Friday
847,2026-01-02 16:25:33.900182005,0.0609741512438881,16,Friday
850,2026-01-02 16:26:59.224735756,8.085765789807736,16,Friday
840,2026-01-02 16:30:33.919661339,3.2825736051908034,16,Friday
846,2026-01-02 16:31:37.349270081,1.2116437803844688,16,Friday
843,2026-01-02 16:36:54.789977631,7.14162340857189,16,Friday
845,2026-01-02 16:37:26.025010649,3.831925226324291,16,Friday
838,2026-01-02 16:41:31.780830098,0.05546280010766931,16,Friday
842,2026-01-02 16:48:50.292970221,1.5042635201091314,16,Friday
849,2026-01-02 16:53:11.775174865,18.62227511571439,16,Friday
832,2026-01-02 16:59:01.244130948,1.082220910307068,16,Friday
841,2026-01-02 16:59:48.108673870,0.09689419733223151,16,Friday
873,2026-01-03 08:02:18.334856264,7.2275189961185795,8,Saturday
881,2026-01-03 08:03:59.947346018,2.405845779146629,8,Saturday
855,2026-01-03 08:05:53.097290823,5.700731733357541,8,Saturday
851,2026-01-03 08:06:35.050315239,3.653290209946091,8,Saturday
857,2026-01-03 08:09:00.175192898,0.4430196733423927,8,Saturday
871,2026-01-03 08:15:16.814239365,0.5178974559716975,8,Saturday
868,2026-01-03 08:18:55.464824692,5.414245088142517,8,Saturday
858,2026-01-03 08:19:28.833336804,6.299601899914633,8,Saturday
861,2026-01-03 08:22:33.197826524,0.06091190004897985,8,Saturday
862,2026-01-03 08:23:40.114602852,15.675132431098946,8,Saturday
870,2026-01-03 08:26:15.371246599,0.9564644072751095,8,Saturday
853,2026-01-03 08:27:15.758404415,6.686259595713725,8,Saturday
863,2026-01-03 08:27:34.008366261,6.687680215078304,8,Saturday
875,2026-01-03 08:27:41.318872649,0.10583709225807564,8,Saturday
860,2026-01-03 08:28:33.665265727,0.3696146343450604,8,Saturday
856,2026-01-03 08:29:17.668093278,0.21283059708177177,8,Saturday
852,2026-01-03 08:32:52.654160305,0.8135888687831074,8,Saturday
880,2026-01-03 08:36:50.160905136,4.89966252744019,8,Saturday
879,2026-01-03 08:38:12.010855801,7.331520216520101,8,Saturday
876,2026-01-03 08:38:13.925316509,0.42872453728468046,8,Saturday
877,2026-01-03 08:39:33.674119940,17.188275014186715,8,Saturday
869,2026-01-03 08:41:17.284941911,1.0240357755499983,8,Saturday
859,2026-01-03 08:44:14.485478596,0.3740721481731317,8,Saturday
864,2026-01-03 08:47:06.059557813,2.178988178668496,8,Saturday
867,2026-01-03 08:47:12.852190519,7.450580998658252,8,Saturday
872,2026-01-03 08:50:27.137685933,5.398502050167564,8,Saturday
854,2026-01-03 08:50:39.685497862,3.5894736616271414,8,Saturday
865,2026-01-03 08:53:31.504880184,1.7586899061504941,8,Saturday
878,2026-01-03 08:53:42.423866543,1.7509428265181268,8,Saturday
874,2026-01-03 08:54:06.343171687,1.5397397477679515,8,Saturday
866,2026-01-03 08:57:19.204871414,2.1516322533344003,8,Saturday
886,2026-01-03 09:02:31.024404353,5.189620405381139,9,Saturday
896,2026-01-03 09:07:41.144686918,6.518794009673784,9,Saturday
899,2026-01-03 09:13:28.616202637,0.9766009881197293,9,Saturday
889,2026-01-03 09:17:34.159332123,9.879733695998477,9,Saturday
897,2026-01-03 09:20:17.763021580,7.490543769327964,9,Saturday
900,2026-01-03 09:22:19.801285815,3.937585120961023,9,Saturday
901,2026-01-03 09:25:55.476778599,20.889632975084726,9,Saturday
902,2026-01-03 09:26:21.857962900,13.853996940037163,9,Saturday
885,2026-01-03 09:31:49.087679696,10.89851540550276,9,Saturday
892,2026-01-03 09:34:56.721569546,1.453372862073077,9,Saturday
891,2026-01-03 09:36:06.773722690,12.56199771637116,9,Saturday
903,2026-01-03 09:36:46.582496980,0.22066723058793036,9,Saturday
882,2026-01-03 09:36:54.046684939,1.3767436213709323,9,Saturday
884,2026-01-03 09:38:38.055312748,1.0999332594693239,9,Saturday
895,2026-01-03 09:39:23.322986393,9.225755435367258,9,Saturday
893,2026-01-03 09:44:53.063445946,7.033341104115277,9,Saturday
883,2026-01-03 09:46:28.681610296,0.6477046900247617,9,Saturday
888,2026-01-03 09:47:55.371089956,8.462655938873603,9,Saturday
894,2026-01-03 09:48:42.371237124,3.0859285392605713,9,Saturday
898,2026-01-03 09:55:41.101105173,5.337920953421046,9,Saturday
904,2026-01-03 09:56:35.073015880,0.9005090057537746,9,Saturday
887,2026-01-03 09:58:06.559599339,1.683708889395092,9,Saturday
890,2026-01-03 09:58:47.893185691,9.370740639905378,9,Saturday
921,2026-01-03 10:00:33.593831377,2.2967788413439005,10,Saturday
925,2026-01-03 10:05:57.041158513,4.495255143393083,10,Saturday
919,2026-01-03 10:09:36.257885836,10.463678060883195,10,Saturday
928,2026-01-03 10:12:14.528284664,5.947361343779222,10,Saturday
906,2026-01-03 10:12:48.640918718,2.1955068526149537,10,Saturday
922,2026-01-03 10:14:48.043912277,2.9765703025518473,10,Saturday
913,2026-01-03 10:17:51.174424747,1.1312453432593608,10,Saturday
926,2026-01-03 10:24:05.379537100,2.4840029972796573,10,Saturday
920,2026-01-03 10:27:41.606907911,28.04373115354528,10,Saturday
907,2026-01-03 10:30:21.069694626,7.6575668744699374,10,Saturday
912,2026-01-03 10:30:30.097968898,6.84686730676522,10,Saturday
910,2026-01-03 10:32:32.053939770,7.156265334138119,10,Saturday
929,2026-01-03 10:33:18.305817488,0.016117266761173126,10,Saturday
914,2026-01-03 10:33:54.079174292,15.859183597798928,10,Saturday
911,2026-01-03 10:35:25.251685651,0.179749386557771,10,Saturday
931,2026-01-03 10:36:57.547620936,2.1963480586487476,10,Saturday
917,2026-01-03 10:38:10.648874325,0.8060580416755946,10,Saturday
915,2026-01-03 10:41:19.987087380,2.293860706448017,10,Saturday
923,2026-01-03 10:43:35.262174406,6.401946856224549,10,Saturday
909,2026-01-03 10:43:58.085561158,0.02621667917122488,10,Saturday
930,2026-01-03 10:43:59.056665706,4.8325195944629264,10,Saturday
918,2026-01-03 10:45:40.037533355,1.8235659317442863,10,Saturday
927,2026-01-03 10:48:00.255487316,2.6604322157516864,10,Saturday
905,2026-01-03 10:49:04.027187485,1.0414270031672503,10,Saturday
908,2026-01-03 10:50:26.530900840,4.039721675980882,10,Saturday
916,2026-01-03 10:52:23.962497098,1.9795417215167819,10,Saturday
924,2026-01-03 10:59:30.515824857,10.86637839731507,10,Saturday
976,2026-01-03 11:01:27.090350008,1.5065917327534437,11,Saturday
975,2026-01-03 11:01:34.308150715,2.7132442614864805,11,Saturday
946,2026-01-03 11:03:30.783345278,5.349470503079719,11,Saturday
935,2026-01-03 11:03:53.472940138,0.7163502844895132,11,Saturday
945,2026-01-03 11:04:37.409804883,6.959049439136748,11,Saturday
956,2026-01-03 11:05:18.961546846,7.123061267985805,11,Saturday
966,2026-01-03 11:07:06.010287324,2.647457109592807,11,Saturday
953,2026-01-03 11:08:50.829096142,11.835862371081546,11,Saturday
972,2026-01-03 11:11:04.114511281,4.10681430140426,11,Saturday
986,2026-01-03 11:11:09.965104246,2.150118883764553,11,Saturday
957,2026-01-03 11:13:14.203029760,2.9868204943252854,11,Saturday
982,2026-01-03 11:15:33.468331916,4.165843710739791,11,Saturday
942,2026-01-03 11:16:11.354592461,0.8652721538019974,11,Saturday
978,2026-01-03 11:16:23.054915902,19.89538089420841,11,Saturday
980,2026-01-03 11:17:55.412064919,5.309106299150158,11,Saturday
954,2026-01-03 11:19:41.493912993,1.4353859428180331,11,Saturday
947,2026-01-03 11:20:03.257947305,15.688163929801622,11,Saturday
974,2026-01-03 11:20:04.240639470,0.2683641914791203,11,Saturday
973,2026-01-03 11:21:44.047589948,13.809032264595595,11,Saturday
969,2026-01-03 11:23:01.798626958,0.11032524677500766,11,Saturday
967,2026-01-03 11:24:35.657602906,2.133520277972683,11,Saturday
963,2026-01-03 11:25:16.492991858,11.845625590727419,11,Saturday
983,2026-01-03 11:25:46.764525860,3.1174758408616094,11,Saturday
955,2026-01-03 11:26:02.469718225,1.5869258782709739,11,Saturday
952,2026-01-03 11:26:24.716392639,1.4183094814786363,11,Saturday
933,2026-01-03 11:28:51.502403590,3.0641707324122747,11,Saturday
944,2026-01-03 11:29:53.720456148,0.7271759976393737,11,Saturday
951,2026-01-03 11:31:02.168603189,1.517063656781916,11,Saturday
979,2026-01-03 11:31:05.083558459,1.482134737918257,11,Saturday
938,2026-01-03 11:33:38.376339898,3.43047207298425,11,Saturday
937,2026-01-03 11:33:41.344516654,6.508650507257196,11,Saturday
970,2026-01-03 11:34:18.740176417,5.450091904163448,11,Saturday
936,2026-01-03 11:34:47.941634741,0.42017821036661684,11,Saturday
971,2026-01-03 11:35:15.969699103,16.537774897341833,11,Saturday
932,2026-01-03 11:35:17.528161014,8.113712886243968,11,Saturday
958,2026-01-03 11:35:53.611058629,7.496431991292298,11,Saturday
939,2026-01-03 11:36:12.555599747,2.8710525207056565,11,Saturday
964,2026-01-03 11:38:10.238512949,0.7497289952322251,11,Saturday
934,2026-01-03 11:38:32.371893258,3.2982609877689626,11,Saturday
962,2026-01-03 11:38:33.234718326,0.3235097575531596,11,Saturday
940,2026-01-03 11:40:35.284574014,6.5375680065751895,11,Saturday
949,2026-01-03 11:42:27.651365067,0.29373513412418734,11,Saturday
959,2026-01-03 11:44:08.387211261,0.3380021938096258,11,Saturday
948,2026-01-03 11:47:05.629117601,0.3572545375426614,11,Saturday
965,2026-01-03 11:47:08.345825088,3.8009314053110494,11,Saturday
950,2026-01-03 11:47:19.013872820,1.6577314679743202,11,Saturday
941,2026-01-03 11:48:17.960398850,7.251773494836926,11,Saturday
943,2026-01-03 11:49:30.177876648,4.710930064584235,11,Saturday
977,2026-01-03 11:49:54.109357232,6.561892815365702,11,Saturday
968,2026-01-03 11:50:23.288228288,11.504599685044134,11,Saturday
985,2026-01-03 11:50:30.960840450,4.689197140188667,11,Saturday
984,2026-01-03 11:52:21.828901744,17.878705654540575,11,Saturday
961,2026-01-03 11:55:59.207992836,0.17095762468974915,11,Saturday
981,2026-01-03 11:56:26.445282415,1.1038420756713982,11,Saturday
960,2026-01-03 11:59:54.051041014,3.342967460518684,11,Saturday
1029,2026-01-03 12:01:37.802716412,6.35329922373547,12,Saturday
1013,2026-01-03 12:03:07.043679195,0.43577012666828674,12,Saturday
1009,2026-01-03 12:03:44.183181174,5.310811942673517,12,Saturday
1030,2026-01-03 12:03:54.736528537,11.048118028677141,12,Saturday
995,2026-01-03 12:04:03.606102840,12.330821063064828,12,Saturday
998,2026-01-03 12:04:54.211244688,5.95197892248194,12,Saturday
1035,2026-01-03 12:06:19.705319843,8.548046073055023,12,Saturday
992,2026-01-03 12:06:53.167938729,5.033572589166379,12,Saturday
1017,2026-01-03 12:09:52.942872356,17.075459615250438,12,Saturday
1001,2026-01-03 12:09:56.788344587,9.73082490256681,12,Saturday
1015,2026-01-03 12:12:04.909615689,8.13809942226804,12,Saturday
1021,2026-01-03 12:12:17.572586942,5.034788547467604,12,Saturday
987,2026-01-03 12:13:31.140947824,1.1393137155670654,12,Saturday
1025,2026-01-03 12:14:19.666360973,0.885078722413422,12,Saturday
988,2026-01-03 12:15:03.479980825,3.7046503885106787,12,Saturday
1016,2026-01-03 12:15:31.035005596,3.5180766404091806,12,Saturday
1018,2026-01-03 12:19:48.774233537,2.704371135146974,12,Saturday
1038,2026-01-03 12:22:49.512027027,1.8869407530569824,12,Saturday
1006,2026-01-03 12:24:42.355949704,1.128331581573379,12,Saturday
1026,2026-01-03 12:27:04.461639051,0.06343834561467812,12,Saturday
999,2026-01-03 12:27:29.882309503,7.881499229619774,12,Saturday
1012,2026-01-03 12:27:33.263559349,4.776431677739809,12,Saturday
1005,2026-01-03 12:27:44.264019602,0.7582529519025276,12,Saturday
1031,2026-01-03 12:27:50.152956524,0.4136840009027475,12,Saturday
1000,2026-01-03 12:29:04.906633668,1.9045577239785516,12,Saturday
1034,2026-01-03 12:29:52.125028923,9.765879262842791,12,Saturday
1010,2026-01-03 12:30:45.009535573,0.8249881312515189,12,Saturday
1020,2026-01-03 12:31:09.789094214,5.511896858173445,12,Saturday
991,2026-01-03 12:31:24.207280947,4.308934204698224,12,Saturday
1033,2026-01-03 12:32:19.326472629,1.0376549707763458,12,Saturday
997,2026-01-03 12:32:36.737582433,0.8596080579465919,12,Saturday
1008,2026-01-03 12:32:43.554729864,11.221095570920664,12,Saturday
990,2026-01-03 12:33:40.402037817,7.871667216087371,12,Saturday
1007,2026-01-03 12:39:03.504481743,1.0180825013378585,12,Saturday
1036,2026-01-03 12:39:24.408377007,3.8912791714955026,12,Saturday
1004,2026-01-03 12:40:08.480414384,20.528485611408694,12,Saturday
996,2026-01-03 12:42:28.206350027,3.807439187276906,12,Saturday
994,2026-01-03 12:43:22.131491550,2.520660979608902,12,Saturday
1019,2026-01-03 12:45:24.305420479,20.71042688225587,12,Saturday
1028,2026-01-03 12:46:19.244914715,3.7475255732925157,12,Saturday
1039,2026-01-03 12:46:32.202663331,3.185421433947308,12,Saturday
1014,2026-01-03 12:47:10.601517782,10.703027201711366,12,Saturday
1011,2026-01-03 12:48:23.053022038,2.9019809744493594,12,Saturday
1037,2026-01-03 12:49:19.571378160,6.193559716560313,12,Saturday
1003,2026-01-03 12:50:59.911337330,1.6210697978523219,12,Saturday
989,2026-01-03 12:51:02.217808228,1.6923368344452694,12,Saturday
993,2026-01-03 12:51:36.502896057,7.995313597255331,12,Saturday
1024,2026-01-03 12:52:14.082330165,2.7886226567511265,12,Saturday
1022,2026-01-03 12:52:40.188281347,0.9073389785331738,12,Saturday
1023,2026-01-03 12:52:46.494677825,10.682293120440278,12,Saturday
1032,2026-01-03 12:54:33.192741101,6.574456468802962,12,Saturday
1002,2026-01-03 12:56:44.513329201,11.829928230155833,12,Saturday
1040,2026-01-03 12:57:52.115954042,8.619669529794812,12,Saturday
1027,2026-01-03 12:59:05.962762107,4.102127208569378,12,Saturday
1105,2026-01-03 13:01:04.823600161,0.23361742001170605,13,Saturday
1075,2026-01-03 13:01:59.481676424,8.838851597612024,13,Saturday
1096,2026-01-03 13:02:31.288830617,15.032050656159715,13,Saturday
1064,2026-01-03 13:04:10.708133384,4.371029696097835,13,Saturday
1047,2026-01-03 13:06:02.294922684,3.1627818833014096,13,Saturday
1094,2026-01-03 13:06:38.594135974,3.343903043343766,13,Saturday
1087,2026-01-03 13:06:39.562089168,4.9889622984546325,13,Saturday
1060,2026-01-03 13:07:34.553069632,0.4113088016205121,13,Saturday
1049,2026-01-03 13:08:31.099163139,4.56096425207786,13,Saturday
1044,2026-01-03 13:10:25.541735288,0.5075866076325476,13,Saturday
1065,2026-01-03 13:10:29.573173833,26.94944054430042,13,Saturday
1074,2026-01-03 13:12:45.519754935,5.531210553440255,13,Saturday
1067,2026-01-03 13:13:37.846405284,3.684927860044089,13,Saturday
1048,2026-01-03 13:14:23.546805921,1.7924204741859722,13,Saturday
1083,2026-01-03 13:15:37.032687237,4.605554539085551,13,Saturday
1069,2026-01-03 13:16:45.393918435,8.900345771633697,13,Saturday
1099,2026-01-03 13:16:48.134386381,3.5287924442783862,13,Saturday
1110,2026-01-03 13:16:53.476314293,3.2892965131437553,13,Saturday
1101,2026-01-03 13:17:31.985629662,0.3678678924806502,13,Saturday
1076,2026-01-03 13:18:14.207044466,10.558951853774708,13,Saturday
1108,2026-01-03 13:18:17.103943390,17.794994496157955,13,Saturday
1073,2026-01-03 13:18:19.118436108,12.019038653921694,13,Saturday
1062,2026-01-03 13:19:30.374455554,7.91345117931367,13,Saturday
1043,2026-01-03 13:20:06.748970535,3.8902418548362765,13,Saturday
1050,2026-01-03 13:20:52.589081695,1.7636835997261835,13,Saturday
1055,2026-01-03 13:21:08.549807794,9.561637658070381,13,Saturday
1092,2026-01-03 13:22:49.441976293,0.5503289673916542,13,Saturday
1095,2026-01-03 13:25:21.174341923,5.280987154596442,13,Saturday
1088,2026-01-03 13:26:49.399957703,4.478730653297564,13,Saturday
1051,2026-01-03 13:27:01.263524059,1.7827969781233706,13,Saturday
1089,2026-01-03 13:27:37.289776326,6.063954062764889,13,Saturday
1057,2026-01-03 13:28:16.633802633,4.497433200381701,13,Saturday
1041,2026-01-03 13:29:39.164810101,0.597186712405471,13,Saturday
1072,2026-01-03 13:30:45.557111322,0.4927923153723075,13,Saturday
1091,2026-01-03 13:32:47.933592676,3.5909279845120694,13,Saturday
1086,2026-01-03 13:33:37.586271529,4.6708681438264446,13,Saturday
1054,2026-01-03 13:37:15.342842922,11.659811810955894,13,Saturday
1059,2026-01-03 13:38:02.911697864,1.0248618804199439,13,Saturday
1070,2026-01-03 13:38:34.374876211,4.568701287718527,13,Saturday
1053,2026-01-03 13:39:04.131305574,0.24670146619977681,13,Saturday
1077,2026-01-03 13:39:11.386045912,4.240501685324601,13,Saturday
1082,2026-01-03 13:39:53.945652513,7.43343962333363,13,Saturday
1085,2026-01-03 13:40:14.636322861,2.92936261960972,13,Saturday
1061,2026-01-03 13:40:34.239223471,1.3689627001715945,13,Saturday
1063,2026-01-03 13:41:10.777908069,0.17642771747663252,13,Saturday
1071,2026-01-03 13:41:38.942064635,0.6104596365140864,13,Saturday
1045,2026-01-03 13:42:43.250473190,1.3846591744415069,13,Saturday
1107,2026-01-03 13:43:36.015571453,1.6204462705167058,13,Saturday
1097,2026-01-03 13:44:23.654834760,4.589598621665501,13,Saturday
1052,2026-01-03 13:44:55.774813067,6.797156114135131,13,Saturday
1103,2026-01-03 13:45:14.262852948,2.2459338035474525,13,Saturday
1080,2026-01-03 13:45:57.833195527,1.9059111005669158,13,Saturday
1081,2026-01-03 13:47:18.410435711,2.851073449415669,13,Saturday
1104,2026-01-03 13:48:17.664396629,3.1979690828360434,13,Saturday
1046,2026-01-03 13:49:33.521565749,0.0624080423751401,13,Saturday
1042,2026-01-03 13:49:41.697308773,6.081677500220933,13,Saturday
1109,2026-01-03 13:49:45.820793491,2.01245024322056,13,Saturday
1068,2026-01-03 13:50:13.348050874,0.32878116076265756,13,Saturday
1056,2026-01-03 13:50:29.211191105,5.51016089756706,13,Saturday
1066,2026-01-03 13:51:20.654132060,9.679168719178845,13,Saturday
1100,2026-01-03 13:51:30.030036476,5.027031123587008,13,Saturday
1090,2026-01-03 13:51:52.428994281,1.3553275985830637,13,Saturday
1079,2026-01-03 13:52:16.336136146,2.8143452104728715,13,Saturday
1111,2026-01-03 13:52:21.913822438,1.091387752228215,13,Saturday
1084,2026-01-03 13:54:25.902110540,11.15240552814668,13,Saturday
1102,2026-01-03 13:54:38.772581918,1.4677736194256954,13,Saturday
1098,2026-01-03 13:55:05.075587916,6.80496413178296,13,Saturday
1078,2026-01-03 13:56:17.897346414,3.6433158815578937,13,Saturday
1106,2026-01-03 13:57:46.117285466,0.754254552689986,13,Saturday
1093,2026-01-03 13:58:36.481182638,2.4266936874952982,13,Saturday
1058,2026-01-03 13:58:44.777776854,11.142144452215279,13,Saturday
1147,2026-01-03 14:00:05.634378689,5.830255353370436,14,Saturday
1114,2026-01-03 14:00:19.820876977,11.63712057990887,14,Saturday
1115,2026-01-03 14:00:27.590517537,0.3437708089506855,14,Saturday
1169,2026-01-03 14:00:36.472262499,0.7573304104734127,14,Saturday
1117,2026-01-03 14:02:12.196905002,0.766555051037578,14,Saturday
1149,2026-01-03 14:03:04.087373191,0.9127691290240819,14,Saturday
1151,2026-01-03 14:03:34.288921251,0.7692194749305026,14,Saturday
1161,2026-01-03 14:04:15.627592319,1.8641486276414165,14,Saturday
1162,2026-01-03 14:04:48.648050694,5.652382615793508,14,Saturday
1126,2026-01-03 14:05:13.533960464,2.1016300809552897,14,Saturday
1118,2026-01-03 14:06:28.892714870,0.05887836307241012,14,Saturday
1128,2026-01-03 14:06:49.818216515,5.2819561062585505,14,Saturday
1154,2026-01-03 14:06:52.155497037,0.8388975176259995,14,Saturday
1158,2026-01-03 14:07:15.690001746,2.082156335553708,14,Saturday
1135,2026-01-03 14:07:53.360831632,7.779134079251586,14,Saturday
1112,2026-01-03 14:12:25.173282378,6.436283964535804,14,Saturday
1116,2026-01-03 14:13:08.647712766,3.8174992294642345,14,Saturday
1150,2026-01-03 14:15:27.385993201,2.815240067989305,14,Saturday
1136,2026-01-03 14:16:29.033491870,2.9567406445783764,14,Saturday
1123,2026-01-03 14:17:36.559763549,0.2236223312795628,14,Saturday
1143,2026-01-03 14:18:33.741784306,4.3637471492504165,14,Saturday
1119,2026-01-03 14:20:19.898337619,2.741203428218688,14,Saturday
1129,2026-01-03 14:20:42.803314086,9.341184497486841,14,Saturday
1163,2026-01-03 14:21:17.176650609,4.654221230029178,14,Saturday
1167,2026-01-03 14:21:42.911967016,3.0256963623264688,14,Saturday
1157,2026-01-03 14:22:08.590878339,5.0654169149841,14,Saturday
1155,2026-01-03 14:23:01.819978961,0.1288857719833833,14,Saturday
1137,2026-01-03 14:23:40.473872151,8.006861151346733,14,Saturday
1125,2026-01-03 14:23:49.254148453,4.089499198641233,14,Saturday
1139,2026-01-03 14:24:39.675870955,9.744254161289728,14,Saturday
1159,2026-01-03 14:25:08.212044674,0.3720656488813726,14,Saturday
1138,2026-01-03 14:25:18.581442739,8.641737171109364,14,Saturday
1156,2026-01-03 14:27:22.451432239,5.189783790103037,14,Saturday
1132,2026-01-03 14:29:36.767689224,5.588465205528075,14,Saturday
1130,2026-01-03 14:30:26.682979384,5.896284320513487,14,Saturday
1122,2026-01-03 14:30:45.603813443,4.304278785462037,14,Saturday
1113,2026-01-03 14:30:59.661462405,0.6423406851299852,14,Saturday
1121,2026-01-03 14:34:19.375116129,3.327664871115796,14,Saturday
1168,2026-01-03 14:35:37.178848350,5.828157192596624,14,Saturday
1152,2026-01-03 14:36:13.663630617,11.040787202685333,14,Saturday
1142,2026-01-03 14:36:28.458770726,1.919987120715736,14,Saturday
1172,2026-01-03 14:36:45.264486041,3.5205868473535102,14,Saturday
1127,2026-01-03 14:37:01.439458024,6.531384192807291,14,Saturday
1170,2026-01-03 14:38:09.945767074,3.323670411344603,14,Saturday
1148,2026-01-03 14:38:11.044932660,2.3464425212038993,14,Saturday
1165,2026-01-03 14:40:06.861528202,1.2288157461212414,14,Saturday
1166,2026-01-03 14:40:43.211844021,22.12925154682265,14,Saturday
1153,2026-01-03 14:41:11.723688573,2.1223028808697,14,Saturday
1133,2026-01-03 14:42:08.131557713,1.6105475999006464,14,Saturday
1141,2026-01-03 14:42:50.517520080,2.8192443534990463,14,Saturday
1160,2026-01-03 14:45:04.240972110,2.635019740558731,14,Saturday
1120,2026-01-03 14:48:09.308446487,1.7480760959518882,14,Saturday
1146,2026-01-03 14:49:16.313817180,6.1138393618473055,14,Saturday
1144,2026-01-03 14:49:25.645383196,2.31949091486295,14,Saturday
1173,2026-01-03 14:52:25.314936478,16.623599942560745,14,Saturday
1131,2026-01-03 14:52:27.201088866,2.809990043020031,14,Saturday
1140,2026-01-03 14:54:27.399609203,12.422647754965885,14,Saturday
1171,2026-01-03 14:54:47.833011274,0.13961481211462656,14,Saturday
1124,2026-01-03 14:55:54.313389958,0.6562602194234074,14,Saturday
1164,2026-01-03 14:56:30.212561828,2.2674534327944587,14,Saturday
1145,2026-01-03 14:57:18.217841345,4.5948988053763165,14,Saturday
1134,2026-01-03 14:59:34.140620396,1.8286757394049724,14,Saturday
1177,2026-01-03 15:01:24.067546781,10.614450001233983,15,Saturday
1174,2026-01-03 15:01:51.440847309,3.3559288548973756,15,Saturday
1204,2026-01-03 15:03:27.531295916,4.4425452346212495,15,Saturday
1182,2026-01-03 15:06:58.100256721,2.513772608450984,15,Saturday
1211,2026-01-03 15:08:21.108124844,3.3895737270445454,15,Saturday
1195,2026-01-03 15:09:14.922155442,7.904511335870843,15,Saturday
1176,2026-01-03 15:09:36.089771267,25.455206319712303,15,Saturday
1203,2026-01-03 15:11:40.645812137,9.958894376326063,15,Saturday
1202,2026-01-03 15:15:33.605630341,3.302503962436906,15,Saturday
1206,2026-01-03 15:16:12.891691670,1.6828460953003797,15,Saturday
1189,2026-01-03 15:17:18.259576147,6.403247667618976,15,Saturday
1180,2026-01-03 15:17:21.281179101,4.846618216599771,15,Saturday
1201,2026-01-03 15:18:08.399697665,19.813261065714855,15,Saturday
1184,2026-01-03 15:18:50.280182558,3.2269881452178977,15,Saturday
1193,2026-01-03 15:20:25.393575316,7.815391457141175,15,Saturday
1205,2026-01-03 15:20:32.812723804,2.352658106401821,15,Saturday
1209,2026-01-03 15:20:50.197340509,2.4432052140118796,15,Saturday
1192,2026-01-03 15:23:07.842857052,0.7000608453811547,15,Saturday
1175,2026-01-03 15:23:16.752335808,2.56897347427876,15,Saturday
1191,2026-01-03 15:23:22.134821648,10.199918115913103,15,Saturday
1200,2026-01-03 15:26:25.588861124,3.105766397295583,15,Saturday
1212,2026-01-03 15:26:38.557497127,4.305214805867751,15,Saturday
1179,2026-01-03 15:27:30.682831974,4.212615601905684,15,Saturday
1194,2026-01-03 15:32:29.067386451,0.6666331477601193,15,Saturday
1197,2026-01-03 15:32:30.137324676,10.481538129752245,15,Saturday
1196,2026-01-03 15:33:13.361347288,1.6132144989567132,15,Saturday
1208,2026-01-03 15:33:27.751774500,7.173185146084777,15,Saturday
1210,2026-01-03 15:34:49.683363577,3.5797813280703106,15,Saturday
1186,2026-01-03 15:36:10.594355326,1.2922330272947287,15,Saturday
1213,2026-01-03 15:37:34.443557115,10.033824089565735,15,Saturday
1178,2026-01-03 15:45:22.369010220,4.8829374190340396,15,Saturday
1198,2026-01-03 15:45:42.846525377,14.415777731750818,15,Saturday
1187,2026-01-03 15:49:36.146495069,16.62518985949888,15,Saturday
1199,2026-01-03 15:50:01.139862975,0.8055171260730478,15,Saturday
1185,2026-01-03 15:53:18.253220311,3.9156284187648724,15,Saturday
1181,2026-01-03 15:54:00.299458859,1.1239251629289253,15,Saturday
1183,2026-01-03 15:57:21.307784239,0.20129583182880106,15,Saturday
1190,2026-01-03 15:57:40.087747467,3.8112713153296625,15,Saturday
1207,2026-01-03 15:57:59.102589119,1.135902764541932,15,Saturday
1188,2026-01-03 15:59:02.447387557,12.009520086993215,15,Saturday
1240,2026-01-03 16:00:31.907826408,2.5781296560804385,16,Saturday
1245,2026-01-03 16:00:51.534999601,13.24146297271714,16,Saturday
1228,2026-01-03 16:01:08.817939947,8.257428550377401,16,Saturday
1222,2026-01-03 16:03:44.847337028,0.40414898287162665,16,Saturday
1217,2026-01-03 16:06:33.351157114,7.264648628462066,16,Saturday
1233,2026-01-03 16:08:03.966465869,1.7802733813930103,16,Saturday
1249,2026-01-03 16:08:34.261034283,3.235489429947621,16,Saturday
1216,2026-01-03 16:12:01.708255902,5.372631236659405,16,Saturday
1238,2026-01-03 16:12:38.537869921,0.2576561474802323,16,Saturday
1237,2026-01-03 16:16:43.535540692,6.139389288918249,16,Saturday
1244,2026-01-03 16:17:40.629826846,8.13502515578358,16,Saturday
1234,2026-01-03 16:17:57.824118138,0.3998831236978604,16,Saturday
1235,2026-01-03 16:21:31.375891501,3.471982483856968,16,Saturday
1219,2026-01-03 16:26:20.939339881,4.754464121564652,16,Saturday
1224,2026-01-03 16:26:53.948599329,2.6137023652531557,16,Saturday
1229,2026-01-03 16:28:36.636485944,14.752649925309992,16,Saturday
1225,2026-01-03 16:30:37.556960415,0.3414469028677538,16,Saturday
1214,2026-01-03 16:34:24.704225240,7.000504618021271,16,Saturday
1226,2026-01-03 16:37:35.733039935,2.1448499864969035,16,Saturday
1242,2026-01-03 16:40:36.556675886,1.3223304586627975,16,Saturday
1230,2026-01-03 16:41:15.799352750,0.3753231686622788,16,Saturday
1232,2026-01-03 16:41:33.116753533,3.6967577469438058,16,Saturday
1231,2026-01-03 16:43:21.745047713,15.518281170343428,16,Saturday
1246,2026-01-03 16:44:16.330266821,2.596832420887668,16,Saturday
1248,2026-01-03 16:44:25.714075032,1.9393223202862477,16,Saturday
1236,2026-01-03 16:48:15.973947646,7.9119244509880895,16,Saturday
1243,2026-01-03 16:49:42.489478016,1.649500892277558,16,Saturday
1247,2026-01-03 16:50:02.920549202,11.82821034121445,16,Saturday
1220,2026-01-03 16:50:49.087875145,0.4638928619745787,16,Saturday
1218,2026-01-03 16:51:14.263081039,9.351463373394024,16,Saturday
1223,2026-01-03 16:53:00.473146749,2.6173851741266763,16,Saturday
1221,2026-01-03 16:53:35.124738703,3.343519918938111,16,Saturday
1227,2026-01-03 16:55:34.977384228,0.5882795243903626,16,Saturday
1215,2026-01-03 16:57:21.769717002,7.325016738640082,16,Saturday
1239,2026-01-03 16:57:26.812868537,0.3784791202912624,16,Saturday
1241,2026-01-03 16:59:52.155080455,1.749848046900245,16,Saturday
1260,2026-01-04 08:04:18.392902415,6.904449639590402,8,Sunday
1254,2026-01-04 08:07:22.514442475,1.5832163455430326,8,Sunday
1262,2026-01-04 08:14:30.954049135,0.0006735103820133685,8,Sunday
1252,2026-01-04 08:21:28.130702808,0.7708631748212545,8,Sunday
1257,2026-01-04 08:26:57.659071342,0.718360974536481,8,Sunday
1256,2026-01-04 08:30:11.102222807,1.6722899833187106,8,Sunday
1258,2026-01-04 08:35:09.113238432,4.965287867379612,8,Sunday
1251,2026-01-04 08:36:12.575145756,3.671615900233151,8,Sunday
1259,2026-01-04 08:37:29.221906041,0.27931879862958187,8,Sunday
1253,2026-01-04 08:38:52.142805565,7.465972538187141,8,Sunday
1261,2026-01-04 08:40:57.421996404,1.9105996627694828,8,Sunday
1263,2026-01-04 08:42:50.229477023,3.5782845640222263,8,Sunday
1265,2026-01-04 08:48:14.250627189,1.6159905495488984,8,Sunday
1264,2026-01-04 08:49:21.125259783,0.23992496180626088,8,Sunday
1255,2026-01-04 08:53:19.172688955,3.432798854498613,8,Sunday
1250,2026-01-04 08:58:44.332014629,4.020404515374513,8,Sunday
1267,2026-01-04 09:00:13.751721570,7.612262880572404,9,Sunday
1288,2026-01-04 09:00:15.707770741,5.6631188919172235,9,Sunday
1282,2026-01-04 09:05:21.442288292,9.497213438694287,9,Sunday
1271,2026-01-04 09:06:06.812597037,15.709552562720573,9,Sunday
1289,2026-01-04 09:10:01.031119489,4.679306489215451,9,Sunday
1268,2026-01-04 09:14:48.565929126,5.166218987260125,9,Sunday
1273,2026-01-04 09:16:13.415830984,2.8345918753627455,9,Sunday
1296,2026-01-04 09:17:52.987951101,2.5137161029068373,9,Sunday
1275,2026-01-04 09:18:48.052503306,1.1715452962629789,9,Sunday
1270,2026-01-04 09:18:58.572539025,2.231829793538785,9,Sunday
1272,2026-01-04 09:21:36.842107681,3.4697489699417523,9,Sunday
1280,2026-01-04 09:22:38.344994267,2.693592113318849,9,Sunday
1285,2026-01-04 09:23:15.535699640,3.195964288803716,9,Sunday
1278,2026-01-04 09:26:01.742710475,0.26887670368048905,9,Sunday
1284,2026-01-04 09:29:37.730545644,5.355279617356548,9,Sunday
1286,2026-01-04 09:37:57.762763494,10.607852696511799,9,Sunday
1291,2026-01-04 09:39:58.987488881,0.7343912124034377,9,Sunday
1283,2026-01-04 09:41:13.269359411,1.1912482217703124,9,Sunday
1295,2026-01-04 09:42:09.145805525,5.175830313402491,9,Sunday
1287,2026-01-04 09:42:13.885529883,1.2150777348314863,9,Sunday
1290,2026-01-04 09:42:46.965782283,1.7499259769507949,9,Sunday
1269,2026-01-04 09:44:27.254602147,0.24692827225770997,9,Sunday
1293,2026-01-04 09:45:39.736044902,6.7084687689273546,9,Sunday
1276,2026-01-04 09:47:20.156898393,2.2999272627958507,9,Sunday
1266,2026-01-04 09:50:21.618572481,0.5566968910601795,9,Sunday
1274,2026-01-04 09:50:33.762847777,3.0596759852499944,9,Sunday
1277,2026-01-04 09:53:30.739721318,2.308695422260187,9,Sunday
1279,2026-01-04 09:54:35.795317875,7.295779858065249,9,Sunday
1294,2026-01-04 09:57:02.781747832,1.8962634533008838,9,Sunday
1281,2026-01-04 09:57:50.682299364,8.63491419891449,9,Sunday
1292,2026-01-04 09:57:57.771018463,5.272590817927142,9,Sunday
1315,2026-01-04 10:00:35.725756060,3.2104629430782743,10,Sunday
1305,2026-01-04 10:00:52.896199157,7.643863453550762,10,Sunday
1326,2026-01-04 10:01:01.011593602,1.089742122761541,10,Sunday
1331,2026-01-04 10:01:03.188508119,0.7947600783391258,10,Sunday
1308,2026-01-04 10:01:09.579471303,2.5375331299759782,10,Sunday
1300,2026-01-04 10:03:29.131027489,5.198775432802587,10,Sunday
1301,2026-01-04 10:06:41.443964356,18.285827271425898,10,Sunday
1329,2026-01-04 10:07:12.746024834,7.600771455615799,10,Sunday
1309,2026-01-04 10:07:27.726236401,1.804244849911565,10,Sunday
1325,2026-01-04 10:07:31.980773145,1.2769216469929554,10,Sunday
1330,2026-01-04 10:15:56.098198650,4.3172866134791335,10,Sunday
1303,2026-01-04 10:16:03.333636220,0.1193889170775825,10,Sunday
1298,2026-01-04 10:17:14.674547276,0.006772713471739074,10,Sunday
1332,2026-01-04 10:17:35.910998810,8.333316729073271,10,Sunday
1320,2026-01-04 10:18:42.709888500,23.738222416799715,10,Sunday
1307,2026-01-04 10:20:14.443968368,3.0624072642822298,10,Sunday
1335,2026-01-04 10:20:53.144135405,5.60628828533534,10,Sunday
1299,2026-01-04 10:22:04.029555922,1.7819501195560352,10,Sunday
1306,2026-01-04 10:22:44.738575218,7.579194241744998,10,Sunday
1312,2026-01-04 10:24:15.443090117,1.4158190425046666,10,Sunday
1310,2026-01-04 10:24:49.113629707,0.33976095317135435,10,Sunday
1316,2026-01-04 10:27:50.742574032,0.29792445031242043,10,Sunday
1311,2026-01-04 10:29:34.312504010,1.2953782521651376,10,Sunday
1302,2026-01-04 10:30:57.102849764,9.388574993123456,10,Sunday
1334,2026-01-04 10:31:04.657899765,2.4564689738889043,10,Sunday
1318,2026-01-04 10:31:08.516208466,14.299395811760219,10,Sunday
1323,2026-01-04 10:31:16.665771554,0.39307926724584913,10,Sunday
1313,2026-01-04 10:31:51.375642283,3.308989422796835,10,Sunday
1314,2026-01-04 10:35:42.474029660,6.880619413033578,10,Sunday
1319,2026-01-04 10:40:39.152162852,7.689996178639589,10,Sunday
1327,2026-01-04 10:46:12.569562325,0.758784936855425,10,Sunday
1322,2026-01-04 10:46:22.517334754,16.4529803989145,10,Sunday
1333,2026-01-04 10:46:23.310746107,5.052384941086984,10,Sunday
1321,2026-01-04 10:46:26.368961349,3.931603883231449,10,Sunday
1328,2026-01-04 10:48:25.759934513,4.8697798619599055,10,Sunday
1304,2026-01-04 10:50:07.728812671,11.441468746111294,10,Sunday
1297,2026-01-04 10:53:24.774009490,2.3240003157968268,10,Sunday
1317,2026-01-04 10:57:48.597267195,15.825467021983783,10,Sunday
1324,2026-01-04 10:58:33.649763805,2.276014498231384,10,Sunday
1343,2026-01-04 11:00:28.229726778,3.685073610284772,11,Sunday
1358,2026-01-04 11:02:38.039793514,2.2082809591005335,11,Sunday
1362,2026-01-04 11:02:59.924503174,1.2556313986525485,11,Sunday
1341,2026-01-04 11:03:43.931614192,14.38544517946248,11,Sunday
1378,2026-01-04 11:04:23.093623297,2.323879121527445,11,Sunday
1352,2026-01-04 11:04:34.461184704,0.887862718992548,11,Sunday
1346,2026-01-04 11:08:03.389463248,0.8817258724042814,11,Sunday
1342,2026-01-04 11:08:50.290959404,16.111358472240994,11,Sunday
1359,2026-01-04 11:09:56.699207352,13.03158088526201,11,Sunday
1369,2026-01-04 11:11:48.932536032,3.2781987731790285,11,Sunday
1361,2026-01-04 11:12:33.067675468,5.0305806252761,11,Sunday
1349,2026-01-04 11:14:30.815858806,1.4207104998989795,11,Sunday
1367,2026-01-04 11:14:31.117669141,2.799221753900893,11,Sunday
1375,2026-01-04 11:15:34.350419433,24.994780379511752,11,Sunday
1353,2026-01-04 11:16:28.933734172,4.16302693854329,11,Sunday
1337,2026-01-04 11:17:25.816220417,19.86360103937694,11,Sunday
1357,2026-01-04 11:25:58.137607954,0.045397819254521424,11,Sunday
1376,2026-01-04 11:26:13.185188396,0.2297553109084137,11,Sunday
1360,2026-01-04 11:26:43.949899470,1.2982388548195847,11,Sunday
1345,2026-01-04 11:26:51.624331477,7.079856118620867,11,Sunday
1355,2026-01-04 11:27:34.793533449,3.45470472579968,11,Sunday
1338,2026-01-04 11:28:11.957765368,1.0542697055766685,11,Sunday
1350,2026-01-04 11:30:02.172856156,5.116807762306764,11,Sunday
1348,2026-01-04 11:31:46.775006204,6.33511639460626,11,Sunday
1356,2026-01-04 11:32:47.677711316,0.060884779438501666,11,Sunday
1374,2026-01-04 11:34:10.343206441,12.59941784148555,11,Sunday
1377,2026-01-04 11:35:36.819367363,7.156624401502873,11,Sunday
1344,2026-01-04 11:37:51.318444824,18.92869392429678,11,Sunday
1351,2026-01-04 11:40:46.633197846,5.492068727594814,11,Sunday
1340,2026-01-04 11:42:27.796860963,11.924336194756286,11,Sunday
1372,2026-01-04 11:42:42.202100685,1.7046051616351723,11,Sunday
1365,2026-01-04 11:47:35.314346388,6.525626528131986,11,Sunday
1354,2026-01-04 11:48:25.075767182,7.38387316020698,11,Sunday
1363,2026-01-04 11:50:37.138790586,1.9406068427327785,11,Sunday
1366,2026-01-04 11:51:13.625718136,0.501308115183345,11,Sunday
1339,2026-01-04 11:53:24.508094625,7.865412180781225,11,Sunday
1336,2026-01-04 11:55:02.949035275,4.868848016974755,11,Sunday
1370,2026-01-04 11:57:05.147317302,5.429971334477727,11,Sunday
1347,2026-01-04 11:57:28.562835804,3.2399141606916015,11,Sunday
1368,2026-01-04 11:57:38.257111847,0.14801829901126068,11,Sunday
1373,2026-01-04 11:58:52.117434450,2.5361324214142518,11,Sunday
1364,2026-01-04 11:58:52.293104990,9.420758508770627,11,Sunday
1371,2026-01-04 11:59:41.349458277,0.630666267184792,11,Sunday
1439,2026-01-04 12:00:00.041885119,9.708398381862212,12,Sunday
1395,2026-01-04 12:02:09.667745849,1.967399596573177,12,Sunday
1436,2026-01-04 12:02:15.255925436,2.1182112208300725,12,Sunday
1394,2026-01-04 12:02:20.147867972,1.8043537102967462,12,Sunday
1421,2026-01-04 12:04:08.427333406,3.606236217725379,12,Sunday
1420,2026-01-04 12:04:16.169826624,0.5407997301929703,12,Sunday
1391,2026-01-04 12:06:06.493258618,6.77196970640312,12,Sunday
1437,2026-01-04 12:07:40.320484400,2.044433181351139,12,Sunday
1431,2026-01-04 12:09:05.742269280,6.527832886776416,12,Sunday
1396,2026-01-04 12:10:30.798379580,6.234772679962116,12,Sunday
1416,2026-01-04 12:11:10.089231912,4.600914975811219,12,Sunday
1389,2026-01-04 12:11:29.734604645,1.269905152221055,12,Sunday
1414,2026-01-04 12:12:16.848392606,0.2167420526105625,12,Sunday
1419,2026-01-04 12:12:25.472913159,7.114901324549239,12,Sunday
1393,2026-01-04 12:13:15.070018666,2.746352896936128,12,Sunday
1388,2026-01-04 12:14:25.436086416,17.032884094513744,12,Sunday
1384,2026-01-04 12:15:03.604979744,1.811615123619793,12,Sunday
1434,2026-01-04 12:16:56.900734932,8.227162675622996,12,Sunday
1398,2026-01-04 12:16:56.923478317,1.002105658208199,12,Sunday
1405,2026-01-04 12:16:56.985837502,4.46577511649979,12,Sunday
1417,2026-01-04 12:19:53.632916641,1.758862845523176,12,Sunday
1427,2026-01-04 12:19:55.887719216,6.264531019127748,12,Sunday
1406,2026-01-04 12:21:10.981409761,5.408986102064621,12,Sunday
1382,2026-01-04 12:21:25.636173481,1.281726725915564,12,Sunday
1386,2026-01-04 12:21:30.882461489,0.00737454615192529,12,Sunday
1424,2026-01-04 12:24:33.883458541,13.509709168835878,12,Sunday
1440,2026-01-04 12:24:59.636982536,6.03939982992444,12,Sunday
1410,2026-01-04 12:25:10.012778246,0.9155371515647235,12,Sunday
1435,2026-01-04 12:25:30.821467575,1.0860596594951664,12,Sunday
1401,2026-01-04 12:26:11.811083167,8.217391843646855,12,Sunday
1412,2026-01-04 12:28:34.808639883,4.382619835734714,12,Sunday
1413,2026-01-04 12:29:51.143467725,15.20592755555257,12,Sunday
1392,2026-01-04 12:30:21.448467845,9.433386140185174,12,Sunday
1423,2026-01-04 12:30:24.913576662,2.304472380936284,12,Sunday
1403,2026-01-04 12:31:00.114186814,7.017167191600205,12,Sunday
1433,2026-01-04 12:32:20.740389849,1.6015193846438724,12,Sunday
1385,2026-01-04 12:33:50.666503800,1.3095301511269732,12,Sunday
1381,2026-01-04 12:34:37.641309737,18.074087681393877,12,Sunday
1402,2026-01-04 12:34:48.319804810,20.951547693411882,12,Sunday
1400,2026-01-04 12:34:53.840254761,11.610888745885164,12,Sunday
1415,2026-01-04 12:35:28.069091730,1.5416430140471902,12,Sunday
1430,2026-01-04 12:39:16.742472717,5.9305895666710455,12,Sunday
1387,2026-01-04 12:39:23.871865348,6.534547855373437,12,Sunday
1428,2026-01-04 12:41:37.025006905,3.096846221146379,12,Sunday
1404,2026-01-04 12:45:31.594513526,2.497740614418322,12,Sunday
1438,2026-01-04 12:45:55.968301857,19.204438111263077,12,Sunday
1429,2026-01-04 12:46:16.042137066,12.691190378560188,12,Sunday
1411,2026-01-04 12:46:49.315810824,7.5850165298705585,12,Sunday
1383,2026-01-04 12:47:15.176709091,1.813455880670851,12,Sunday
1425,2026-01-04 12:48:39.162891628,8.78697340064041,12,Sunday
1426,2026-01-04 12:50:08.973340477,5.973568708741899,12,Sunday
1418,2026-01-04 12:51:18.108725831,6.266238300943795,12,Sunday
1397,2026-01-04 12:52:00.373276221,8.485323753150265,12,Sunday
1432,2026-01-04 12:52:33.179100661,9.89132135435786,12,Sunday
1409,2026-01-04 12:53:33.209618951,6.177675616784138,12,Sunday
1407,2026-01-04 12:53:38.739489119,0.4085227772741556,12,Sunday
1390,2026-01-04 12:55:05.660712031,5.439061967302936,12,Sunday
1379,2026-01-04 12:55:06.335155723,3.6960622046693654,12,Sunday
1422,2026-01-04 12:56:26.824273811,3.5554413749490776,12,Sunday
1408,2026-01-04 12:56:47.243447341,3.9317644317620526,12,Sunday
1399,2026-01-04 12:57:01.653014071,2.317651199833902,12,Sunday
1380,2026-01-04 12:57:03.342940209,0.2809178457824846,12,Sunday
1450,2026-01-04 13:00:41.104740434,17.294767846531578,13,Sunday
1480,2026-01-04 13:00:43.764377318,5.6989199317458885,13,Sunday
1448,2026-01-04 13:01:30.696290253,1.694607823168569,13,Sunday
1459,2026-01-04 13:03:06.007397968,5.227796404115659,13,Sunday
1482,2026-01-04 13:03:06.608876831,0.07757311732207486,13,Sunday
1497,2026-01-04 13:03:23.708362128,12.29904116448158,13,Sunday
1511,2026-01-04 13:04:03.009168061,6.710873543226646,13,Sunday
1491,2026-01-04 13:04:06.071521115,18.86281737842832,13,Sunday
1506,2026-01-04 13:06:04.942431191,1.3855051151320081,13,Sunday
1515,2026-01-04 13:06:47.892617018,1.579079571346389,13,Sunday
1467,2026-01-04 13:07:54.174102884,1.876430992420446,13,Sunday
1469,2026-01-04 13:09:26.183549446,4.552391816101794,13,Sunday
1444,2026-01-04 13:09:46.927212953,1.5345029413501967,13,Sunday
1463,2026-01-04 13:10:45.320202868,1.4443675475963291,13,Sunday
1513,2026-01-04 13:10:45.712855243,1.4275971324184038,13,Sunday
1503,2026-01-04 13:11:56.371700253,4.45133636144739,13,Sunday
1454,2026-01-04 13:14:05.904257985,15.12304828716215,13,Sunday
1475,2026-01-04 13:15:01.684435652,6.669178069043613,13,Sunday
1508,2026-01-04 13:16:34.748790477,0.47920477802918,13,Sunday
1507,2026-01-04 13:16:40.269993922,6.259739163161683,13,Sunday
1493,2026-01-04 13:17:08.729968533,0.04177373062622429,13,Sunday
1484,2026-01-04 13:17:15.477824557,1.4591301618925725,13,Sunday
1471,2026-01-04 13:17:24.163915064,14.662259804712816,13,Sunday
1485,2026-01-04 13:18:24.395758279,2.9914968667385016,13,Sunday
1470,2026-01-04 13:18:35.236293152,10.053147087469952,13,Sunday
1496,2026-01-04 13:19:56.842165735,6.899262764478805,13,Sunday
1488,2026-01-04 13:20:02.579876407,9.156711367572209,13,Sunday
1486,2026-01-04 13:21:10.650612428,15.800796297502718,13,Sunday
1498,2026-01-04 13:22:26.115769246,2.8459912786061885,13,Sunday
1443,2026-01-04 13:22:49.863755531,2.5342707571706296,13,Sunday
1447,2026-01-04 13:23:03.678138686,1.5635210297696756,13,Sunday
1466,2026-01-04 13:23:47.593255163,4.708137790959099,13,Sunday
1516,2026-01-04 13:24:12.963608501,1.4221685722856123,13,Sunday
1490,2026-01-04 13:24:16.298588065,5.580733072314863,13,Sunday
1504,2026-01-04 13:25:06.001910768,4.7504228892607285,13,Sunday
1509,2026-01-04 13:25:55.268139340,1.111159437946992,13,Sunday
1494,2026-01-04 13:25:57.960766557,2.8421217841253443,13,Sunday
1453,2026-01-04 13:26:15.580781333,0.39296337244275537,13,Sunday
1442,2026-01-04 13:29:46.531510376,2.127248644659102,13,Sunday
1460,2026-01-04 13:30:17.264153896,1.5557909833478298,13,Sunday
1512,2026-01-04 13:31:07.323579770,0.06920449429463241,13,Sunday
1457,2026-01-04 13:32:47.149137880,4.56952523879412,13,Sunday
1483,2026-01-04 13:32:55.891194278,4.372458755453356,13,Sunday
1465,2026-01-04 13:33:09.745472586,6.13160112225038,13,Sunday
1477,2026-01-04 13:34:18.285539317,1.1321988527499602,13,Sunday
1487,2026-01-04 13:37:16.652816578,2.546095554848561,13,Sunday
1476,2026-01-04 13:37:29.546758585,10.727642831722235,13,Sunday
1502,2026-01-04 13:37:56.215753095,0.04547699803614305,13,Sunday
1500,2026-01-04 13:38:30.243830274,2.849370162666727,13,Sunday
1501,2026-01-04 13:40:17.324935201,6.426778759780297,13,Sunday
1473,2026-01-04 13:40:21.730779152,0.841079234315485,13,Sunday
1481,2026-01-04 13:40:26.471708611,2.622524557519717,13,Sunday
1495,2026-01-04 13:41:07.597979598,0.48599997869304995,13,Sunday
1451,2026-01-04 13:42:13.319206664,4.627126634713337,13,Sunday
1518,2026-01-04 13:42:16.395940898,3.0711302767106776,13,Sunday
1455,2026-01-04 13:42:17.535636156,1.7640605735917971,13,Sunday
1461,2026-01-04 13:43:06.434210361,0.07613006942445556,13,Sunday
1489,2026-01-04 13:43:57.716582125,1.0446046558564828,13,Sunday
1446,2026-01-04 13:44:03.998155472,3.298945959341901,13,Sunday
1517,2026-01-04 13:44:16.385945404,0.3228328516165735,13,Sunday
1505,2026-01-04 13:45:03.383274107,5.076251206765839,13,Sunday
1492,2026-01-04 13:47:01.535432942,0.5373308821031382,13,Sunday
1445,2026-01-04 13:47:10.340348139,1.1491602143566875,13,Sunday
1474,2026-01-04 13:47:48.053029888,14.478191298494597,13,Sunday
1464,2026-01-04 13:48:00.012534349,5.635464512230804,13,Sunday
1456,2026-01-04 13:49:01.661311256,0.4829233816040338,13,Sunday
1478,2026-01-04 13:49:58.189356437,4.428636336323545,13,Sunday
1449,2026-01-04 13:50:20.390379784,5.3465694969159205,13,Sunday
1462,2026-01-04 13:51:45.505696137,16.764232206039814,13,Sunday
1468,2026-01-04 13:51:55.064732072,1.5810679551628297,13,Sunday
1472,2026-01-04 13:52:17.090523087,0.5597207257871357,13,Sunday
1479,2026-01-04 13:54:21.913417732,6.038893427855406,13,Sunday
1499,2026-01-04 13:56:40.014897699,1.4968279124765962,13,Sunday
1441,2026-01-04 13:56:49.526401590,2.747214115099548,13,Sunday
1458,2026-01-04 13:58:01.326990922,4.886162356502919,13,Sunday
1452,2026-01-04 13:58:12.925595013,0.4005189942997255,13,Sunday
1514,2026-01-04 13:58:14.435563475,1.2065788712923633,13,Sunday
1510,2026-01-04 13:58:49.327467391,10.496998808902605,13,Sunday
1554,2026-01-04 14:01:18.887983590,1.3823052658091772,14,Sunday
1557,2026-01-04 14:03:22.233878450,1.2574663233084151,14,Sunday
1550,2026-01-04 14:03:50.422847791,0.43626250762010454,14,Sunday
1532,2026-01-04 14:04:06.451389600,5.649598190940283,14,Sunday
1567,2026-01-04 14:04:13.771004315,4.069555759654726,14,Sunday
1520,2026-01-04 14:04:52.137042730,15.268397969230026,14,Sunday
1560,2026-01-04 14:06:19.415585188,1.4075213996189349,14,Sunday
1573,2026-01-04 14:06:37.554708279,0.9418625811311385,14,Sunday
1565,2026-01-04 14:09:34.172145148,16.077258807530036,14,Sunday
1566,2026-01-04 14:09:37.665411376,4.789477740754984,14,Sunday
1568,2026-01-04 14:11:08.328137644,2.6873463678898757,14,Sunday
1527,2026-01-04 14:12:01.015264323,2.4939150011702385,14,Sunday
1544,2026-01-04 14:14:54.180991475,0.9033215947152424,14,Sunday
1576,2026-01-04 14:14:59.845007031,10.221413266333093,14,Sunday
1564,2026-01-04 14:15:36.851752746,1.2394481473601149,14,Sunday
1537,2026-01-04 14:16:07.872651775,4.715057297135249,14,Sunday
1574,2026-01-04 14:17:21.074806665,3.4668635507154195,14,Sunday
1552,2026-01-04 14:17:32.579197483,0.9060998805753395,14,Sunday
1555,2026-01-04 14:18:03.765880203,2.186879373005469,14,Sunday
1583,2026-01-04 14:18:28.064994050,0.7706648613371263,14,Sunday
1575,2026-01-04 14:18:35.304751160,2.6547853333703615,14,Sunday
1580,2026-01-04 14:21:13.640971451,4.6524286456636785,14,Sunday
1579,2026-01-04 14:21:24.789510615,0.6130682839680344,14,Sunday
1538,2026-01-04 14:22:06.416111699,0.873942445366517,14,Sunday
1533,2026-01-04 14:22:16.006578348,9.097967581497205,14,Sunday
1562,2026-01-04 14:24:34.815792153,2.479954925116879,14,Sunday
1546,2026-01-04 14:25:39.364801332,6.34237205923132,14,Sunday
1547,2026-01-04 14:26:33.163853333,6.591329354919006,14,Sunday
1553,2026-01-04 14:26:38.110036222,11.075414535748173,14,Sunday
1542,2026-01-04 14:27:15.643523043,1.3042151555503232,14,Sunday
1558,2026-01-04 14:29:27.944625779,3.661775005095822,14,Sunday
1556,2026-01-04 14:30:09.472473468,0.5565882570548336,14,Sunday
1577,2026-01-04 14:30:54.020374955,4.99047283861855,14,Sunday
1531,2026-01-04 14:31:17.216487000,9.788483684779266,14,Sunday
1578,2026-01-04 14:32:07.993733566,3.801823142536145,14,Sunday
1536,2026-01-04 14:32:17.994995720,2.892049236190386,14,Sunday
1526,2026-01-04 14:32:39.314278009,0.5410894290702714,14,Sunday
1535,2026-01-04 14:35:04.016075126,6.898696535848757,14,Sunday
1528,2026-01-04 14:37:00.420988269,4.030137157340868,14,Sunday
1543,2026-01-04 14:37:48.889990042,0.6252731117308141,14,Sunday
1548,2026-01-04 14:38:57.560368476,3.6173448731352558,14,Sunday
1563,2026-01-04 14:39:18.625372287,1.3341932089252793,14,Sunday
1569,2026-01-04 14:39:51.189785960,2.8013429223173603,14,Sunday
1540,2026-01-04 14:39:59.266971096,0.9877034469695107,14,Sunday
1519,2026-01-04 14:40:22.338006953,12.254755242514166,14,Sunday
1572,2026-01-04 14:41:06.483515548,6.055760841675229,14,Sunday
1545,2026-01-04 14:42:19.658989020,0.00997061079855313,14,Sunday
1530,2026-01-04 14:44:16.502616074,1.0775083000408872,14,Sunday
1529,2026-01-04 14:44:34.373377204,3.4971591639203408,14,Sunday
1561,2026-01-04 14:45:51.986621071,0.2973285639384077,14,Sunday
1541,2026-01-04 14:47:14.593296308,5.920027268512381,14,Sunday
1582,2026-01-04 14:47:21.454253950,2.0564595718436522,14,Sunday
1523,2026-01-04 14:48:18.325146584,3.5223972788543008,14,Sunday
1571,2026-01-04 14:48:50.852468128,5.960712084619026,14,Sunday
1524,2026-01-04 14:49:22.741698150,14.161338022406763,14,Sunday
1551,2026-01-04 14:49:29.075654449,0.09657146158574832,14,Sunday
1581,2026-01-04 14:49:42.800152461,0.6233051440267388,14,Sunday
1522,2026-01-04 14:50:18.570601834,2.1880690356209325,14,Sunday
1570,2026-01-04 14:52:54.086202636,3.8924906350990818,14,Sunday
1539,2026-01-04 14:53:43.245920951,5.598854061247785,14,Sunday
1534,2026-01-04 14:55:14.759790468,9.786625034027141,14,Sunday
1559,2026-01-04 14:55:37.598263890,4.679313638308699,14,Sunday
1525,2026-01-04 14:55:57.757829277,10.450265554463936,14,Sunday
1549,2026-01-04 14:56:10.610237288,0.8798854342037745,14,Sunday
1521,2026-01-04 14:57:05.366556636,1.978137348938951,14,Sunday
1597,2026-01-04 15:00:35.923595970,0.026638211927366016,15,Sunday
1589,2026-01-04 15:01:05.246547764,3.1203310823324064,15,Sunday
1621,2026-01-04 15:03:59.633020491,4.323317676020178,15,Sunday
1616,2026-01-04 15:04:01.105003290,11.942266819727802,15,Sunday
1591,2026-01-04 15:04:08.565262732,5.34618234187654,15,Sunday
1623,2026-01-04 15:04:26.779521269,0.8508388667527144,15,Sunday
1611,2026-01-04 15:04:32.519018315,6.778887608141981,15,Sunday
1607,2026-01-04 15:11:00.391907052,3.6491395017543886,15,Sunday
1615,2026-01-04 15:12:12.501872991,6.9310277943560505,15,Sunday
1586,2026-01-04 15:12:15.538980236,2.330323176468781,15,Sunday
1596,2026-01-04 15:15:11.780580681,3.3081395470501223,15,Sunday
1629,2026-01-04 15:19:16.183749489,1.3820665406717283,15,Sunday
1604,2026-01-04 15:20:01.062225012,7.615383210126404,15,Sunday
1624,2026-01-04 15:22:31.688142479,3.211521529083448,15,Sunday
1612,2026-01-04 15:23:16.173923700,0.9309311113175609,15,Sunday
1618,2026-01-04 15:23:21.857780323,4.546020829885577,15,Sunday
1584,2026-01-04 15:23:30.693743476,1.24302047501835,15,Sunday
1588,2026-01-04 15:25:09.377980197,2.306799069853607,15,Sunday
1626,2026-01-04 15:26:00.500037920,1.5800147346499278,15,Sunday
1606,2026-01-04 15:27:04.658806905,8.122810339259654,15,Sunday
1610,2026-01-04 15:27:58.715122104,4.844158034676422,15,Sunday
1592,2026-01-04 15:28:27.318075517,6.1681351370333335,15,Sunday
1603,2026-01-04 15:29:06.340775926,4.38190882295859,15,Sunday
1587,2026-01-04 15:30:28.098230251,0.35594253131322523,15,Sunday
1599,2026-01-04 15:32:08.363757651,7.409833644919387,15,Sunday
1619,2026-01-04 15:32:30.339471363,5.308501052794627,15,Sunday
1628,2026-01-04 15:33:32.613425807,1.8831260848764964,15,Sunday
1593,2026-01-04 15:33:38.441861780,0.04199426856058394,15,Sunday
1594,2026-01-04 15:37:42.335243812,1.227376543151715,15,Sunday
1622,2026-01-04 15:38:53.944826827,5.003681439657029,15,Sunday
1595,2026-01-04 15:41:19.073865508,5.418878807356186,15,Sunday
1598,2026-01-04 15:43:24.397184477,8.160837477457024,15,Sunday
1605,2026-01-04 15:47:29.609529328,6.966534304535216,15,Sunday
1590,2026-01-04 15:47:33.929208862,6.413957389264605,15,Sunday
1613,2026-01-04 15:48:12.735574065,1.0844109723041844,15,Sunday
1625,2026-01-04 15:48:13.732362696,6.300901504357142,15,Sunday
1601,2026-01-04 15:49:16.998106442,0.3438751498821395,15,Sunday
1600,2026-01-04 15:50:10.023731546,3.975004405811174,15,Sunday
1602,2026-01-04 15:50:35.974204036,7.273188279549895,15,Sunday
1608,2026-01-04 15:51:17.906470421,0.7560015384221204,15,Sunday
1617,2026-01-04 15:52:38.461631278,7.108889013113904,15,Sunday
1609,2026-01-04 15:52:57.215556380,5.560881426470513,15,Sunday
1585,2026-01-04 15:53:44.429199427,2.1579202945019085,15,Sunday
1614,2026-01-04 15:54:06.386502766,11.055023720907293,15,Sunday
1620,2026-01-04 15:58:05.036923382,10.996891050998268,15,Sunday
1627,2026-01-04 15:59:49.856474050,1.1298262711589633,15,Sunday
1633,2026-01-04 16:04:37.098009771,2.297077123598895,16,Sunday
1632,2026-01-04 16:11:16.513370935,6.002375118285905,16,Sunday
1646,2026-01-04 16:11:27.335706257,1.9673661327106797,16,Sunday
1648,2026-01-04 16:13:07.376206792,27.808386180741863,16,Sunday
1641,2026-01-04 16:15:50.623144897,0.19879675840272978,16,Sunday
1650,2026-01-04 16:15:52.686096931,9.317502459260151,16,Sunday
1645,2026-01-04 16:16:10.242704252,10.951561116018706,16,Sunday
1639,2026-01-04 16:16:19.005741906,1.394580914974728,16,Sunday
1644,2026-01-04 16:19:28.242480631,11.409952473304836,16,Sunday
1635,2026-01-04 16:22:58.075551970,0.15822270730651902,16,Sunday
1631,2026-01-04 16:30:25.414728259,0.462687345025399,16,Sunday
1649,2026-01-04 16:35:43.091757338,8.726736769711309,16,Sunday
1643,2026-01-04 16:38:10.947413520,1.950621997161652,16,Sunday
1637,2026-01-04 16:39:34.238767106,0.1712825761378989,16,Sunday
1651,2026-01-04 16:39:43.088201257,1.431806299604674,16,Sunday
1640,2026-01-04 16:41:32.492120859,4.074734519277519,16,Sunday
1647,2026-01-04 16:41:40.707452017,11.561202569055897,16,Sunday
1634,2026-01-04 16:41:46.162122496,2.831217998206428,16,Sunday
1654,2026-01-04 16:45:39.064791350,0.49864830924027337,16,Sunday
1653,2026-01-04 16:46:40.890875320,0.3481220362865055,16,Sunday
1638,2026-01-04 16:47:46.469221948,10.567506119683948,16,Sunday
1652,2026-01-04 16:48:53.783022745,4.298398992553327,16,Sunday
1636,2026-01-04 16:49:18.591407707,1.5026644533912372,16,Sunday
1630,2026-01-04 16:54:28.218649980,1.0395656616596674,16,Sunday
1642,2026-01-04 16:56:20.646526021,5.495773048072541,16,Sunday
1668,2026-01-05 08:00:51.773205859,1.1889761909378165,8,Monday
1661,2026-01-05 08:01:20.733200983,2.4651779752405427,8,Monday
1672,2026-01-05 08:02:20.176860075,8.158777018532883,8,Monday
1658,2026-01-05 08:02:25.262976694,7.067920140598498,8,Monday
1660,2026-01-05 08:07:48.290411384,6.144692688281089,8,Monday
1667,2026-01-05 08:13:55.265449111,3.750465962435363,8,Monday
1657,2026-01-05 08:14:29.387346924,23.37751105393526,8,Monday
1665,2026-01-05 08:18:46.000761157,13.235212029327808,8,Monday
1662,2026-01-05 08:21:37.536577709,1.2995269560208722,8,Monday
1659,2026-01-05 08:24:40.289464780,2.919614941672946,8,Monday
1675,2026-01-05 08:33:48.223262565,0.2741186319598373,8,Monday
1664,2026-01-05 08:33:58.250488410,13.168107520581172,8,Monday
1674,2026-01-05 08:37:10.294320130,4.496654568445091,8,Monday
1670,2026-01-05 08:37:25.475105510,19.84770656162156,8,Monday
1676,2026-01-05 08:37:28.610573212,3.0326858939522596,8,Monday
1666,2026-01-05 08:39:15.631219773,2.092032018851315,8,Monday
1671,2026-01-05 08:45:44.289448203,5.2421002494304805,8,Monday
1669,2026-01-05 08:45:51.672191171,27.16623096007408,8,Monday
1663,2026-01-05 08:47:01.457703870,4.542256167094156,8,Monday
1673,2026-01-05 08:50:13.630660190,6.27808801792394,8,Monday
1655,2026-01-05 08:51:28.883775626,4.420769803459724,8,Monday
1677,2026-01-05 08:51:51.959688726,5.616363904695659,8,Monday
1656,2026-01-05 08:59:51.461870647,4.348829704919095,8,Monday
1694,2026-01-05 09:01:08.921524788,8.113636947089958,9,Monday
1704,2026-01-05 09:09:13.287754239,0.3468390182076232,9,Monday
1685,2026-01-05 09:09:22.343647271,10.64202484115725,9,Monday
1679,2026-01-05 09:10:02.485316052,2.19194082082837,9,Monday
1693,2026-01-05 09:10:11.022342876,1.6880012053853386,9,Monday
1688,2026-01-05 09:10:45.681637041,1.1864141540467563,9,Monday
1684,2026-01-05 09:16:31.037568426,4.667781584065128,9,Monday
1706,2026-01-05 09:16:37.245087573,8.490632765453647,9,Monday
1703,2026-01-05 09:24:06.793919606,2.0419397528551704,9,Monday
1690,2026-01-05 09:27:18.619170241,10.86188387330262,9,Monday
1702,2026-01-05 09:29:18.584277575,0.32212767012842175,9,Monday
1680,2026-01-05 09:30:01.294006376,0.2669477234958443,9,Monday
1701,2026-01-05 09:32:09.366283867,9.399280356643363,9,Monday
1705,2026-01-05 09:34:21.386038375,18.513499282987343,9,Monday
1708,2026-01-05 09:34:59.486895397,13.900301338964836,9,Monday
1687,2026-01-05 09:35:57.487618101,5.380029890547041,9,Monday
1696,2026-01-05 09:36:34.910730549,0.15243008731011756,9,Monday
1686,2026-01-05 09:38:09.385176576,10.724267725759072,9,Monday
1683,2026-01-05 09:38:55.100244367,0.44178164933378405,9,Monday
1691,2026-01-05 09:40:03.938129771,1.0948462850360547,9,Monday
1681,2026-01-05 09:41:27.182315582,0.16129260770302406,9,Monday
1682,2026-01-05 09:41:49.688901210,2.752470101567029,9,Monday
1697,2026-01-05 09:41:58.702450639,11.382923547395158,9,Monday
1689,2026-01-05 09:42:18.500924054,9.938756123270604,9,Monday
1695,2026-01-05 09:46:44.769311024,29.458819920511765,9,Monday
1699,2026-01-05 09:48:10.119365368,18.130954308603386,9,Monday
1692,2026-01-05 09:50:14.521487172,6.686113292848202,9,Monday
1698,2026-01-05 09:50:17.357909959,4.8726527722878155,9,Monday
1707,2026-01-05 09:55:16.707043966,9.5712432743357,9,Monday
1678,2026-01-05 09:56:30.091151968,4.492747468663413,9,Monday
1700,2026-01-05 09:57:39.312528943,3.1275316100669692,9,Monday
1730,2026-01-05 10:03:45.233431990,3.0664278999475174,10,Monday
1709,2026-01-05 10:04:15.725600558,2.0976564723377953,10,Monday
1714,2026-01-05 10:06:03.521184543,1.8006868796389461,10,Monday
1726,2026-01-05 10:07:46.844321607,1.8297568147735686,10,Monday
1733,2026-01-05 10:08:48.918924901,5.501253208091015,10,Monday
1716,2026-01-05 10:08:50.192028787,8.143228290865643,10,Monday
1715,2026-01-05 10:10:02.967920738,4.143784966406359,10,Monday
1731,2026-01-05 10:12:37.824982795,6.455031385964184,10,Monday
1710,2026-01-05 10:12:38.855165580,9.99978591018371,10,Monday
1711,2026-01-05 10:13:45.716797335,0.8416513317584938,10,Monday
1725,2026-01-05 10:13:57.021571948,3.0770808575299577,10,Monday
1727,2026-01-05 10:15:23.267019660,8.640578305722409,10,Monday
1713,2026-01-05 10:16:06.823802833,3.3134584176867077,10,Monday
1721,2026-01-05 10:16:42.126533985,4.890810538759516,10,Monday
1724,2026-01-05 10:17:57.780145339,0.4292729095505401,10,Monday
1723,2026-01-05 10:19:34.514104948,3.345535548474945,10,Monday
1728,2026-01-05 10:21:19.151094505,0.2933321887280849,10,Monday
1720,2026-01-05 10:26:23.065751428,0.7778847340567875,10,Monday
1712,2026-01-05 10:28:08.785959771,0.4318043191951981,10,Monday
1729,2026-01-05 10:40:26.379149324,2.711644018475361,10,Monday
1718,2026-01-05 10:45:33.453024906,4.3458322076818146,10,Monday
1722,2026-01-05 10:47:53.855509953,1.598550472856222,10,Monday
1732,2026-01-05 10:48:32.485105050,4.269956097824136,10,Monday
1719,2026-01-05 10:58:03.941274970,3.521129218640965,10,Monday
1717,2026-01-05 10:58:23.076472484,0.7375633156735949,10,Monday
1777,2026-01-05 11:05:13.261985890,12.07349274895966,11,Monday
1750,2026-01-05 11:07:33.607300310,3.0654324691254775,11,Monday
1762,2026-01-05 11:08:28.404756143,7.147588734519326,11,Monday
1773,2026-01-05 11:08:34.804041596,1.1435976691547312,11,Monday
1753,2026-01-05 11:10:31.769858572,3.3289295402065058,11,Monday
1767,2026-01-05 11:10:58.216007527,38.617647610312304,11,Monday
1764,2026-01-05 11:11:06.973279379,3.339984135452396,11,Monday
1738,2026-01-05 11:11:42.599461987,5.585377667199042,11,Monday
1751,2026-01-05 11:11:47.109177139,2.1633032924217135,11,Monday
1766,2026-01-05 11:13:07.355281164,4.542985650204533,11,Monday
1758,2026-01-05 11:13:47.376212871,1.3600060034847197,11,Monday
1765,2026-01-05 11:16:43.115027214,2.8104648917574453,11,Monday
1769,2026-01-05 11:17:08.547243579,2.5363738693217295,11,Monday
1747,2026-01-05 11:19:41.639180442,4.935295559612935,11,Monday
1744,2026-01-05 11:21:41.053604641,0.0032680215703518455,11,Monday
1776,2026-01-05 11:22:02.606623309,4.774237154703567,11,Monday
1737,2026-01-05 11:22:17.282145447,0.9626058227600851,11,Monday
1760,2026-01-05 11:22:19.823718888,3.156207996288356,11,Monday
1774,2026-01-05 11:22:28.373676166,2.0806960416615414,11,Monday
1746,2026-01-05 11:24:24.497283426,7.865404874322916,11,Monday
1748,2026-01-05 11:27:14.363680318,6.9367899115989875,11,Monday
1742,2026-01-05 11:28:59.451107929,1.4362038674606603,11,Monday
1739,2026-01-05 11:29:21.813134663,1.245540299742289,11,Monday
1756,2026-01-05 11:29:22.648063380,1.722750267019295,11,Monday
1741,2026-01-05 11:29:33.248654711,10.36021581868679,11,Monday
1759,2026-01-05 11:33:09.584163996,11.953506411923291,11,Monday
1754,2026-01-05 11:34:03.818344551,12.675086398529636,11,Monday
1763,2026-01-05 11:34:15.158700622,0.8390894505614923,11,Monday
1772,2026-01-05 11:34:16.537691773,0.15468674449368608,11,Monday
1755,2026-01-05 11:34:45.532079982,0.20441789380499487,11,Monday
1757,2026-01-05 11:38:41.082894876,1.1630721454153987,11,Monday
1761,2026-01-05 11:39:42.002134665,3.1396014783062025,11,Monday
1740,2026-01-05 11:44:29.909226609,1.2308298155587216,11,Monday
1749,2026-01-05 11:45:44.809051229,0.8246595886831491,11,Monday
1775,2026-01-05 11:47:51.836148053,3.5726790505528023,11,Monday
1768,2026-01-05 11:49:32.559425618,7.336413617363867,11,Monday
1743,2026-01-05 11:50:17.629515894,1.5275152788324524,11,Monday
1734,2026-01-05 11:50:24.389082381,4.068500491944789,11,Monday
1745,2026-01-05 11:51:35.260829321,10.22690266644361,11,Monday
1736,2026-01-05 11:53:22.269519757,7.9463725144594495,11,Monday
1770,2026-01-05 11:55:37.645614712,8.788328196142539,11,Monday
1752,2026-01-05 11:57:05.201372387,0.49234671797103785,11,Monday
1771,2026-01-05 11:58:11.735491242,0.9359169618058403,11,Monday
1735,2026-01-05 11:59:22.024071474,9.325550766240665,11,Monday
1826,2026-01-05 12:00:37.024185368,13.408617619868695,12,Monday
1805,2026-01-05 12:01:08.959747984,1.5847524290519641,12,Monday
1784,2026-01-05 12:01:29.897983621,3.480938595079946,12,Monday
1811,2026-01-05 12:01:48.373939960,0.6385481087491485,12,Monday
1779,2026-01-05 12:02:05.681589562,0.8884076272803241,12,Monday
1787,2026-01-05 12:02:58.611744019,5.422269456987178,12,Monday
1778,2026-01-05 12:03:00.874835362,0.48454018310194,12,Monday
1842,2026-01-05 12:03:42.510458481,0.3480055326070639,12,Monday
1804,2026-01-05 12:03:58.194679803,5.87297321075241,12,Monday
1833,2026-01-05 12:04:44.181850607,0.05434974021507358,12,Monday
1789,2026-01-05 12:06:41.734799846,7.009438188166358,12,Monday
1797,2026-01-05 12:07:31.750668476,5.446136239986656,12,Monday
1783,2026-01-05 12:09:38.446504962,2.9594059254304432,12,Monday
1792,2026-01-05 12:10:24.585781278,8.502501435670823,12,Monday
1839,2026-01-05 12:11:08.639059218,0.6318375474465349,12,Monday
1809,2026-01-05 12:14:03.932160041,2.8102228482699436,12,Monday
1799,2026-01-05 12:14:12.959969663,2.5742205964007474,12,Monday
1786,2026-01-05 12:14:14.922804308,3.1834585638603845,12,Monday
1835,2026-01-05 12:15:39.774694445,8.07176738031259,12,Monday
1815,2026-01-05 12:15:55.787066744,3.394442448212634,12,Monday
1823,2026-01-05 12:16:38.872847009,2.1076499495978767,12,Monday
1791,2026-01-05 12:16:51.779100600,11.735808918792035,12,Monday
1824,2026-01-05 12:16:53.817751580,6.602535110824133,12,Monday
1831,2026-01-05 12:18:42.765968749,2.5501195976414404,12,Monday
1818,2026-01-05 12:19:03.178920927,2.844427420597862,12,Monday
1832,2026-01-05 12:20:23.898709655,1.9785247627584628,12,Monday
1836,2026-01-05 12:20:36.192127839,0.5516113468993782,12,Monday
1810,2026-01-05 12:20:42.301483847,8.887779231457117,12,Monday
1840,2026-01-05 12:22:21.032153592,19.70422886118751,12,Monday
1793,2026-01-05 12:22:47.105482509,7.074459290608738,12,Monday
1803,2026-01-05 12:23:14.361064711,1.8834996801044137,12,Monday
1795,2026-01-05 12:23:31.536876856,0.03450862210747384,12,Monday
1781,2026-01-05 12:26:17.443007694,0.8153734842803941,12,Monday
1834,2026-01-05 12:26:34.073291557,8.759360493377885,12,Monday
1785,2026-01-05 12:26:56.539564548,1.4161839422852345,12,Monday
1807,2026-01-05 12:31:29.048295581,1.0205814740946557,12,Monday
1780,2026-01-05 12:33:04.175862898,4.521969331851857,12,Monday
1801,2026-01-05 12:33:56.813597427,11.295849030154477,12,Monday
1790,2026-01-05 12:36:29.950200027,4.312459857190263,12,Monday
1816,2026-01-05 12:36:41.269000412,1.7829609495077299,12,Monday
1829,2026-01-05 12:37:21.682347419,5.350568759519473,12,Monday
1813,2026-01-05 12:40:04.324464122,3.7906147377303485,12,Monday
1800,2026-01-05 12:40:38.615267599,10.796186555842173,12,Monday
1817,2026-01-05 12:40:42.599885853,4.53271640550258,12,Monday
1828,2026-01-05 12:42:22.486185198,4.180531620112004,12,Monday
1827,2026-01-05 12:42:57.779903671,8.601317150779932,12,Monday
1788,2026-01-05 12:43:28.553832651,6.955070145337542,12,Monday
1822,2026-01-05 12:44:20.641113381,11.635056661237526,12,Monday
1796,2026-01-05 12:45:02.770737159,1.1941248046516135,12,Monday
1798,2026-01-05 12:46:21.977110794,2.6483222338555295,12,Monday
1808,2026-01-05 12:46:30.878586605,2.0935695928863476,12,Monday
1794,2026-01-05 12:48:05.204794402,0.28605660274103417,12,Monday
1806,2026-01-05 12:49:36.690819501,1.057370976056068,12,Monday
1837,2026-01-05 12:50:04.458444920,4.300229981594398,12,Monday
1782,2026-01-05 12:50:21.049421929,17.222045748766888,12,Monday
1819,2026-01-05 12:50:53.193246056,0.8980593310915677,12,Monday
1821,2026-01-05 12:53:05.478423705,3.9559579776970217,12,Monday
1841,2026-01-05 12:55:43.070023615,1.2084211585809954,12,Monday
1802,2026-01-05 12:55:44.920981962,11.994118040788866,12,Monday
1814,2026-01-05 12:55:59.538315933,1.6980030230600378,12,Monday
1838,2026-01-05 12:56:07.744248698,3.1179348664161926,12,Monday
1820,2026-01-05 12:56:49.781266440,0.6197901028445114,12,Monday
1812,2026-01-05 12:57:41.372368466,6.6387283549360445,12,Monday
1825,2026-01-05 12:57:48.097153605,5.374401002359871,12,Monday
1830,2026-01-05 12:59:24.391845912,11.432892748977165,12,Monday
1843,2026-01-05 13:01:56.796405769,5.367059868281256,13,Monday
1890,2026-01-05 13:01:57.572618824,2.5139177196934486,13,Monday
1857,2026-01-05 13:03:01.258297089,15.864496757970013,13,Monday
1858,2026-01-05 13:03:09.954928294,1.2451666157664185,13,Monday
1898,2026-01-05 13:04:06.421629237,1.5457438820776304,13,Monday
1904,2026-01-05 13:04:36.490973931,0.6413694948500309,13,Monday
1874,2026-01-05 13:05:04.878030751,9.310885282174668,13,Monday
1846,2026-01-05 13:06:11.754031950,1.003113227188961,13,Monday
1913,2026-01-05 13:06:21.147545567,0.937292053855441,13,Monday
1900,2026-01-05 13:06:58.890546592,0.13053725868436594,13,Monday
1886,2026-01-05 13:07:07.117556669,1.5872615752575572,13,Monday
1893,2026-01-05 13:09:40.387723110,5.55990360274469,13,Monday
1847,2026-01-05 13:10:21.085957006,0.8528308464195054,13,Monday
1873,2026-01-05 13:12:32.613745344,3.8858681584589765,13,Monday
1878,2026-01-05 13:13:16.459307205,1.4462115619560123,13,Monday
1861,2026-01-05 13:13:35.477853729,12.409787685418447,13,Monday
1863,2026-01-05 13:15:10.289225700,4.968838365187657,13,Monday
1912,2026-01-05 13:15:19.210945547,0.873109979039669,13,Monday
1853,2026-01-05 13:15:34.815020221,4.07138482603557,13,Monday
1849,2026-01-05 13:17:46.887408647,0.2140950231550728,13,Monday
1884,2026-01-05 13:18:11.829207057,1.9667776021999341,13,Monday
1872,2026-01-05 13:19:41.446138071,8.946703451395797,13,Monday
1856,2026-01-05 13:20:51.067663129,6.574267822364975,13,Monday
1869,2026-01-05 13:21:02.948793606,6.574455979103181,13,Monday
1905,2026-01-05 13:21:16.798337946,13.946012527945165,13,Monday
1914,2026-01-05 13:21:17.631660551,2.707668195564177,13,Monday
1865,2026-01-05 13:21:33.151489137,6.979660926578272,13,Monday
1870,2026-01-05 13:21:45.215267612,8.699769781963521,13,Monday
1911,2026-01-05 13:22:24.448602477,2.699499559696459,13,Monday
1879,2026-01-05 13:22:51.568585206,9.296306291709906,13,Monday
1882,2026-01-05 13:23:04.599873523,1.8442312989449157,13,Monday
1907,2026-01-05 13:24:11.547922079,4.874281012770188,13,Monday
1892,2026-01-05 13:24:27.893178009,2.1217574292857035,13,Monday
1915,2026-01-05 13:24:47.421061947,7.079295169368647,13,Monday
1899,2026-01-05 13:25:03.601184941,23.19482619614794,13,Monday
1855,2026-01-05 13:25:52.441931249,3.4900678830690413,13,Monday
1860,2026-01-05 13:27:28.544379962,13.613594879810318,13,Monday
1883,2026-01-05 13:27:32.846483832,4.255350505635326,13,Monday
1875,2026-01-05 13:28:00.095235183,2.8220261254884176,13,Monday
1891,2026-01-05 13:28:32.146290559,6.516587890408427,13,Monday
1868,2026-01-05 13:28:38.461433240,2.7970856970137055,13,Monday
1876,2026-01-05 13:28:55.675556111,2.382446965136942,13,Monday
1889,2026-01-05 13:31:53.659749672,16.869936262375717,13,Monday
1845,2026-01-05 13:31:56.250753425,2.5147776669135355,13,Monday
1906,2026-01-05 13:33:02.388165987,0.9994750205818287,13,Monday
1896,2026-01-05 13:33:43.879719832,2.5558973972415764,13,Monday
1848,2026-01-05 13:34:04.707470337,8.78105870859818,13,Monday
1864,2026-01-05 13:34:39.474315639,2.580955236241663,13,Monday
1910,2026-01-05 13:36:42.591672371,3.953342975723864,13,Monday
1901,2026-01-05 13:36:46.065007931,4.625759462519728,13,Monday
1862,2026-01-05 13:36:50.293102770,5.044968972670079,13,Monday
1894,2026-01-05 13:39:23.074572602,8.184817523676712,13,Monday
1844,2026-01-05 13:39:31.383499417,0.36343489389965566,13,Monday
1903,2026-01-05 13:39:42.399836897,5.824490590486503,13,Monday
1916,2026-01-05 13:40:32.962530374,11.412179631090616,13,Monday
1888,2026-01-05 13:41:01.919226607,19.16485480076762,13,Monday
1859,2026-01-05 13:41:31.240521407,10.865762977530828,13,Monday
1897,2026-01-05 13:42:53.111795198,7.646160312407585,13,Monday
1871,2026-01-05 13:48:20.572292405,0.7916752741484376,13,Monday
1880,2026-01-05 13:48:30.260660017,3.308441917498218,13,Monday
1909,2026-01-05 13:48:52.815616955,1.8351880931945868,13,Monday
1851,2026-01-05 13:49:07.464826142,0.9208382334480892,13,Monday
1867,2026-01-05 13:49:14.506178760,5.657300669910428,13,Monday
1866,2026-01-05 13:49:24.788015802,3.7888980596113253,13,Monday
1881,2026-01-05 13:49:25.044998696,3.6087152910890263,13,Monday
1908,2026-01-05 13:50:01.118437710,1.259490644510413,13,Monday
1877,2026-01-05 13:50:27.271357450,12.329093890356795,13,Monday
1885,2026-01-05 13:55:57.197562309,0.2003062856136337,13,Monday
1887,2026-01-05 13:56:01.497922805,0.03199738222914365,13,Monday
1850,2026-01-05 13:56:17.936623144,2.7165966613329324,13,Monday
1902,2026-01-05 13:56:18.535769570,5.3867886040240585,13,Monday
1854,2026-01-05 13:58:11.005078072,1.315797039000406,13,Monday
1895,2026-01-05 13:58:16.143266525,14.664373762425988,13,Monday
1852,2026-01-05 13:59:00.841943449,10.573487596197598,13,Monday
1937,2026-01-05 14:00:40.689131720,2.4871665370648692,14,Monday
1918,2026-01-05 14:00:59.732930277,6.981083881060721,14,Monday
1923,2026-01-05 14:01:25.347913120,2.5091007693553884,14,Monday
1935,2026-01-05 14:01:43.148739279,0.2917508476068961,14,Monday
1932,2026-01-05 14:02:21.810601294,2.23983887036828,14,Monday
1940,2026-01-05 14:02:24.928810833,5.129195595190131,14,Monday
1951,2026-01-05 14:03:02.063173767,8.696322232633,14,Monday
1931,2026-01-05 14:03:02.240900168,1.5610650034924265,14,Monday
1963,2026-01-05 14:05:00.689692848,7.894982545309381,14,Monday
1959,2026-01-05 14:05:43.299316582,24.519091152837706,14,Monday
1917,2026-01-05 14:06:00.884029402,1.1857429694568054,14,Monday
1926,2026-01-05 14:08:07.654332460,4.243112266340942,14,Monday
1921,2026-01-05 14:09:46.868809733,2.9179407671138495,14,Monday
1955,2026-01-05 14:13:27.546811872,2.2351439594779685,14,Monday
1956,2026-01-05 14:13:33.884655638,5.562605221006178,14,Monday
1927,2026-01-05 14:13:53.310769555,8.18487627548699,14,Monday
1922,2026-01-05 14:14:01.726199135,2.035340803969688,14,Monday
1947,2026-01-05 14:16:17.371209153,1.3756827230918525,14,Monday
1945,2026-01-05 14:16:30.861051733,1.306783262156281,14,Monday
1939,2026-01-05 14:18:23.158161732,1.0748560735327195,14,Monday
1961,2026-01-05 14:20:14.835404271,22.292808225093893,14,Monday
1949,2026-01-05 14:22:28.999093826,8.745358995806876,14,Monday
1934,2026-01-05 14:23:34.422392015,5.692442665775756,14,Monday
1942,2026-01-05 14:23:51.663891958,10.861562282352137,14,Monday
1930,2026-01-05 14:25:10.658578104,0.808181711588561,14,Monday
1952,2026-01-05 14:25:34.036456628,2.529125421709347,14,Monday
1960,2026-01-05 14:27:00.211101934,0.8492078318230081,14,Monday
1944,2026-01-05 14:32:39.115185013,1.764035057938895,14,Monday
1950,2026-01-05 14:32:59.526825994,5.590384468442902,14,Monday
1933,2026-01-05 14:34:26.219517848,2.62509251776947,14,Monday
1936,2026-01-05 14:34:59.708612325,0.1764403427101483,14,Monday
1941,2026-01-05 14:35:18.067995539,1.504364368611164,14,Monday
1920,2026-01-05 14:36:08.817991079,3.3916414309481366,14,Monday
1919,2026-01-05 14:39:42.187257518,0.2632808448768751,14,Monday
1946,2026-01-05 14:42:33.979912682,2.649226550765014,14,Monday
1938,2026-01-05 14:47:14.539049337,5.972814287665406,14,Monday
1954,2026-01-05 14:48:20.335699308,6.6961178453594625,14,Monday
1957,2026-01-05 14:49:02.299123967,1.577966232167478,14,Monday
1953,2026-01-05 14:49:56.508742779,0.8498920631877976,14,Monday
1924,2026-01-05 14:50:05.809940499,3.7744809074023227,14,Monday
1928,2026-01-05 14:52:06.274286208,7.1389356067275,14,Monday
1962,2026-01-05 14:52:14.478439646,18.92253358553752,14,Monday
1948,2026-01-05 14:54:15.275849067,5.5795630490897095,14,Monday
1929,2026-01-05 14:55:35.269672642,0.835588052049445,14,Monday
1958,2026-01-05 14:55:49.434312609,0.4235953125196913,14,Monday
1943,2026-01-05 14:58:25.681488085,11.301937549945613,14,Monday
1925,2026-01-05 14:58:28.886145774,0.8799126053415917,14,Monday
1979,2026-01-05 15:00:58.321430422,4.989881481727823,15,Monday
1981,2026-01-05 15:02:24.499892707,3.9719719786681287,15,Monday
1989,2026-01-05 15:06:10.233331766,4.14964286364568,15,Monday
1990,2026-01-05 15:07:33.438706965,3.4685220309841935,15,Monday
1973,2026-01-05 15:12:05.502160822,2.017122243871152,15,Monday
1985,2026-01-05 15:12:37.146802628,16.805470429497532,15,Monday
2008,2026-01-05 15:13:07.370000063,0.005563565158914325,15,Monday
2003,2026-01-05 15:13:34.580748011,7.85568413893404,15,Monday
2005,2026-01-05 15:13:59.998161537,5.691443173395632,15,Monday
1987,2026-01-05 15:15:10.894827312,11.053874284050591,15,Monday
2001,2026-01-05 15:16:33.321699769,5.983873622284977,15,Monday
1965,2026-01-05 15:17:21.982277830,0.7019096948831864,15,Monday
1984,2026-01-05 15:17:38.642863836,5.45060929574356,15,Monday
1994,2026-01-05 15:19:27.585758465,2.0848444032609996,15,Monday
1970,2026-01-05 15:19:49.024803007,2.0875769546610865,15,Monday
1968,2026-01-05 15:24:40.285713130,0.23020304978826278,15,Monday
1969,2026-01-05 15:25:38.951234724,6.6241388747645065,15,Monday
2000,2026-01-05 15:25:44.624529489,3.727155430950427,15,Monday
1966,2026-01-05 15:28:03.652364945,4.65698336216083,15,Monday
1977,2026-01-05 15:33:22.286493468,1.496018232280249,15,Monday
1971,2026-01-05 15:33:51.234540064,3.2555020331688795,15,Monday
1999,2026-01-05 15:34:31.293023264,1.7361231347784893,15,Monday
1996,2026-01-05 15:35:39.270578310,2.609353123868731,15,Monday
1997,2026-01-05 15:36:11.340432442,0.7732291877534686,15,Monday
1967,2026-01-05 15:37:09.803889719,9.46718076685544,15,Monday
2006,2026-01-05 15:37:31.188611836,14.586883621545695,15,Monday
1992,2026-01-05 15:40:25.820033772,0.4708768043237807,15,Monday
1995,2026-01-05 15:40:35.341498274,12.460748078922748,15,Monday
1998,2026-01-05 15:40:57.116854335,6.271400179587881,15,Monday
1975,2026-01-05 15:41:20.715553493,0.06888440838807922,15,Monday
2004,2026-01-05 15:41:32.475502155,5.6406339580879985,15,Monday
2007,2026-01-05 15:44:49.481761664,1.7536354626184048,15,Monday
1986,2026-01-05 15:45:55.308109888,0.25866049851739886,15,Monday
2002,2026-01-05 15:46:06.892791287,11.526148494521472,15,Monday
1978,2026-01-05 15:46:46.260125126,0.14123735229361165,15,Monday
1980,2026-01-05 15:49:06.169529206,2.7791006249478594,15,Monday
1976,2026-01-05 15:49:23.783565648,0.42560429847425785,15,Monday
1993,2026-01-05 15:50:48.794007944,4.592866746058765,15,Monday
1972,2026-01-05 15:51:02.068300854,13.215495923778766,15,Monday
1988,2026-01-05 15:51:56.024579419,4.300511457011099,15,Monday
1964,2026-01-05 15:51:57.965563360,0.30907543652254077,15,Monday
1982,2026-01-05 15:53:23.688154906,0.959721653030698,15,Monday
1974,2026-01-05 15:56:03.958939512,3.130592567736234,15,Monday
1991,2026-01-05 15:58:44.945598362,0.3595969222453063,15,Monday
1983,2026-01-05 15:59:31.065890059,1.7544018919447144,15,Monday
2028,2026-01-05 16:00:00.110587843,8.369184111100193,16,Monday
2032,2026-01-05 16:00:46.430891242,5.581447001277347,16,Monday
2012,2026-01-05 16:00:58.476395554,0.44446419545465066,16,Monday
2019,2026-01-05 16:05:39.908031577,1.8910869440627924,16,Monday
2023,2026-01-05 16:06:12.362813497,2.9358662775402444,16,Monday
2027,2026-01-05 16:07:05.587040247,4.369922588900713,16,Monday
2018,2026-01-05 16:08:04.474561574,0.49890983052460547,16,Monday
2031,2026-01-05 16:15:16.132793825,2.5767100447724607,16,Monday
2014,2026-01-05 16:19:24.709484947,2.390010289540501,16,Monday
2017,2026-01-05 16:20:33.831331540,1.3741525333169737,16,Monday
2030,2026-01-05 16:21:23.746233550,1.824572245600824,16,Monday
2024,2026-01-05 16:24:07.297980797,3.7950650870105034,16,Monday
2033,2026-01-05 16:32:25.077864341,5.73153437178218,16,Monday
2016,2026-01-05 16:33:23.682342607,2.4610527213058946,16,Monday
2011,2026-01-05 16:35:36.460977737,3.612481699611379,16,Monday
2010,2026-01-05 16:38:01.361759155,4.170616230474973,16,Monday
2022,2026-01-05 16:38:59.236968351,21.845022392779452,16,Monday
2009,2026-01-05 16:39:42.604506410,15.806767848868619,16,Monday
2015,2026-01-05 16:39:54.201560423,4.671449762695824,16,Monday
2029,2026-01-05 16:42:43.693365170,1.979611610881493,16,Monday
2013,2026-01-05 16:43:43.600996022,3.980029713766818,16,Monday
2025,2026-01-05 16:43:44.181120378,10.34225198062674,16,Monday
2026,2026-01-05 16:46:47.355182436,27.095537647438405,16,Monday
2020,2026-01-05 16:49:53.465999204,0.5081974269170653,16,Monday
2034,2026-01-05 16:51:04.142647533,1.8934302072868179,16,Monday
2021,2026-01-05 16:55:06.231151493,0.9733693725394515,16,Monday
2045,2026-01-06 08:01:32.482721529,0.5573592452565576,8,Tuesday
2035,2026-01-06 08:07:41.973103879,9.484244458281704,8,Tuesday
2044,2026-01-06 08:11:11.903783271,0.2935876879348118,8,Tuesday
2046,2026-01-06 08:17:04.348988436,4.404469340469416,8,Tuesday
2047,2026-01-06 08:26:34.921342815,3.930095440814525,8,Tuesday
2041,2026-01-06 08:29:59.852371073,4.404180324119707,8,Tuesday
2036,2026-01-06 08:34:42.573029625,1.0923083715377213,8,Tuesday
2048,2026-01-06 08:37:01.581399943,1.3311738744306478,8,Tuesday
2043,2026-01-06 08:37:09.021847317,0.4497994544815265,8,Tuesday
2037,2026-01-06 08:41:36.319661002,0.6707996070995724,8,Tuesday
2038,2026-01-06 08:42:02.201387020,16.549468924924888,8,Tuesday
2042,2026-01-06 08:43:48.897082306,3.8976056681816296,8,Tuesday
2039,2026-01-06 08:45:12.499598374,0.5716955105387433,8,Tuesday
2040,2026-01-06 08:52:22.293917636,3.255144406058838,8,Tuesday
2067,2026-01-06 09:01:15.362824176,5.389495570383879,9,Tuesday
2049,2026-01-06 09:02:29.684255447,1.4442744656237738,9,Tuesday
2069,2026-01-06 09:03:24.773031999,5.223937935496715,9,Tuesday
2062,2026-01-06 09:11:23.770091247,2.5599996218896064,9,Tuesday
2052,2026-01-06 09:15:08.322937450,17.421016873840983,9,Tuesday
2053,2026-01-06 09:18:27.975259055,2.3727836040856705,9,Tuesday
2068,2026-01-06 09:18:56.783344498,2.9172810626817514,9,Tuesday
2072,2026-01-06 09:19:52.867987450,14.109227017926973,9,Tuesday
2065,2026-01-06 09:21:31.037695032,2.679227257005046,9,Tuesday
2059,2026-01-06 09:21:53.360892748,30.4827677430358,9,Tuesday
2074,2026-01-06 09:23:45.374014305,15.457464948642112,9,Tuesday
2077,2026-01-06 09:24:44.207020193,4.604088992289922,9,Tuesday
2076,2026-01-06 09:27:15.061185852,3.2448495254896397,9,Tuesday
2061,2026-01-06 09:27:58.253728059,2.190421042184496,9,Tuesday
2050,2026-01-06 09:29:53.267796772,0.641709208320572,9,Tuesday
2064,2026-01-06 09:33:23.272694455,10.739612782062924,9,Tuesday
2057,2026-01-06 09:34:59.268788758,0.8832265259667211,9,Tuesday
2054,2026-01-06 09:36:49.096450761,0.32022262189049183,9,Tuesday
2060,2026-01-06 09:38:27.475901155,3.0050234810604626,9,Tuesday
2073,2026-01-06 09:40:32.386447945,5.23150431653046,9,Tuesday
2051,2026-01-06 09:41:21.517483569,4.3918821621381,9,Tuesday
2063,2026-01-06 09:42:06.257785958,0.6116641047236742,9,Tuesday
2071,2026-01-06 09:42:07.586834809,8.402611555044055,9,Tuesday
2058,2026-01-06 09:43:48.798183926,5.3662173490006815,9,Tuesday
2075,2026-01-06 09:45:22.513649120,0.821027132820909,9,Tuesday
2070,2026-01-06 09:45:59.498338397,0.31707597555369554,9,Tuesday
2056,2026-01-06 09:48:35.727913090,3.5254070989203523,9,Tuesday
2055,2026-01-06 09:53:52.567056397,2.0723168614733036,9,Tuesday
2066,2026-01-06 09:54:40.821084283,2.4491904824707107,9,Tuesday
2078,2026-01-06 09:56:05.027695757,4.358220073750816,9,Tuesday
2084,2026-01-06 10:03:30.835099024,6.401859172767059,10,Tuesday
2092,2026-01-06 10:04:45.409024672,8.295111661685224,10,Tuesday
2106,2026-01-06 10:04:48.672324523,2.4161768470458904,10,Tuesday
2101,2026-01-06 10:04:50.215458610,5.163512938618986,10,Tuesday
2079,2026-01-06 10:07:36.566481181,14.140944351988985,10,Tuesday
2097,2026-01-06 10:08:36.490045264,8.420451143894018,10,Tuesday
2098,2026-01-06 10:09:05.203878967,1.6448455459329534,10,Tuesday
2081,2026-01-06 10:09:45.578934379,10.402555311912373,10,Tuesday
2083,2026-01-06 10:12:31.791367780,0.9749281834062135,10,Tuesday
2111,2026-01-06 10:16:37.449298968,8.753302920593066,10,Tuesday
2096,2026-01-06 10:17:46.772886839,0.45034645129652107,10,Tuesday
2089,2026-01-06 10:20:43.731073404,13.73946089939274,10,Tuesday
2080,2026-01-06 10:23:30.272822024,0.6639203107611319,10,Tuesday
2095,2026-01-06 10:23:46.725451793,20.233853474649187,10,Tuesday
2099,2026-01-06 10:25:57.977343630,0.7088528236200342,10,Tuesday
2107,2026-01-06 10:28:36.619959839,1.2188540500236045,10,Tuesday
2091,2026-01-06 10:32:25.004015474,3.2819354537865886,10,Tuesday
2085,2026-01-06 10:33:08.518096142,0.20559727075366543,10,Tuesday
2093,2026-01-06 10:33:57.062017127,15.03222939453051,10,Tuesday
2088,2026-01-06 10:34:37.133804703,4.345190005579129,10,Tuesday
2104,2026-01-06 10:35:11.846105821,4.574722438072682,10,Tuesday
2086,2026-01-06 10:35:42.827037789,2.599523782700057,10,Tuesday
2100,2026-01-06 10:35:44.447366981,2.897803711244036,10,Tuesday
2108,2026-01-06 10:37:48.335256701,2.9221576118598263,10,Tuesday
2082,2026-01-06 10:44:03.716435371,17.692006050808832,10,Tuesday
2103,2026-01-06 10:45:18.481022802,0.28055285894074267,10,Tuesday
2110,2026-01-06 10:47:00.490416177,8.58755453102469,10,Tuesday
2090,2026-01-06 10:48:10.842773494,5.577531266739928,10,Tuesday
2105,2026-01-06 10:49:42.379215380,11.63455676417099,10,Tuesday
2109,2026-01-06 10:49:43.150462025,0.24785657895075933,10,Tuesday
2087,2026-01-06 10:52:18.887020609,3.63127936279084,10,Tuesday
2094,2026-01-06 10:54:28.866763517,0.1115662396212134,10,Tuesday
2102,2026-01-06 10:56:22.446920490,2.397861072654757,10,Tuesday
2155,2026-01-06 11:02:38.637101653,1.3765974568914325,11,Tuesday
2159,2026-01-06 11:02:44.106568615,2.5485693782618823,11,Tuesday
2153,2026-01-06 11:02:55.301454239,7.626076966689729,11,Tuesday
2138,2026-01-06 11:03:04.140740233,4.5734566210709096,11,Tuesday
2126,2026-01-06 11:03:34.513550471,0.3993197868156231,11,Tuesday
2146,2026-01-06 11:03:43.349101043,5.658970922056746,11,Tuesday
2147,2026-01-06 11:04:16.160443960,3.9585307958439078,11,Tuesday
2132,2026-01-06 11:04:48.380615794,2.6845049229518643,11,Tuesday
2154,2026-01-06 11:05:52.827665210,24.474017579172465,11,Tuesday
2144,2026-01-06 11:08:43.176092713,0.9863535276191765,11,Tuesday
2134,2026-01-06 11:09:48.120330234,2.0426360042939256,11,Tuesday
2135,2026-01-06 11:11:04.052583815,0.974495145523542,11,Tuesday
2125,2026-01-06 11:11:05.418232609,4.045392445534944,11,Tuesday
2156,2026-01-06 11:11:06.996661200,10.369577557225977,11,Tuesday
2136,2026-01-06 11:12:08.258216969,0.5180557284981379,11,Tuesday
2122,2026-01-06 11:13:13.755501893,14.877753202898802,11,Tuesday
2130,2026-01-06 11:13:36.381451150,2.644853013599927,11,Tuesday
2142,2026-01-06 11:22:58.022761450,1.3519881892232561,11,Tuesday
2137,2026-01-06 11:23:12.145405358,15.700373348319916,11,Tuesday
2139,2026-01-06 11:23:52.056387344,6.52184468947754,11,Tuesday
2118,2026-01-06 11:24:50.907845576,1.4108030026485472,11,Tuesday
2133,2026-01-06 11:26:30.601337287,0.12148930740427533,11,Tuesday
2141,2026-01-06 11:28:59.859425878,2.4973445263356515,11,Tuesday
2145,2026-01-06 11:30:20.508277612,7.985423771649214,11,Tuesday
2140,2026-01-06 11:30:42.146809612,1.8943379691203739,11,Tuesday
2129,2026-01-06 11:31:24.244935319,5.1335913830304,11,Tuesday
2120,2026-01-06 11:32:28.009769563,22.784440461143088,11,Tuesday
2157,2026-01-06 11:32:28.572399390,8.878134324463295,11,Tuesday
2113,2026-01-06 11:33:16.873289238,0.40164619899309467,11,Tuesday
2151,2026-01-06 11:33:28.345232376,1.646694390801953,11,Tuesday
2149,2026-01-06 11:33:57.666329596,12.783148745537638,11,Tuesday
2124,2026-01-06 11:34:17.787538138,2.4074626721351446,11,Tuesday
2148,2026-01-06 11:34:25.917058837,3.2226410872873563,11,Tuesday
2117,2026-01-06 11:35:54.826775583,3.654885868187863,11,Tuesday
2127,2026-01-06 11:36:15.693550973,0.020981177611591673,11,Tuesday
2121,2026-01-06 11:36:18.322266745,5.765040094108894,11,Tuesday
2123,2026-01-06 11:37:32.342841938,0.7690002775422554,11,Tuesday
2115,2026-01-06 11:37:53.251653298,0.6787802624741863,11,Tuesday
2158,2026-01-06 11:38:44.059853138,1.2722513987642767,11,Tuesday
2131,2026-01-06 11:39:59.479116094,3.36323453271286,11,Tuesday
2128,2026-01-06 11:45:49.292169661,5.549898272229315,11,Tuesday
2116,2026-01-06 11:47:03.859703566,0.6578595928071695,11,Tuesday
2112,2026-01-06 11:47:59.220112004,1.7592365228022988,11,Tuesday
2114,2026-01-06 11:49:33.356310780,0.9309676554186964,11,Tuesday
2143,2026-01-06 11:50:20.927789054,0.5099735481909057,11,Tuesday
2161,2026-01-06 11:50:31.795355941,19.133969282322006,11,Tuesday
2150,2026-01-06 11:52:40.920646240,0.3775791477930543,11,Tuesday
2160,2026-01-06 11:56:45.495203444,2.6353921845581683,11,Tuesday
2119,2026-01-06 11:57:28.605095734,2.2169231298440146,11,Tuesday
2152,2026-01-06 11:57:35.247673457,2.1534365538578975,11,Tuesday
2217,2026-01-06 12:00:23.271688042,28.96211347018033,12,Tuesday
2200,2026-01-06 12:01:30.716741355,1.203958582359604,12,Tuesday
2169,2026-01-06 12:03:34.622371240,3.1899768612348387,12,Tuesday
2180,2026-01-06 12:07:58.835276066,11.066394298015023,12,Tuesday
2211,2026-01-06 12:07:59.455652403,10.865302700153755,12,Tuesday
2177,2026-01-06 12:08:06.782329366,0.11411492965000414,12,Tuesday
2171,2026-01-06 12:08:23.954556198,4.913246705322382,12,Tuesday
2181,2026-01-06 12:09:31.452348147,4.543414021101691,12,Tuesday
2194,2026-01-06 12:09:41.248202631,2.7799845084185435,12,Tuesday
2186,2026-01-06 12:12:29.935404030,4.244597115474032,12,Tuesday
2198,2026-01-06 12:12:36.385894484,0.9426809002664526,12,Tuesday
2204,2026-01-06 12:15:40.184757039,0.06979556282118814,12,Tuesday
2212,2026-01-06 12:15:40.798864387,3.0672324616451734,12,Tuesday
2216,2026-01-06 12:17:17.464293454,13.422186220273499,12,Tuesday
2162,2026-01-06 12:20:03.093771023,3.4282688510986774,12,Tuesday
2201,2026-01-06 12:21:17.394679955,1.6653808733135569,12,Tuesday
2187,2026-01-06 12:21:19.581614510,0.9970444905313678,12,Tuesday
2191,2026-01-06 12:21:28.120497608,1.8294106395736867,12,Tuesday
2179,2026-01-06 12:23:45.603478988,4.303299643822846,12,Tuesday
2174,2026-01-06 12:24:09.862145088,3.684210463478995,12,Tuesday
2172,2026-01-06 12:24:56.946844866,3.998449535949602,12,Tuesday
2190,2026-01-06 12:25:06.202320162,1.4175009940727592,12,Tuesday
2213,2026-01-06 12:25:08.758102501,4.157343152448335,12,Tuesday
2164,2026-01-06 12:25:12.039615464,6.63274216899862,12,Tuesday
2195,2026-01-06 12:28:18.263415066,4.778027384912371,12,Tuesday
2189,2026-01-06 12:29:01.689143498,1.1072535305364735,12,Tuesday
2210,2026-01-06 12:29:17.439631118,0.8349014240557615,12,Tuesday
2215,2026-01-06 12:30:49.348278775,5.6826083401094865,12,Tuesday
2175,2026-01-06 12:31:10.602032890,11.344526322154412,12,Tuesday
2173,2026-01-06 12:32:54.918294196,2.615887341856334,12,Tuesday
2196,2026-01-06 12:33:12.498394355,0.4254747576855111,12,Tuesday
2203,2026-01-06 12:33:50.014515799,8.353007316259138,12,Tuesday
2206,2026-01-06 12:34:02.607398961,5.526319775775111,12,Tuesday
2197,2026-01-06 12:34:13.032979433,0.4594155982650752,12,Tuesday
2193,2026-01-06 12:34:32.136343104,4.433558065018187,12,Tuesday
2165,2026-01-06 12:34:42.095147219,0.12118819004625181,12,Tuesday
2192,2026-01-06 12:35:37.610274996,4.049908432038345,12,Tuesday
2214,2026-01-06 12:35:57.477433222,5.4387653755107825,12,Tuesday
2209,2026-01-06 12:36:36.388519330,0.10171689702263215,12,Tuesday
2188,2026-01-06 12:40:09.188507729,1.5653249856366385,12,Tuesday
2178,2026-01-06 12:40:31.641763211,9.890380829046354,12,Tuesday
2170,2026-01-06 12:41:31.381990943,0.47937265009403307,12,Tuesday
2205,2026-01-06 12:41:41.831229634,5.240244491350255,12,Tuesday
2163,2026-01-06 12:43:51.133244794,1.6817431412409147,12,Tuesday
2208,2026-01-06 12:44:06.090670283,13.496909824771476,12,Tuesday
2199,2026-01-06 12:44:32.177012108,3.649859810873943,12,Tuesday
2202,2026-01-06 12:46:48.765534728,2.5567357668028374,12,Tuesday
2207,2026-01-06 12:47:46.476994042,8.013696500504556,12,Tuesday
2167,2026-01-06 12:48:14.996033941,14.191441185867115,12,Tuesday
2166,2026-01-06 12:49:57.402383974,4.395309661438342,12,Tuesday
2168,2026-01-06 12:51:59.123460742,0.9582805450842118,12,Tuesday
2183,2026-01-06 12:52:46.565388162,2.807730177683868,12,Tuesday
2184,2026-01-06 12:54:25.351057494,6.928671215841588,12,Tuesday
2182,2026-01-06 12:56:57.383182484,8.30789704168021,12,Tuesday
2185,2026-01-06 12:59:29.517992978,12.2116195243503,12,Tuesday
2176,2026-01-06 12:59:47.494711675,1.0926106223277317,12,Tuesday
2219,2026-01-06 13:02:57.195292346,1.8765194369952112,13,Tuesday
2267,2026-01-06 13:03:44.752778200,18.60263881034444,13,Tuesday
2269,2026-01-06 13:06:32.449016307,2.2095485961504995,13,Tuesday
2286,2026-01-06 13:07:11.830590231,8.58103373389464,13,Tuesday
2243,2026-01-06 13:07:50.582364923,6.1788453136855495,13,Tuesday
2290,2026-01-06 13:08:14.280117776,1.4829226243266203,13,Tuesday
2224,2026-01-06 13:08:17.251055304,5.661723016105115,13,Tuesday
2278,2026-01-06 13:08:48.102410454,1.4382296379839348,13,Tuesday
2263,2026-01-06 13:10:58.128198741,2.4971358204079723,13,Tuesday
2256,2026-01-06 13:11:55.073809902,5.684103637505,13,Tuesday
2247,2026-01-06 13:12:24.544415280,5.9705111622159865,13,Tuesday
2233,2026-01-06 13:12:34.884998748,0.9212886809469957,13,Tuesday
2223,2026-01-06 13:13:14.343814638,6.773546890363093,13,Tuesday
2220,2026-01-06 13:13:51.891070348,9.77750589072291,13,Tuesday
2253,2026-01-06 13:13:56.008887244,10.874494587831098,13,Tuesday
2228,2026-01-06 13:14:20.638982670,0.2756336447784561,13,Tuesday
2270,2026-01-06 13:14:54.743355338,2.108670805737301,13,Tuesday
2222,2026-01-06 13:15:22.289451981,6.104592989313401,13,Tuesday
2255,2026-01-06 13:16:08.981655569,16.274668279520355,13,Tuesday
2274,2026-01-06 13:18:08.878742861,3.5212508737789183,13,Tuesday
2237,2026-01-06 13:18:12.187957064,6.371690202989127,13,Tuesday
2287,2026-01-06 13:18:43.430560747,5.231244208494754,13,Tuesday
2249,2026-01-06 13:18:43.883051648,10.571388939487411,13,Tuesday
2231,2026-01-06 13:18:45.352889669,9.455623958741025,13,Tuesday
2271,2026-01-06 13:19:00.993438362,3.675514058943361,13,Tuesday
2292,2026-01-06 13:19:43.761424254,3.5961699315594635,13,Tuesday
2282,2026-01-06 13:19:53.820656788,2.6819622196771107,13,Tuesday
2266,2026-01-06 13:20:21.266380225,3.929134821623789,13,Tuesday
2259,2026-01-06 13:22:12.835868464,1.430362101447174,13,Tuesday
2265,2026-01-06 13:22:36.035185546,0.053865599617956866,13,Tuesday
2242,2026-01-06 13:23:36.799209982,8.846939419221181,13,Tuesday
2254,2026-01-06 13:24:19.171298329,0.24173399626215963,13,Tuesday
2232,2026-01-06 13:24:38.457478837,2.4176506345891866,13,Tuesday
2250,2026-01-06 13:25:38.879501400,6.461681843451471,13,Tuesday
2268,2026-01-06 13:29:10.225154777,2.303326388933802,13,Tuesday
2226,2026-01-06 13:30:00.209733087,10.3195399526277,13,Tuesday
2283,2026-01-06 13:30:02.085542750,2.742570250984601,13,Tuesday
2248,2026-01-06 13:30:16.041390009,2.2547934281565505,13,Tuesday
2285,2026-01-06 13:30:38.053471422,1.0889933042426638,13,Tuesday
2246,2026-01-06 13:34:30.218064451,5.558684917512196,13,Tuesday
2251,2026-01-06 13:38:42.786873040,0.5972434847280181,13,Tuesday
2235,2026-01-06 13:38:44.169277410,3.980437931239487,13,Tuesday
2284,2026-01-06 13:38:44.610156063,7.6870730112586125,13,Tuesday
2293,2026-01-06 13:39:44.329459430,1.9345997580578913,13,Tuesday
2244,2026-01-06 13:40:18.151893278,0.5569006383157988,13,Tuesday
2227,2026-01-06 13:40:29.615530994,0.924775888878609,13,Tuesday
2281,2026-01-06 13:40:57.145723561,4.523866194801905,13,Tuesday
2279,2026-01-06 13:41:25.162248842,0.38097263919445445,13,Tuesday
2240,2026-01-06 13:41:29.960346719,3.089255569982458,13,Tuesday
2245,2026-01-06 13:43:45.515281717,9.127218178311617,13,Tuesday
2252,2026-01-06 13:44:42.773073687,2.619368862448958,13,Tuesday
2260,2026-01-06 13:45:04.604127745,14.241582784253396,13,Tuesday
2294,2026-01-06 13:45:06.570525444,4.532322288144664,13,Tuesday
2229,2026-01-06 13:45:28.945515640,6.319764045182417,13,Tuesday
2230,2026-01-06 13:45:36.019961863,3.226317757110416,13,Tuesday
2277,2026-01-06 13:45:52.743421385,20.296684976046613,13,Tuesday
2239,2026-01-06 13:45:57.091117985,4.635658697094391,13,Tuesday
2238,2026-01-06 13:46:54.807286788,3.5781260303149063,13,Tuesday
2257,2026-01-06 13:47:00.193991985,4.989890319927591,13,Tuesday
2288,2026-01-06 13:48:08.625709993,2.7147624950379514,13,Tuesday
2272,2026-01-06 13:48:31.774764570,2.90503246235686,13,Tuesday
2295,2026-01-06 13:48:43.006444696,27.285923153169108,13,Tuesday
2262,2026-01-06 13:50:46.047157908,7.46951582740636,13,Tuesday
2276,2026-01-06 13:51:26.031374531,0.7446559281230722,13,Tuesday
2275,2026-01-06 13:51:31.313236480,3.543922423881031,13,Tuesday
2225,2026-01-06 13:51:32.802327528,1.4538657989522825,13,Tuesday
2289,2026-01-06 13:51:41.104965943,3.062710385307899,13,Tuesday
2273,2026-01-06 13:52:31.759141425,10.597761726074085,13,Tuesday
2218,2026-01-06 13:52:47.108648259,14.570733988268428,13,Tuesday
2261,2026-01-06 13:53:49.183041711,1.7710503086784237,13,Tuesday
2221,2026-01-06 13:53:50.588582869,0.7060145951758322,13,Tuesday
2258,2026-01-06 13:54:33.309699973,1.5773857161300109,13,Tuesday
2236,2026-01-06 13:56:04.357970575,1.0486433748166777,13,Tuesday
2280,2026-01-06 13:56:42.086632490,5.44053208021805,13,Tuesday
2291,2026-01-06 13:57:08.592308635,6.9739382902923674,13,Tuesday
2264,2026-01-06 13:57:22.650773448,0.7497795306042176,13,Tuesday
2241,2026-01-06 13:57:56.300310960,8.82195659983044,13,Tuesday
2234,2026-01-06 13:58:35.619683962,9.052943941290195,13,Tuesday
2301,2026-01-06 14:00:00.817337585,1.7220457637370563,14,Tuesday
2352,2026-01-06 14:00:02.152579805,3.9598162960307586,14,Tuesday
2346,2026-01-06 14:00:25.136142769,1.857554284363616,14,Tuesday
2332,2026-01-06 14:00:35.678503768,7.336276672151887,14,Tuesday
2318,2026-01-06 14:02:08.124830903,0.6610671744528562,14,Tuesday
2323,2026-01-06 14:02:20.248246854,3.9332345832133426,14,Tuesday
2321,2026-01-06 14:03:13.789889670,1.0544000735833898,14,Tuesday
2297,2026-01-06 14:03:17.037744929,1.330042329500564,14,Tuesday
2307,2026-01-06 14:04:03.377098100,2.0035517767770354,14,Tuesday
2343,2026-01-06 14:05:50.520817648,0.8710512926934543,14,Tuesday
2317,2026-01-06 14:06:38.172955943,5.038011148725333,14,Tuesday
2311,2026-01-06 14:07:08.906419185,1.7666190945233522,14,Tuesday
2306,2026-01-06 14:07:13.308874355,3.395797052316041,14,Tuesday
2305,2026-01-06 14:10:04.132544325,11.785153543676273,14,Tuesday
2322,2026-01-06 14:11:23.551184745,8.608839810390341,14,Tuesday
2298,2026-01-06 14:12:15.271582926,0.35311360073131415,14,Tuesday
2300,2026-01-06 14:13:10.685742940,4.0545837427483145,14,Tuesday
2320,2026-01-06 14:13:57.822056095,12.00813383357463,14,Tuesday
2348,2026-01-06 14:14:05.115918209,7.958986178905575,14,Tuesday
2339,2026-01-06 14:14:54.977584607,1.7051929070598755,14,Tuesday
2353,2026-01-06 14:18:28.148940094,0.4575428353977252,14,Tuesday
2350,2026-01-06 14:20:14.390191844,5.185719264139445,14,Tuesday
2326,2026-01-06 14:20:28.480019127,1.418192407260406,14,Tuesday
2296,2026-01-06 14:20:42.060623728,1.3798559947031106,14,Tuesday
2345,2026-01-06 14:20:44.086509134,0.9170099370718936,14,Tuesday
2313,2026-01-06 14:20:55.794866851,1.9312639084102636,14,Tuesday
2314,2026-01-06 14:22:29.369727659,0.8973491936835555,14,Tuesday
2324,2026-01-06 14:23:30.519220621,0.40527224443641235,14,Tuesday
2347,2026-01-06 14:24:12.531488497,3.499299609455716,14,Tuesday
2299,2026-01-06 14:25:07.302515979,1.0358851762558428,14,Tuesday
2310,2026-01-06 14:25:49.928955286,0.31058431806089415,14,Tuesday
2327,2026-01-06 14:26:39.060264762,9.817914060771102,14,Tuesday
2334,2026-01-06 14:27:38.640960870,11.995597600774017,14,Tuesday
2336,2026-01-06 14:28:59.635473151,10.954831739603526,14,Tuesday
2329,2026-01-06 14:30:32.018652251,9.618787577866016,14,Tuesday
2312,2026-01-06 14:30:44.614154635,1.7695809153208517,14,Tuesday
2340,2026-01-06 14:32:18.221925433,2.3664766527883927,14,Tuesday
2315,2026-01-06 14:37:16.790246960,7.643010617979017,14,Tuesday
2328,2026-01-06 14:40:32.112384842,0.9244843851385582,14,Tuesday
2344,2026-01-06 14:42:22.939188515,5.87606292773439,14,Tuesday
2316,2026-01-06 14:43:07.385207743,0.6533794356954463,14,Tuesday
2308,2026-01-06 14:43:26.505079582,0.564727735982155,14,Tuesday
2304,2026-01-06 14:44:32.252033353,10.433536366477671,14,Tuesday
2338,2026-01-06 14:45:16.449700340,1.6716627069951087,14,Tuesday
2333,2026-01-06 14:46:40.966703339,13.651135311510124,14,Tuesday
2325,2026-01-06 14:48:08.646424024,15.555512648309408,14,Tuesday
2349,2026-01-06 14:49:07.929373873,6.72517159096781,14,Tuesday
2351,2026-01-06 14:49:39.085298233,0.8466708593202987,14,Tuesday
2303,2026-01-06 14:50:37.965880431,2.3649755390741216,14,Tuesday
2342,2026-01-06 14:51:27.110187906,3.932405144174518,14,Tuesday
2330,2026-01-06 14:51:41.204469676,0.06658546538187224,14,Tuesday
2331,2026-01-06 14:51:57.728430164,3.584950451087789,14,Tuesday
2302,2026-01-06 14:54:54.005535891,2.7012273932976782,14,Tuesday
2309,2026-01-06 14:55:43.708658476,15.331082645374593,14,Tuesday
2337,2026-01-06 14:59:12.825403397,1.1108431699845904,14,Tuesday
2335,2026-01-06 14:59:19.825948693,8.563582693298919,14,Tuesday
2341,2026-01-06 14:59:31.688302122,2.4987745740289817,14,Tuesday
2319,2026-01-06 14:59:39.589089668,0.3657340658065671,14,Tuesday
2354,2026-01-06 15:02:23.321182004,2.2510205747250507,15,Tuesday
2359,2026-01-06 15:02:35.160392213,0.9932221514339052,15,Tuesday
2378,2026-01-06 15:04:08.532972880,0.6576524538653421,15,Tuesday
2365,2026-01-06 15:06:31.257141748,5.856671229382661,15,Tuesday
2387,2026-01-06 15:07:56.167374354,4.037106024430614,15,Tuesday
2363,2026-01-06 15:08:28.316628733,5.758010763540458,15,Tuesday
2372,2026-01-06 15:08:45.675669469,0.795935672216736,15,Tuesday
2383,2026-01-06 15:08:54.624413917,1.1520644010807304,15,Tuesday
2360,2026-01-06 15:10:44.741781581,0.5819001164852889,15,Tuesday
2371,2026-01-06 15:11:31.257905064,0.4200656300335847,15,Tuesday
2388,2026-01-06 15:11:48.077510326,3.823852032951791,15,Tuesday
2389,2026-01-06 15:14:14.939898609,1.0874105401548078,15,Tuesday
2355,2026-01-06 15:16:26.357158091,8.686289712209756,15,Tuesday
2390,2026-01-06 15:17:59.631334780,0.908984644486146,15,Tuesday
2380,2026-01-06 15:18:49.331249125,13.022476861313057,15,Tuesday
2379,2026-01-06 15:20:05.240550806,1.8385284366564467,15,Tuesday
2369,2026-01-06 15:20:33.327898120,1.3774752906947654,15,Tuesday
2358,2026-01-06 15:21:08.377395309,8.07071284853173,15,Tuesday
2382,2026-01-06 15:21:21.447984494,16.882375513656626,15,Tuesday
2367,2026-01-06 15:22:53.819396792,0.2867731550269619,15,Tuesday
2386,2026-01-06 15:22:55.644580055,10.79150294663645,15,Tuesday
2361,2026-01-06 15:23:31.984056360,10.75722187944322,15,Tuesday
2384,2026-01-06 15:35:47.281471488,6.765576782451039,15,Tuesday
2392,2026-01-06 15:36:03.403744335,1.986280959599893,15,Tuesday
2376,2026-01-06 15:37:31.560420599,0.030327002961936713,15,Tuesday
2370,2026-01-06 15:37:39.607957771,2.4453797115747515,15,Tuesday
2381,2026-01-06 15:38:08.323159029,0.8818637500620277,15,Tuesday
2391,2026-01-06 15:38:34.062253822,12.413893644023844,15,Tuesday
2393,2026-01-06 15:41:45.887501641,2.3267305016637416,15,Tuesday
2364,2026-01-06 15:45:48.657037205,0.1283770737638887,15,Tuesday
2368,2026-01-06 15:46:30.844340036,4.70564278237165,15,Tuesday
2377,2026-01-06 15:48:29.765560378,3.306888282559127,15,Tuesday
2385,2026-01-06 15:48:51.782114408,3.9557548382169077,15,Tuesday
2375,2026-01-06 15:53:14.888184766,12.085843649551244,15,Tuesday
2374,2026-01-06 15:55:03.530200455,0.47023214644833844,15,Tuesday
2373,2026-01-06 15:56:17.030902445,1.7689472370675288,15,Tuesday
2362,2026-01-06 15:56:52.006912689,2.0998210401133295,15,Tuesday
2357,2026-01-06 15:57:13.077388186,3.1653499900349047,15,Tuesday
2356,2026-01-06 15:57:20.338082159,1.1413311314114352,15,Tuesday
2366,2026-01-06 15:58:52.527278608,1.8997274431331455,15,Tuesday
2398,2026-01-06 16:02:58.581270058,1.0315538839664775,16,Tuesday
2425,2026-01-06 16:03:04.548453033,0.8311260055428343,16,Tuesday
2401,2026-01-06 16:13:37.122742097,1.1411849327172885,16,Tuesday
2399,2026-01-06 16:15:25.425691881,6.918876416211574,16,Tuesday
2414,2026-01-06 16:20:30.656550902,1.452917236831758,16,Tuesday
2405,2026-01-06 16:20:31.677360402,1.216931809890208,16,Tuesday
2409,2026-01-06 16:21:05.939540430,2.7852645215486183,16,Tuesday
2417,2026-01-06 16:21:47.719266032,1.1532333715965668,16,Tuesday
2424,2026-01-06 16:23:42.192016284,3.9998823075899823,16,Tuesday
2426,2026-01-06 16:24:06.754576452,6.511906913898305,16,Tuesday
2404,2026-01-06 16:25:25.572431751,3.2947069872314065,16,Tuesday
2415,2026-01-06 16:26:01.299592753,2.959513840544568,16,Tuesday
2407,2026-01-06 16:26:41.468758179,6.278524304898707,16,Tuesday
2400,2026-01-06 16:27:54.130803195,3.9449431642658355,16,Tuesday
2408,2026-01-06 16:29:20.574241617,15.748478650852594,16,Tuesday
2411,2026-01-06 16:34:08.239739814,11.411717525227878,16,Tuesday
2396,2026-01-06 16:35:50.745273264,2.207916146263214,16,Tuesday
2420,2026-01-06 16:37:23.557343044,18.923389864606172,16,Tuesday
2427,2026-01-06 16:40:25.522427222,4.584597273639555,16,Tuesday
2395,2026-01-06 16:44:16.539968395,6.910777706523328,16,Tuesday
2421,2026-01-06 16:44:29.858234826,1.3876930925721453,16,Tuesday
2402,2026-01-06 16:44:38.058674287,1.725928659983607,16,Tuesday
2412,2026-01-06 16:45:43.828513853,3.72272177271802,16,Tuesday
2418,2026-01-06 16:47:38.166480426,0.004719302819514585,16,Tuesday
2422,2026-01-06 16:48:18.350323348,5.442973802898314,16,Tuesday
2413,2026-01-06 16:48:42.504186063,6.142675205466503,16,Tuesday
2423,2026-01-06 16:50:42.142736027,9.134851765064848,16,Tuesday
2416,2026-01-06 16:50:54.498387862,0.6588068904692833,16,Tuesday
2397,2026-01-06 16:52:51.222577961,5.035785938485179,16,Tuesday
2410,2026-01-06 16:54:34.374502843,3.2227407989216728,16,Tuesday
2403,2026-01-06 16:55:09.148911793,6.903723118836989,16,Tuesday
2419,2026-01-06 16:56:27.572361267,0.20028358110546202,16,Tuesday
2394,2026-01-06 16:57:07.424807900,2.99237134411888,16,Tuesday
2406,2026-01-06 16:57:41.582635695,17.097497802627043,16,Tuesday
2432,2026-01-07 08:04:06.386553273,1.9435380271816012,8,Wednesday
2443,2026-01-07 08:05:17.283951516,6.474684487511171,8,Wednesday
2434,2026-01-07 08:07:09.771640817,9.757349871303202,8,Wednesday
2448,2026-01-07 08:09:55.799188789,4.588748941236248,8,Wednesday
2446,2026-01-07 08:10:54.543550214,3.8014685153209693,8,Wednesday
2435,2026-01-07 08:19:40.234216388,5.496974686168278,8,Wednesday
2441,2026-01-07 08:20:24.015789815,1.4981273910731716,8,Wednesday
2430,2026-01-07 08:20:29.908005686,1.189673655168473,8,Wednesday
2438,2026-01-07 08:23:37.087872998,6.351367952496542,8,Wednesday
2447,2026-01-07 08:25:49.247516539,4.155344844754279,8,Wednesday
2439,2026-01-07 08:28:24.368373750,13.308114335561378,8,Wednesday
2450,2026-01-07 08:32:07.251965021,2.3880617500038115,8,Wednesday
2429,2026-01-07 08:34:24.827808096,1.093809367976864,8,Wednesday
2437,2026-01-07 08:35:50.324561990,15.300832869321738,8,Wednesday
2431,2026-01-07 08:38:54.472404840,0.211914631066632,8,Wednesday
2449,2026-01-07 08:42:23.774864379,0.9091403749788478,8,Wednesday
2444,2026-01-07 08:46:36.474373951,0.6465757417544264,8,Wednesday
2436,2026-01-07 08:48:56.683370254,2.858156256583508,8,Wednesday
2445,2026-01-07 08:50:51.171478997,1.8032364611878846,8,Wednesday
2440,2026-01-07 08:51:16.370615527,3.749518681013277,8,Wednesday
2442,2026-01-07 08:52:10.738865323,0.27136594599265473,8,Wednesday
2433,2026-01-07 08:53:50.630345957,4.102002026184067,8,Wednesday
2428,2026-01-07 08:58:31.477323665,5.043720997085616,8,Wednesday
2478,2026-01-07 09:00:43.210898181,4.309167572435212,9,Wednesday
2474,2026-01-07 09:02:12.166596539,1.5218248160799044,9,Wednesday
2462,2026-01-07 09:05:05.878643602,3.5150932302417464,9,Wednesday
2482,2026-01-07 09:05:07.450908585,0.5637365377439869,9,Wednesday
2461,2026-01-07 09:11:08.797036915,1.0843058312969118,9,Wednesday
2451,2026-01-07 09:11:31.284128890,17.96083130004628,9,Wednesday
2459,2026-01-07 09:11:51.201260442,9.084540907357626,9,Wednesday
2466,2026-01-07 09:16:36.314875024,0.6346827486498934,9,Wednesday
2472,2026-01-07 09:19:40.382378465,2.8803765409826503,9,Wednesday
2457,2026-01-07 09:20:03.993097625,0.38924472283941136,9,Wednesday
2476,2026-01-07 09:20:10.764219373,0.2037065126492444,9,Wednesday
2468,2026-01-07 09:20:49.208407483,0.2709292223847981,9,Wednesday
2463,2026-01-07 09:26:10.485694885,7.3212174887384,9,Wednesday
2465,2026-01-07 09:26:15.780569760,4.299645561570667,9,Wednesday
2475,2026-01-07 09:28:29.168421757,2.738421661806102,9,Wednesday
2481,2026-01-07 09:29:06.064755086,1.8955755486777095,9,Wednesday
2455,2026-01-07 09:29:23.229124757,3.303381414942359,9,Wednesday
2471,2026-01-07 09:30:08.538551899,0.23101223915072286,9,Wednesday
2458,2026-01-07 09:31:09.525693512,0.5611444314044407,9,Wednesday
2456,2026-01-07 09:31:43.163774361,2.8031395544308073,9,Wednesday
2479,2026-01-07 09:33:10.133552586,4.230408628003247,9,Wednesday
2467,2026-01-07 09:33:29.416262005,0.18571183634875682,9,Wednesday
2454,2026-01-07 09:36:08.889013646,1.3499297670397967,9,Wednesday
2453,2026-01-07 09:37:24.166437455,4.762002620964084,9,Wednesday
2464,2026-01-07 09:39:29.906782221,0.3197415758048822,9,Wednesday
2452,2026-01-07 09:40:00.068346813,3.6491640351242474,9,Wednesday
2473,2026-01-07 09:44:13.676690243,9.289287130413296,9,Wednesday
2480,2026-01-07 09:44:26.388891839,2.020530351400584,9,Wednesday
2460,2026-01-07 09:48:18.627830497,1.3709998438399396,9,Wednesday
2477,2026-01-07 09:55:13.929186369,2.9808148693756924,9,Wednesday
2470,2026-01-07 09:55:21.522502572,0.6276601288068672,9,Wednesday
2469,2026-01-07 09:55:58.323684455,8.98378291640906,9,Wednesday
2508,2026-01-07 10:00:57.701363238,1.1729020464797122,10,Wednesday
2497,2026-01-07 10:03:22.407461463,1.7902817713168635,10,Wednesday
2512,2026-01-07 10:04:46.974263474,2.771325162598201,10,Wednesday
2507,2026-01-07 10:05:58.486968744,20.884657736152672,10,Wednesday
2502,2026-01-07 10:14:59.079045225,4.793668871942185,10,Wednesday
2494,2026-01-07 10:16:54.906080150,11.97495484629651,10,Wednesday
2489,2026-01-07 10:17:06.740889649,11.475511708146918,10,Wednesday
2495,2026-01-07 10:19:04.942602100,7.143923467867238,10,Wednesday
2503,2026-01-07 10:20:35.791760632,0.20584908823963646,10,Wednesday
2510,2026-01-07 10:22:37.150202232,1.1378596725190913,10,Wednesday
2491,2026-01-07 10:27:20.338377983,0.7037179592046167,10,Wednesday
2492,2026-01-07 10:28:55.262423196,1.853084928372473,10,Wednesday
2498,2026-01-07 10:29:08.283474288,1.0169789661595643,10,Wednesday
2506,2026-01-07 10:30:53.071897524,0.800599248605534,10,Wednesday
2501,2026-01-07 10:32:47.065467163,1.2795577295166711,10,Wednesday
2505,2026-01-07 10:33:33.185274366,3.1607966021174843,10,Wednesday
2515,2026-01-07 10:34:32.394910790,0.17519016840967022,10,Wednesday
2487,2026-01-07 10:36:02.851737622,10.594561744885315,10,Wednesday
2511,2026-01-07 10:36:11.567023558,7.328011245991459,10,Wednesday
2500,2026-01-07 10:36:37.306828145,3.213771943366735,10,Wednesday
2490,2026-01-07 10:37:50.773512621,4.8842566937016505,10,Wednesday
2513,2026-01-07 10:40:59.211428602,4.166829443337638,10,Wednesday
2488,2026-01-07 10:42:03.116510077,5.230330982140458,10,Wednesday
2493,2026-01-07 10:45:27.995617350,1.1269487873151105,10,Wednesday
2483,2026-01-07 10:45:59.745400963,0.6740342991521535,10,Wednesday
2504,2026-01-07 10:51:07.374296896,1.973889012717029,10,Wednesday
2486,2026-01-07 10:51:54.255957751,2.6078872281344023,10,Wednesday
2499,2026-01-07 10:54:46.082881468,7.062187429746098,10,Wednesday
2496,2026-01-07 10:55:28.710448063,5.6412102667967385,10,Wednesday
2514,2026-01-07 10:55:57.240151341,0.10616494951648639,10,Wednesday
2509,2026-01-07 10:57:49.266679273,0.6983402316664269,10,Wednesday
2484,2026-01-07 10:57:58.587471893,4.358039330275023,10,Wednesday
2485,2026-01-07 10:58:12.268044000,7.269595411285781,10,Wednesday
2559,2026-01-07 11:03:30.448754052,1.7186303907754372,11,Wednesday
2537,2026-01-07 11:03:49.660402512,6.316170830807772,11,Wednesday
2517,2026-01-07 11:05:12.143643344,2.5539866066122805,11,Wednesday
2522,2026-01-07 11:08:01.304355837,4.554128628821411,11,Wednesday
2562,2026-01-07 11:10:04.872187893,1.8185202687856585,11,Wednesday
2549,2026-01-07 11:10:50.367148720,0.3561585205662998,11,Wednesday
2534,2026-01-07 11:12:17.288672602,2.7299895897809288,11,Wednesday
2551,2026-01-07 11:13:07.578150279,2.699249572296216,11,Wednesday
2558,2026-01-07 11:13:41.992508526,3.5935070732554744,11,Wednesday
2529,2026-01-07 11:16:32.040394713,5.883735941515056,11,Wednesday
2539,2026-01-07 11:16:57.955645416,7.9926056234838905,11,Wednesday
2560,2026-01-07 11:17:59.745830903,3.1687986608871324,11,Wednesday
2540,2026-01-07 11:18:16.165527674,9.988985809830007,11,Wednesday
2552,2026-01-07 11:19:34.393825131,10.50841141219809,11,Wednesday
2530,2026-01-07 11:19:55.821079422,5.413832676009013,11,Wednesday
2527,2026-01-07 11:21:48.254155197,3.5123251659203096,11,Wednesday
2545,2026-01-07 11:22:37.926416847,5.972856590439909,11,Wednesday
2538,2026-01-07 11:23:14.003308356,4.362208191713996,11,Wednesday
2520,2026-01-07 11:23:16.701915832,10.785650325194624,11,Wednesday
2554,2026-01-07 11:23:37.518509635,8.75686860262072,11,Wednesday
2547,2026-01-07 11:26:04.311467896,9.93739838116295,11,Wednesday
2556,2026-01-07 11:26:40.464603849,0.28079029470381955,11,Wednesday
2561,2026-01-07 11:28:27.511193526,9.754635990236144,11,Wednesday
2518,2026-01-07 11:32:18.107167563,0.29552305768193454,11,Wednesday
2555,2026-01-07 11:36:29.560956359,4.078706631177119,11,Wednesday
2542,2026-01-07 11:38:33.998688527,3.222817235449181,11,Wednesday
2526,2026-01-07 11:40:35.822040789,2.6443670781082584,11,Wednesday
2531,2026-01-07 11:42:02.910304806,0.19578813781308682,11,Wednesday
2543,2026-01-07 11:43:03.634168056,2.439216556819023,11,Wednesday
2536,2026-01-07 11:44:18.765792229,12.035849445762416,11,Wednesday
2557,2026-01-07 11:44:32.531773523,17.85020511355982,11,Wednesday
2524,2026-01-07 11:45:05.123943112,2.7179036506796725,11,Wednesday
2553,2026-01-07 11:45:22.292042784,1.140746568877711,11,Wednesday
2532,2026-01-07 11:45:55.138678291,2.2963085135505064,11,Wednesday
2535,2026-01-07 11:47:52.792926789,3.4852278985845384,11,Wednesday
2546,2026-01-07 11:48:06.624606430,0.4344554640734276,11,Wednesday
2521,2026-01-07 11:49:46.436993142,0.8228576022456812,11,Wednesday
2548,2026-01-07 11:52:10.321218533,3.2750192844142205,11,Wednesday
2516,2026-01-07 11:53:06.859963347,2.190953659796779,11,Wednesday
2519,2026-01-07 11:54:47.626870605,4.377030674777809,11,Wednesday
2533,2026-01-07 11:55:45.852541856,19.323751100352617,11,Wednesday
2523,2026-01-07 11:56:07.420162804,5.464232786109861,11,Wednesday
2528,2026-01-07 11:56:17.452221089,0.03690105720673507,11,Wednesday
2525,2026-01-07 11:56:28.803814032,6.038190690047156,11,Wednesday
2550,2026-01-07 11:56:51.670237431,3.9893978583499825,11,Wednesday
2544,2026-01-07 11:58:35.823494334,17.011911419677435,11,Wednesday
2541,2026-01-07 11:58:58.608766396,3.0521992544632415,11,Wednesday
2592,2026-01-07 12:00:37.847608349,9.597413779439295,12,Wednesday
2584,2026-01-07 12:01:18.648163150,6.605537341168576,12,Wednesday
2590,2026-01-07 12:01:37.583948410,0.9266016060389448,12,Wednesday
2583,2026-01-07 12:02:21.702767351,5.903054343219857,12,Wednesday
2578,2026-01-07 12:03:00.631261151,16.188548211409138,12,Wednesday
2615,2026-01-07 12:03:17.878704623,3.5109691322508203,12,Wednesday
2617,2026-01-07 12:04:57.259768926,0.04564286944328279,12,Wednesday
2579,2026-01-07 12:05:48.100415235,3.8559776142847406,12,Wednesday
2586,2026-01-07 12:08:03.960338530,1.6949554269810665,12,Wednesday
2609,2026-01-07 12:08:34.131496102,7.899746297875579,12,Wednesday
2618,2026-01-07 12:09:16.274987965,5.224848544077591,12,Wednesday
2567,2026-01-07 12:09:58.265998595,1.8064262313775978,12,Wednesday
2573,2026-01-07 12:10:44.990105844,0.031015108309698315,12,Wednesday
2582,2026-01-07 12:11:03.485029020,2.988672977894771,12,Wednesday
2566,2026-01-07 12:13:38.933773296,0.45491638323689626,12,Wednesday
2607,2026-01-07 12:16:43.299537342,7.611253765342133,12,Wednesday
2612,2026-01-07 12:16:44.429845252,8.30309668864543,12,Wednesday
2581,2026-01-07 12:16:54.570011863,1.4895510011091286,12,Wednesday
2611,2026-01-07 12:16:57.180963067,2.0932793851026203,12,Wednesday
2563,2026-01-07 12:17:52.293834204,3.57144686309625,12,Wednesday
2568,2026-01-07 12:19:57.826115437,16.989779113062543,12,Wednesday
2601,2026-01-07 12:20:08.938912709,2.3179111538684225,12,Wednesday
2570,2026-01-07 12:20:34.896165324,2.0389261636121576,12,Wednesday
2598,2026-01-07 12:23:21.151027044,3.6197541789296137,12,Wednesday
2613,2026-01-07 12:24:17.886914554,1.360944703258735,12,Wednesday
2589,2026-01-07 12:25:42.066482047,2.60139465779218,12,Wednesday
2595,2026-01-07 12:25:58.223715805,1.2890700112906384,12,Wednesday
2619,2026-01-07 12:26:22.426590382,3.577923359336209,12,Wednesday
2606,2026-01-07 12:27:10.169299023,2.826471483150584,12,Wednesday
2575,2026-01-07 12:27:37.279343285,14.818218591413173,12,Wednesday
2587,2026-01-07 12:28:03.794217496,3.8633345619544324,12,Wednesday
2565,2026-01-07 12:28:17.854914702,1.9023295238839042,12,Wednesday
2597,2026-01-07 12:28:37.140213423,5.936727914885518,12,Wednesday
2572,2026-01-07 12:29:06.829640755,12.01730014798798,12,Wednesday
2605,2026-01-07 12:30:32.252545519,2.1305764427688483,12,Wednesday
2596,2026-01-07 12:32:07.952903152,3.9239781378005087,12,Wednesday
2616,2026-01-07 12:34:42.750545532,1.5112669074681186,12,Wednesday
2610,2026-01-07 12:34:47.386473771,4.29587781246959,12,Wednesday
2588,2026-01-07 12:36:21.228534646,3.810595416972328,12,Wednesday
2602,2026-01-07 12:36:54.251114452,7.395383301091531,12,Wednesday
2576,2026-01-07 12:42:34.816836616,0.4788429631317092,12,Wednesday
2580,2026-01-07 12:43:13.644269265,0.07149185354754567,12,Wednesday
2593,2026-01-07 12:45:42.803619758,3.4490939120805053,12,Wednesday
2585,2026-01-07 12:46:28.148171231,26.931933342485248,12,Wednesday
2564,2026-01-07 12:46:48.173113344,1.4973727113287703,12,Wednesday
2591,2026-01-07 12:47:00.605409316,18.961556528390346,12,Wednesday
2599,2026-01-07 12:53:14.728327333,23.170508776151685,12,Wednesday
2574,2026-01-07 12:53:28.104330456,8.321677164334286,12,Wednesday
2594,2026-01-07 12:53:35.896177637,4.622186913069447,12,Wednesday
2600,2026-01-07 12:53:38.160638411,4.725273074927703,12,Wednesday
2603,2026-01-07 12:55:36.867223725,0.9344348818922593,12,Wednesday
2569,2026-01-07 12:56:23.727742388,14.475579317476619,12,Wednesday
2608,2026-01-07 12:57:31.938743485,3.309919516937448,12,Wednesday
2604,2026-01-07 12:57:43.410596188,2.4267301307151667,12,Wednesday
2577,2026-01-07 12:59:01.361699552,0.8803915486109798,12,Wednesday
2571,2026-01-07 12:59:17.246673436,4.229789715639278,12,Wednesday
2614,2026-01-07 12:59:55.654568936,1.2704820564755195,12,Wednesday
2670,2026-01-07 13:01:49.273699918,3.1179695600673627,13,Wednesday
2646,2026-01-07 13:02:57.460173951,21.85779696431995,13,Wednesday
2645,2026-01-07 13:03:05.966485612,5.903238627443741,13,Wednesday
2665,2026-01-07 13:03:50.740959730,1.8570236523790749,13,Wednesday
2676,2026-01-07 13:04:21.596115292,7.477807030455019,13,Wednesday
2663,2026-01-07 13:05:18.882022691,1.3254204188196106,13,Wednesday
2628,2026-01-07 13:05:32.818261333,9.771025143988215,13,Wednesday
2681,2026-01-07 13:07:32.316572684,8.988630040848028,13,Wednesday
2674,2026-01-07 13:08:01.601321978,6.148514781271537,13,Wednesday
2622,2026-01-07 13:08:22.020850338,1.383110110064952,13,Wednesday
2652,2026-01-07 13:11:32.128506485,6.967565036572387,13,Wednesday
2677,2026-01-07 13:11:56.736311769,8.250188411079545,13,Wednesday
2668,2026-01-07 13:12:39.491606231,1.9490154525250118,13,Wednesday
2684,2026-01-07 13:12:48.754276165,3.065800643803283,13,Wednesday
2687,2026-01-07 13:13:02.830555982,5.093874468440543,13,Wednesday
2673,2026-01-07 13:13:03.316583753,10.11349532637616,13,Wednesday
2683,2026-01-07 13:14:19.506375909,5.198049029908355,13,Wednesday
2659,2026-01-07 13:14:29.764595168,4.211775299029261,13,Wednesday
2632,2026-01-07 13:14:38.383088468,1.8758983655938077,13,Wednesday
2635,2026-01-07 13:14:51.473915057,0.049380808496267525,13,Wednesday
2643,2026-01-07 13:16:24.508255349,2.955899316347989,13,Wednesday
2682,2026-01-07 13:17:23.020741457,4.306094565032964,13,Wednesday
2653,2026-01-07 13:18:34.090376718,4.199758405261743,13,Wednesday
2649,2026-01-07 13:18:56.279575321,4.7039662624491525,13,Wednesday
2651,2026-01-07 13:19:14.640896321,0.8501597712233924,13,Wednesday
2640,2026-01-07 13:19:15.589364307,1.812707995578756,13,Wednesday
2678,2026-01-07 13:20:52.160450758,7.300019214177723,13,Wednesday
2636,2026-01-07 13:20:52.987039718,2.631241279700745,13,Wednesday
2648,2026-01-07 13:21:12.503491418,5.428251993587033,13,Wednesday
2688,2026-01-07 13:22:00.043966930,0.42477952491711835,13,Wednesday
2627,2026-01-07 13:22:19.356844123,7.5192650862815515,13,Wednesday
2647,2026-01-07 13:23:10.635738523,1.2755002219923774,13,Wednesday
2689,2026-01-07 13:23:27.302736628,2.8547768942998752,13,Wednesday
2630,2026-01-07 13:23:40.125807019,2.2289014774395017,13,Wednesday
2655,2026-01-07 13:24:40.008301181,3.216406206193864,13,Wednesday
2685,2026-01-07 13:24:40.119611327,3.761379882178202,13,Wednesday
2639,2026-01-07 13:26:36.380770209,7.267418715654293,13,Wednesday
2656,2026-01-07 13:26:40.965996690,2.0306511242698644,13,Wednesday
2629,2026-01-07 13:27:28.441062457,9.317268389840109,13,Wednesday
2672,2026-01-07 13:27:37.184582313,13.13781947976804,13,Wednesday
2650,2026-01-07 13:29:27.671145608,12.331314909719753,13,Wednesday
2641,2026-01-07 13:31:33.938447705,8.346656579470675,13,Wednesday
2680,2026-01-07 13:32:41.283906993,5.162830169926545,13,Wednesday
2623,2026-01-07 13:34:09.143267265,0.3523125083853791,13,Wednesday
2620,2026-01-07 13:34:16.317062266,15.468529241937958,13,Wednesday
2657,2026-01-07 13:34:35.561963824,4.329335735985363,13,Wednesday
2625,2026-01-07 13:34:59.180726207,1.5516466455118114,13,Wednesday
2666,2026-01-07 13:35:46.113538379,1.003019919199958,13,Wednesday
2662,2026-01-07 13:36:26.367900455,0.26260448236362705,13,Wednesday
2679,2026-01-07 13:37:12.845456260,0.6049991349774558,13,Wednesday
2664,2026-01-07 13:40:36.740192979,3.386386179016569,13,Wednesday
2660,2026-01-07 13:40:52.615597916,4.994591635636997,13,Wednesday
2642,2026-01-07 13:41:15.969142916,1.7401107273569383,13,Wednesday
2686,2026-01-07 13:42:14.513229329,0.17490821702259818,13,Wednesday
2661,2026-01-07 13:42:57.544896750,3.6568195993113637,13,Wednesday
2626,2026-01-07 13:43:04.851041257,3.5253478547030976,13,Wednesday
2644,2026-01-07 13:44:11.303428628,6.491756753103576,13,Wednesday
2667,2026-01-07 13:44:22.492237998,3.5072360728879115,13,Wednesday
2669,2026-01-07 13:50:29.839227153,1.49275559000476,13,Wednesday
2671,2026-01-07 13:50:37.726309169,0.7152210997701215,13,Wednesday
2621,2026-01-07 13:51:48.353680041,8.050630314578598,13,Wednesday
2631,2026-01-07 13:52:01.416656564,5.811505350055038,13,Wednesday
2624,2026-01-07 13:52:04.726656231,1.9056003726596442,13,Wednesday
2637,2026-01-07 13:53:44.000667145,1.9977576588575598,13,Wednesday
2675,2026-01-07 13:57:11.905803296,0.5614435658230681,13,Wednesday
2634,2026-01-07 13:57:29.297231296,6.046020076459111,13,Wednesday
2638,2026-01-07 13:57:59.839995225,5.910690276707358,13,Wednesday
2633,2026-01-07 13:58:00.243219126,0.31419605949613155,13,Wednesday
2654,2026-01-07 13:58:29.655382116,1.6056143051850946,13,Wednesday
2690,2026-01-07 13:58:35.243505967,1.731184464073511,13,Wednesday
2658,2026-01-07 13:59:00.026766291,10.991152902598856,13,Wednesday
2724,2026-01-07 14:01:28.719856690,2.881659295209507,14,Wednesday
2739,2026-01-07 14:02:23.812703829,8.560002989082546,14,Wednesday
2706,2026-01-07 14:02:57.512353595,2.9804450139727146,14,Wednesday
2744,2026-01-07 14:03:18.365526571,0.13484388158165903,14,Wednesday
2730,2026-01-07 14:03:54.996327239,1.0326005530273132,14,Wednesday
2751,2026-01-07 14:03:57.799108159,2.173036073534379,14,Wednesday
2704,2026-01-07 14:04:31.003379946,10.18942106622196,14,Wednesday
2694,2026-01-07 14:06:15.527114466,2.1947266463424024,14,Wednesday
2699,2026-01-07 14:06:24.162548768,1.896564010583294,14,Wednesday
2705,2026-01-07 14:06:44.629297833,11.074343286358616,14,Wednesday
2715,2026-01-07 14:06:45.011269895,1.3931490422755517,14,Wednesday
2734,2026-01-07 14:07:42.059735812,4.431214243490142,14,Wednesday
2708,2026-01-07 14:08:08.381281777,0.4004632858983886,14,Wednesday
2695,2026-01-07 14:08:43.855738034,5.736572032898788,14,Wednesday
2693,2026-01-07 14:09:48.076019075,3.2491680700900254,14,Wednesday
2707,2026-01-07 14:15:26.925179372,3.0744875189969,14,Wednesday
2709,2026-01-07 14:15:36.172944908,5.554917873811834,14,Wednesday
2721,2026-01-07 14:15:48.785326188,7.136308951975792,14,Wednesday
2717,2026-01-07 14:16:30.355973612,1.0690187086828233,14,Wednesday
2722,2026-01-07 14:16:44.869694787,0.24997762539450644,14,Wednesday
2749,2026-01-07 14:18:41.950499956,5.623203092174411,14,Wednesday
2719,2026-01-07 14:20:27.463105114,12.102368874451594,14,Wednesday
2740,2026-01-07 14:21:44.256564000,1.9781102311442498,14,Wednesday
2710,2026-01-07 14:23:06.209000588,8.609099000916675,14,Wednesday
2745,2026-01-07 14:25:36.821020163,6.644440787386447,14,Wednesday
2738,2026-01-07 14:26:20.870378897,4.25216708356428,14,Wednesday
2743,2026-01-07 14:27:33.637160138,1.6024927143376468,14,Wednesday
2698,2026-01-07 14:28:02.139585627,1.560852265176102,14,Wednesday
2746,2026-01-07 14:28:08.489782984,4.912819288731211,14,Wednesday
2750,2026-01-07 14:31:31.145752022,1.152615996404674,14,Wednesday
2697,2026-01-07 14:31:41.481342322,6.2819882640837035,14,Wednesday
2712,2026-01-07 14:36:37.353815214,2.7348629693785442,14,Wednesday
2703,2026-01-07 14:37:33.796952330,4.5525664613706,14,Wednesday
2718,2026-01-07 14:38:20.788249180,0.5372510663319602,14,Wednesday
2748,2026-01-07 14:38:27.909972895,6.767860683394994,14,Wednesday
2732,2026-01-07 14:38:46.715761166,1.0182284525958716,14,Wednesday
2733,2026-01-07 14:38:50.431683743,0.29345764110159756,14,Wednesday
2700,2026-01-07 14:38:58.401624325,0.6690927755226515,14,Wednesday
2735,2026-01-07 14:39:00.673799204,9.17379972422134,14,Wednesday
2691,2026-01-07 14:41:29.916247103,17.980268270906397,14,Wednesday
2725,2026-01-07 14:41:48.080356343,2.0957550967752123,14,Wednesday
2742,2026-01-07 14:42:05.396765274,4.535992180495252,14,Wednesday
2714,2026-01-07 14:42:37.265402564,10.482754077177301,14,Wednesday
2726,2026-01-07 14:43:31.175006649,3.953539425761557,14,Wednesday
2716,2026-01-07 14:44:09.313462946,3.9988828883301784,14,Wednesday
2692,2026-01-07 14:47:42.041532942,2.231903518878148,14,Wednesday
2731,2026-01-07 14:49:18.621561910,1.0427047001080516,14,Wednesday
2741,2026-01-07 14:49:35.005121761,2.1509492969092534,14,Wednesday
2702,2026-01-07 14:49:41.469129564,0.20305345577177628,14,Wednesday
2713,2026-01-07 14:50:05.905628458,9.126767516434537,14,Wednesday
2727,2026-01-07 14:50:10.962878677,0.47899433093989274,14,Wednesday
2701,2026-01-07 14:52:04.798530822,5.328450673998246,14,Wednesday
2696,2026-01-07 14:52:37.659222834,5.426982392290495,14,Wednesday
2737,2026-01-07 14:54:42.546850342,0.2512305037537511,14,Wednesday
2747,2026-01-07 14:55:42.799918418,4.34651093699433,14,Wednesday
2723,2026-01-07 14:55:50.420120024,9.280811364606516,14,Wednesday
2711,2026-01-07 14:56:34.738022656,1.4029037637667099,14,Wednesday
2728,2026-01-07 14:58:27.981518298,7.066201815154283,14,Wednesday
2729,2026-01-07 14:58:32.166908963,4.366576211608102,14,Wednesday
2736,2026-01-07 14:58:56.937290164,0.08826558707916064,14,Wednesday
2720,2026-01-07 14:59:51.620147752,8.588109391173631,14,Wednesday
2771,2026-01-07 15:02:00.324860767,5.3437536185955885,15,Wednesday
2764,2026-01-07 15:03:22.370059655,2.189023779797281,15,Wednesday
2757,2026-01-07 15:06:20.341243616,7.028965323619332,15,Wednesday
2780,2026-01-07 15:08:39.264076025,1.8101250518858567,15,Wednesday
2784,2026-01-07 15:08:47.812405775,2.7490758639589563,15,Wednesday
2773,2026-01-07 15:09:59.412769378,0.9241200570057446,15,Wednesday
2775,2026-01-07 15:10:33.205020307,3.0154663210966595,15,Wednesday
2756,2026-01-07 15:11:02.764764099,4.5031281133883185,15,Wednesday
2779,2026-01-07 15:12:42.171739732,1.0431378793646342,15,Wednesday
2776,2026-01-07 15:14:07.379742834,14.567546654622102,15,Wednesday
2767,2026-01-07 15:17:10.086152849,12.342604583586724,15,Wednesday
2769,2026-01-07 15:18:50.983429813,11.30797067863334,15,Wednesday
2777,2026-01-07 15:29:39.734919764,5.647729852201779,15,Wednesday
2782,2026-01-07 15:30:02.230316402,0.7766533490445192,15,Wednesday
2759,2026-01-07 15:34:43.523314895,2.970779434447734,15,Wednesday
2772,2026-01-07 15:34:47.254237798,11.875000411167527,15,Wednesday
2760,2026-01-07 15:37:05.826075649,2.5999346057208177,15,Wednesday
2755,2026-01-07 15:37:42.049623178,5.751045226909061,15,Wednesday
2768,2026-01-07 15:38:25.610186375,1.5440897817890549,15,Wednesday
2752,2026-01-07 15:40:34.304686883,5.19127347282727,15,Wednesday
2762,2026-01-07 15:42:11.798019836,1.7283144046938888,15,Wednesday
2774,2026-01-07 15:42:43.992738637,17.261447181381307,15,Wednesday
2765,2026-01-07 15:44:51.074292287,4.157382682724594,15,Wednesday
2781,2026-01-07 15:45:32.316594674,0.4881601169356458,15,Wednesday
2761,2026-01-07 15:46:53.263519516,20.703868727959165,15,Wednesday
2758,2026-01-07 15:48:46.263497532,1.851425549203286,15,Wednesday
2763,2026-01-07 15:50:04.049710281,1.7464913668912496,15,Wednesday
2766,2026-01-07 15:51:03.069926359,1.4539193520438396,15,Wednesday
2753,2026-01-07 15:51:30.960385136,1.3255546154023112,15,Wednesday
2783,2026-01-07 15:54:42.426404574,0.5527611819946485,15,Wednesday
2778,2026-01-07 15:54:53.405819988,1.7947223716893297,15,Wednesday
2770,2026-01-07 15:57:28.695839336,0.5461458554704888,15,Wednesday
2754,2026-01-07 15:57:45.837301900,0.8525208616449735,15,Wednesday
2799,2026-01-07 16:02:20.423114746,6.353914505692121,16,Wednesday
2788,2026-01-07 16:05:51.396137192,14.130020004597473,16,Wednesday
2813,2026-01-07 16:06:25.304883159,8.565028035793866,16,Wednesday
2785,2026-01-07 16:07:49.153559420,1.858006731766436,16,Wednesday
2805,2026-01-07 16:09:49.018334897,1.3396017973610632,16,Wednesday
2789,2026-01-07 16:10:00.654881540,0.960534092700986,16,Wednesday
2787,2026-01-07 16:11:49.858735085,13.758174116340875,16,Wednesday
2811,2026-01-07 16:14:37.013251135,12.015587932777432,16,Wednesday
2798,2026-01-07 16:15:57.964926734,1.4863215194438417,16,Wednesday
2792,2026-01-07 16:21:14.632424478,1.457362238886478,16,Wednesday
2816,2026-01-07 16:22:58.200221166,1.540585538425381,16,Wednesday
2818,2026-01-07 16:25:48.513835548,16.82654105015206,16,Wednesday
2819,2026-01-07 16:26:15.954197957,12.373653891602308,16,Wednesday
2800,2026-01-07 16:27:20.040415164,0.14262244397212923,16,Wednesday
2794,2026-01-07 16:32:14.192425204,1.5598551563164251,16,Wednesday
2802,2026-01-07 16:34:10.190130666,4.927579069577103,16,Wednesday
2797,2026-01-07 16:37:43.442454215,6.383697167758628,16,Wednesday
2817,2026-01-07 16:37:50.287061939,5.436281873638286,16,Wednesday
2786,2026-01-07 16:38:36.344218262,7.180146887064508,16,Wednesday
2793,2026-01-07 16:39:20.954762378,0.3482758801762422,16,Wednesday
2807,2026-01-07 16:40:27.456865320,2.597626301992397,16,Wednesday
2795,2026-01-07 16:40:37.647348537,12.16393797871606,16,Wednesday
2796,2026-01-07 16:40:57.616148865,5.014402010278992,16,Wednesday
2810,2026-01-07 16:41:12.043002206,0.08528727326465901,16,Wednesday
2806,2026-01-07 16:41:30.399500911,5.281804605527639,16,Wednesday
2814,2026-01-07 16:46:50.517495017,36.695002834376666,16,Wednesday
2812,2026-01-07 16:47:54.801017270,1.571020179665576,16,Wednesday
2791,2026-01-07 16:49:17.296509994,6.686215277675606,16,Wednesday
2803,2026-01-07 16:49:56.607750126,0.7896858299565791,16,Wednesday
2801,2026-01-07 16:53:27.505984886,2.352589573523283,16,Wednesday
2815,2026-01-07 16:54:36.706046920,1.18767847827395,16,Wednesday
2790,2026-01-07 16:55:25.433025156,10.386964194788252,16,Wednesday
2808,2026-01-07 16:58:47.839610489,4.532241582208916,16,Wednesday
2809,2026-01-07 16:59:08.162642230,0.5683668182306739,16,Wednesday
2804,2026-01-07 16:59:29.847634660,8.658128706138362,16,Wednesday
2839,2026-01-08 08:03:23.852006559,4.5244646912975925,8,Thursday
2838,2026-01-08 08:04:12.247304596,7.957762143215298,8,Thursday
2829,2026-01-08 08:05:18.229081728,2.2409450112157185,8,Thursday
2825,2026-01-08 08:06:00.557991024,2.951929779407672,8,Thursday
2820,2026-01-08 08:08:08.685071159,0.6413158960559024,8,Thursday
2823,2026-01-08 08:09:49.424248365,3.4332757772182476,8,Thursday
2834,2026-01-08 08:09:59.538648590,27.896103062433365,8,Thursday
2826,2026-01-08 08:16:18.183356033,6.165009603393448,8,Thursday
2837,2026-01-08 08:16:53.318288823,2.8287616345110407,8,Thursday
2824,2026-01-08 08:17:57.923249291,9.25581144203833,8,Thursday
2830,2026-01-08 08:20:32.011889204,5.070925892504658,8,Thursday
2828,2026-01-08 08:22:41.936185794,0.9555828342106922,8,Thursday
2833,2026-01-08 08:24:58.179407062,3.8264335552468083,8,Thursday
2832,2026-01-08 08:37:46.860942933,2.2434827319387614,8,Thursday
2827,2026-01-08 08:48:57.440841894,6.5814677515537925,8,Thursday
2836,2026-01-08 08:49:15.056433347,8.465640157676816,8,Thursday
2822,2026-01-08 08:57:51.671642529,13.208744226866017,8,Thursday
2821,2026-01-08 08:58:38.777463134,4.3466610255777685,8,Thursday
2831,2026-01-08 08:58:52.980003268,0.3666000728235618,8,Thursday
2835,2026-01-08 08:59:10.236470221,3.2173447934139032,8,Thursday
2864,2026-01-08 09:00:26.867305501,2.0429008756999796,9,Thursday
2859,2026-01-08 09:00:31.028409330,3.389983146863323,9,Thursday
2845,2026-01-08 09:01:00.017582158,2.9718105648240645,9,Thursday
2860,2026-01-08 09:01:11.902557280,1.0679205237388774,9,Thursday
2844,2026-01-08 09:05:36.813864884,5.5322389068689315,9,Thursday
2858,2026-01-08 09:08:37.954159403,4.412291523205101,9,Thursday
2843,2026-01-08 09:08:39.523357274,10.08746712286573,9,Thursday
2852,2026-01-08 09:09:45.039835070,3.326547411187799,9,Thursday
2872,2026-01-08 09:12:38.747157947,4.876941001226755,9,Thursday
2848,2026-01-08 09:12:41.424297414,4.92823928683616,9,Thursday
2869,2026-01-08 09:13:58.868271828,0.69275193058819,9,Thursday
2847,2026-01-08 09:14:11.309684059,1.1423917047700014,9,Thursday
2873,2026-01-08 09:14:12.193713073,2.960849041080727,9,Thursday
2850,2026-01-08 09:19:12.058007114,27.182356188317215,9,Thursday
2856,2026-01-08 09:24:24.385494859,2.9994689342521834,9,Thursday
2842,2026-01-08 09:25:02.578590481,1.4940550440639475,9,Thursday
2865,2026-01-08 09:25:21.671830766,15.21034876607742,9,Thursday
2867,2026-01-08 09:26:33.697327082,4.992175026026282,9,Thursday
2862,2026-01-08 09:27:19.421658892,1.4106116957404362,9,Thursday
2851,2026-01-08 09:30:21.760892682,3.2713972183031093,9,Thursday
2863,2026-01-08 09:31:04.855256070,12.316243420641001,9,Thursday
2861,2026-01-08 09:35:11.766254656,3.117511067579936,9,Thursday
2871,2026-01-08 09:35:18.352465632,0.5220610065703521,9,Thursday
2840,2026-01-08 09:36:15.495911357,8.858007855018075,9,Thursday
2874,2026-01-08 09:37:40.909672450,7.525051018873462,9,Thursday
2841,2026-01-08 09:37:48.067250227,2.6860856982106007,9,Thursday
2866,2026-01-08 09:43:05.045380323,3.8077221126473875,9,Thursday
2868,2026-01-08 09:43:55.989142724,3.9147078908727058,9,Thursday
2849,2026-01-08 09:44:09.727441533,2.2216210155004066,9,Thursday
2857,2026-01-08 09:45:44.500369345,6.341654770395612,9,Thursday
2870,2026-01-08 09:48:47.311216134,2.35659221824097,9,Thursday
2854,2026-01-08 09:51:05.693040062,12.429896311280482,9,Thursday
2855,2026-01-08 09:51:49.642642674,8.067684003548298,9,Thursday
2846,2026-01-08 09:52:24.723351282,3.3461787092205646,9,Thursday
2853,2026-01-08 09:57:35.084597263,4.171846497593944,9,Thursday
2895,2026-01-08 10:04:43.056159563,2.557100892725221,10,Thursday
2880,2026-01-08 10:05:03.166840237,2.0894882673058452,10,Thursday
2885,2026-01-08 10:06:34.136517848,0.7926831725002745,10,Thursday
2887,2026-01-08 10:10:29.225956380,7.805221276493058,10,Thursday
2902,2026-01-08 10:12:43.492454918,0.4573801411241316,10,Thursday
2903,2026-01-08 10:14:20.391648761,13.783051799304848,10,Thursday
2889,2026-01-08 10:14:43.636065140,0.22948968102495335,10,Thursday
2897,2026-01-08 10:14:53.834926671,2.60827624819199,10,Thursday
2904,2026-01-08 10:16:52.624428790,8.73015111074391,10,Thursday
2883,2026-01-08 10:17:07.454646468,5.701089956198645,10,Thursday
2896,2026-01-08 10:19:51.293156808,14.70176560891229,10,Thursday
2899,2026-01-08 10:23:21.803206800,3.3070534120651933,10,Thursday
2875,2026-01-08 10:24:22.796031469,2.64772605401502,10,Thursday
2878,2026-01-08 10:25:08.125049254,10.576092121333105,10,Thursday
2879,2026-01-08 10:31:02.179811115,16.849922757030818,10,Thursday
2884,2026-01-08 10:35:08.910219174,8.72743079836921,10,Thursday
2893,2026-01-08 10:36:52.198056918,7.342544524046479,10,Thursday
2888,2026-01-08 10:38:52.909144998,4.789350851774627,10,Thursday
2882,2026-01-08 10:39:59.066296901,0.03558539602992268,10,Thursday
2892,2026-01-08 10:40:24.311024081,2.3000697074855663,10,Thursday
2901,2026-01-08 10:41:05.010589971,11.916874429382611,10,Thursday
2877,2026-01-08 10:42:37.518534044,0.09923570344335414,10,Thursday
2890,2026-01-08 10:43:03.220977534,4.871545980434359,10,Thursday
2900,2026-01-08 10:43:57.405717265,11.39103955424943,10,Thursday
2891,2026-01-08 10:46:36.556922065,1.8474819630602881,10,Thursday
2894,2026-01-08 10:53:32.888738227,8.328327133928745,10,Thursday
2876,2026-01-08 10:55:35.707379586,1.3349878350048963,10,Thursday
2886,2026-01-08 10:57:57.012007707,0.8697813143735782,10,Thursday
2881,2026-01-08 10:59:04.473226954,2.0662784760868442,10,Thursday
2898,2026-01-08 10:59:16.850263435,7.388453823800264,10,Thursday
2923,2026-01-08 11:00:47.812332450,6.0256655338588665,11,Thursday
2918,2026-01-08 11:00:50.452263093,10.071854133244184,11,Thursday
2914,2026-01-08 11:01:01.088865535,1.343860227323681,11,Thursday
2916,2026-01-08 11:02:40.517133842,10.344606749735142,11,Thursday
2909,2026-01-08 11:02:59.496527036,4.879379091062655,11,Thursday
2927,2026-01-08 11:04:19.967467206,8.426873903771266,11,Thursday
2940,2026-01-08 11:04:22.434426737,2.0270744958722076,11,Thursday
2952,2026-01-08 11:05:22.103242117,3.0871641334387734,11,Thursday
2957,2026-01-08 11:05:26.595177892,4.011601129185015,11,Thursday
2956,2026-01-08 11:05:57.255593710,3.9275035411896235,11,Thursday
2949,2026-01-08 11:07:56.894362830,14.907290357822529,11,Thursday
2917,2026-01-08 11:08:35.023029804,0.6779635734592118,11,Thursday
2932,2026-01-08 11:08:57.773890415,2.505948449274814,11,Thursday
2910,2026-01-08 11:08:59.673311689,2.200805300381365,11,Thursday
2937,2026-01-08 11:09:25.933980805,9.379565637224465,11,Thursday
2934,2026-01-08 11:10:20.590903578,3.396050871559142,11,Thursday
2942,2026-01-08 11:15:11.516065246,4.25219321770099,11,Thursday
2958,2026-01-08 11:15:45.703717206,2.2046240986930337,11,Thursday
2907,2026-01-08 11:17:20.941204034,6.36477128345197,11,Thursday
2953,2026-01-08 11:25:04.742707824,1.8342595080194486,11,Thursday
2947,2026-01-08 11:27:17.844767019,0.5648413119340875,11,Thursday
2925,2026-01-08 11:27:34.426719019,0.5591096187404582,11,Thursday
2931,2026-01-08 11:29:07.046282622,3.836003145142411,11,Thursday
2926,2026-01-08 11:29:56.284599194,3.5275145224803195,11,Thursday
2946,2026-01-08 11:30:06.730311688,2.0326700090074037,11,Thursday
2929,2026-01-08 11:30:11.593493491,3.6027755154531165,11,Thursday
2939,2026-01-08 11:31:06.115668007,2.5835477712548167,11,Thursday
2911,2026-01-08 11:32:15.292096985,7.777447350806756,11,Thursday
2924,2026-01-08 11:32:31.255074527,7.112056675187441,11,Thursday
2951,2026-01-08 11:32:46.491360471,0.9247808579302947,11,Thursday
2950,2026-01-08 11:32:48.895849655,1.8199343898886204,11,Thursday
2919,2026-01-08 11:34:00.690359858,4.501782474214858,11,Thursday
2912,2026-01-08 11:34:32.852896040,1.3308453853426472,11,Thursday
2936,2026-01-08 11:36:47.218460649,3.369787326945151,11,Thursday
2941,2026-01-08 11:37:36.598455894,3.3856607823883875,11,Thursday
2913,2026-01-08 11:38:42.540299883,5.097182805889043,11,Thursday
2933,2026-01-08 11:38:53.725034680,9.426060119679295,11,Thursday
2921,2026-01-08 11:39:57.409797889,2.7890782801250875,11,Thursday
2928,2026-01-08 11:41:03.967299849,13.757114851591204,11,Thursday
2948,2026-01-08 11:45:12.512179607,1.364592366140808,11,Thursday
2930,2026-01-08 11:45:54.535859500,15.00666198622234,11,Thursday
2943,2026-01-08 11:48:13.296426758,1.3612567743746915,11,Thursday
2905,2026-01-08 11:48:18.429151516,10.387858955925902,11,Thursday
2944,2026-01-08 11:49:04.159464838,7.898305492988001,11,Thursday
2922,2026-01-08 11:49:21.566886529,0.8768903543235089,11,Thursday
2906,2026-01-08 11:51:00.477844866,0.6900073287920482,11,Thursday
2954,2026-01-08 11:51:11.825274841,0.17896108724618343,11,Thursday
2955,2026-01-08 11:51:22.153039180,1.9514926511490267,11,Thursday
2935,2026-01-08 11:52:20.620428077,3.1923718661861518,11,Thursday
2920,2026-01-08 11:55:56.160782115,0.6797314785977164,11,Thursday
2908,2026-01-08 11:57:08.136282104,0.5332824398536797,11,Thursday
2915,2026-01-08 11:57:37.320388639,6.25288175888835,11,Thursday
2938,2026-01-08 11:57:44.417006932,8.917216969812547,11,Thursday
2945,2026-01-08 11:58:44.210481076,3.332358439125339,11,Thursday
2999,2026-01-08 12:00:14.106149823,7.756674089693121,12,Thursday
3011,2026-01-08 12:01:04.904432252,1.1742216702772108,12,Thursday
2966,2026-01-08 12:01:16.139364057,0.32486628353639413,12,Thursday
2997,2026-01-08 12:03:07.285518106,0.11113507428000827,12,Thursday
2973,2026-01-08 12:03:08.204771767,0.8408273523907364,12,Thursday
3010,2026-01-08 12:04:38.941055599,9.231935715261264,12,Thursday
2984,2026-01-08 12:04:54.978380537,4.915374796716641,12,Thursday
3012,2026-01-08 12:06:08.395846322,0.3764327309823805,12,Thursday
3019,2026-01-08 12:06:30.241341779,1.4957867357159795,12,Thursday
2998,2026-01-08 12:06:49.125739308,8.115083575917927,12,Thursday
2981,2026-01-08 12:07:35.893651866,0.28775548473995305,12,Thursday
3005,2026-01-08 12:09:04.551424065,7.633433018244213,12,Thursday
3022,2026-01-08 12:10:05.225151351,0.2629142928765788,12,Thursday
2982,2026-01-08 12:10:42.671241381,0.7668129811598556,12,Thursday
2985,2026-01-08 12:11:45.528664926,0.2802560155457589,12,Thursday
2975,2026-01-08 12:11:53.506991118,1.4315943379318878,12,Thursday
2971,2026-01-08 12:12:17.925238173,0.7312379922200576,12,Thursday
2964,2026-01-08 12:12:21.557463078,3.8850061008037162,12,Thursday
2961,2026-01-08 12:14:36.481358640,4.905367116581393,12,Thursday
2960,2026-01-08 12:15:29.616527735,3.3410516028677923,12,Thursday
2995,2026-01-08 12:15:54.170234673,0.6183677185453798,12,Thursday
2991,2026-01-08 12:16:11.072877145,1.1013029496847833,12,Thursday
3006,2026-01-08 12:17:04.829059847,13.861437629948004,12,Thursday
3004,2026-01-08 12:18:00.241498459,5.1473894111949345,12,Thursday
2979,2026-01-08 12:19:09.211072030,2.6162447177544967,12,Thursday
2969,2026-01-08 12:20:19.438640787,6.800266361068422,12,Thursday
2977,2026-01-08 12:21:09.105268681,1.4695992073208732,12,Thursday
3018,2026-01-08 12:21:41.997899502,14.76878517772499,12,Thursday
3007,2026-01-08 12:22:33.496398944,5.887098451314484,12,Thursday
2988,2026-01-08 12:22:34.533585589,3.7433800512140976,12,Thursday
2959,2026-01-08 12:22:38.454518029,3.5898697904818238,12,Thursday
3013,2026-01-08 12:24:37.795369310,6.074832639664823,12,Thursday
2967,2026-01-08 12:25:08.158720742,1.03725409016712,12,Thursday
2962,2026-01-08 12:27:27.952605734,14.611191176855813,12,Thursday
3017,2026-01-08 12:27:58.948540216,0.4738560032525738,12,Thursday
2983,2026-01-08 12:29:34.908450571,0.2713617627255768,12,Thursday
3003,2026-01-08 12:30:35.013871037,5.9772398416931924,12,Thursday
3009,2026-01-08 12:32:22.782440051,1.3948844752435996,12,Thursday
2990,2026-01-08 12:32:41.368832424,0.9365521405558402,12,Thursday
2970,2026-01-08 12:33:49.453565203,6.424654587500687,12,Thursday
3015,2026-01-08 12:38:14.648932353,12.631147132512623,12,Thursday
2993,2026-01-08 12:39:32.046503669,4.500812664333628,12,Thursday
2996,2026-01-08 12:40:19.414209582,17.552308606412733,12,Thursday
2992,2026-01-08 12:42:08.635395890,1.9196238022691656,12,Thursday
2965,2026-01-08 12:42:33.466057706,0.2581664079077831,12,Thursday
2978,2026-01-08 12:43:21.660868108,3.356448295112079,12,Thursday
2972,2026-01-08 12:44:31.183408054,9.041850346675423,12,Thursday
3008,2026-01-08 12:45:22.716349129,0.8471344764783593,12,Thursday
2963,2026-01-08 12:45:34.272535380,4.334782647202849,12,Thursday
2968,2026-01-08 12:46:33.114234730,0.1650482219839466,12,Thursday
3021,2026-01-08 12:46:59.376104500,2.573000471326034,12,Thursday
3002,2026-01-08 12:47:12.202853040,0.7869466989282824,12,Thursday
3016,2026-01-08 12:48:06.573239551,5.252755823686311,12,Thursday
3001,2026-01-08 12:48:08.185309730,0.7287522306612642,12,Thursday
2974,2026-01-08 12:51:09.153521551,1.7917788286239884,12,Thursday
2976,2026-01-08 12:52:27.832914149,2.3285212129259336,12,Thursday
3020,2026-01-08 12:52:33.358879870,2.056504192586014,12,Thursday
2980,2026-01-08 12:54:21.282016444,21.55113176255523,12,Thursday
2989,2026-01-08 12:55:23.829675650,4.123055076990261,12,Thursday
3014,2026-01-08 12:55:59.494501376,2.5752255287813046,12,Thursday
2986,2026-01-08 12:56:37.558975963,9.052868889069899,12,Thursday
2987,2026-01-08 12:58:35.362780132,3.5865706211819246,12,Thursday
2994,2026-01-08 12:59:20.851148791,1.179357140518704,12,Thursday
3000,2026-01-08 12:59:58.058451814,1.7635150258873602,12,Thursday
3064,2026-01-08 13:01:05.091931940,1.074260314606855,13,Thursday
3083,2026-01-08 13:03:56.253917440,2.7039210627423382,13,Thursday
3060,2026-01-08 13:05:10.088777576,3.5617404515091,13,Thursday
3052,2026-01-08 13:05:41.457095711,1.5697157886712882,13,Thursday
3078,2026-01-08 13:05:50.556224788,1.6863217861131674,13,Thursday
3035,2026-01-08 13:06:20.898089483,2.1553495889210468,13,Thursday
3071,2026-01-08 13:07:13.734560778,3.861976547952298,13,Thursday
3037,2026-01-08 13:07:16.938928375,6.446889345336491,13,Thursday
3030,2026-01-08 13:09:05.077598169,2.466849985075385,13,Thursday
3027,2026-01-08 13:09:12.286376600,16.994615382776296,13,Thursday
3073,2026-01-08 13:09:23.806133613,1.3927827212950536,13,Thursday
3057,2026-01-08 13:10:00.434406661,5.2166455976300945,13,Thursday
3062,2026-01-08 13:10:26.318638278,2.2269361852603593,13,Thursday
3044,2026-01-08 13:10:28.194551032,2.9270934617233935,13,Thursday
3033,2026-01-08 13:11:25.374430669,10.128486341931131,13,Thursday
3090,2026-01-08 13:11:41.793968292,3.6511904315184562,13,Thursday
3070,2026-01-08 13:12:55.666466192,6.314748713046646,13,Thursday
3087,2026-01-08 13:15:20.398403994,4.534903218186328,13,Thursday
3079,2026-01-08 13:18:11.036740230,1.4215254459727675,13,Thursday
3063,2026-01-08 13:20:14.917364566,0.4249247817263856,13,Thursday
3081,2026-01-08 13:21:00.024726503,5.263012003987745,13,Thursday
3024,2026-01-08 13:21:02.555236771,4.206063985039436,13,Thursday
3088,2026-01-08 13:21:52.439139071,6.184840812922564,13,Thursday
3028,2026-01-08 13:21:59.584274565,3.0093629376171926,13,Thursday
3034,2026-01-08 13:22:00.198870937,10.653702882814676,13,Thursday
3029,2026-01-08 13:22:24.071379714,0.770336297096847,13,Thursday
3045,2026-01-08 13:22:43.332080092,2.359550978101458,13,Thursday
3040,2026-01-08 13:23:24.858778502,2.92285284478043,13,Thursday
3065,2026-01-08 13:24:01.187526278,15.053692855948013,13,Thursday
3023,2026-01-08 13:24:03.493176078,1.16288639276708,13,Thursday
3061,2026-01-08 13:27:49.715368827,3.945534333813251,13,Thursday
3076,2026-01-08 13:30:03.155781202,1.053202355896254,13,Thursday
3053,2026-01-08 13:32:38.853607067,1.6253471168622178,13,Thursday
3084,2026-01-08 13:32:57.882595419,0.3794675472956476,13,Thursday
3066,2026-01-08 13:32:59.556916162,2.627155179365433,13,Thursday
3043,2026-01-08 13:33:14.757409424,2.409274543765256,13,Thursday
3092,2026-01-08 13:33:45.559522449,4.210907331810655,13,Thursday
3041,2026-01-08 13:34:42.830156205,3.320532293976353,13,Thursday
3085,2026-01-08 13:35:27.118562622,1.5987292240250066,13,Thursday
3056,2026-01-08 13:36:24.178327092,4.304122561463407,13,Thursday
3067,2026-01-08 13:37:10.497334177,3.143197885415952,13,Thursday
3036,2026-01-08 13:37:41.543749534,0.4346441277161916,13,Thursday
3080,2026-01-08 13:38:17.607894146,5.181535674730899,13,Thursday
3047,2026-01-08 13:38:39.166857562,3.7321762833953316,13,Thursday
3048,2026-01-08 13:39:02.607783601,8.272161865201735,13,Thursday
3086,2026-01-08 13:39:09.821245598,19.561481012919685,13,Thursday
3068,2026-01-08 13:39:48.565242463,0.27074890317307065,13,Thursday
3032,2026-01-08 13:42:26.021982007,1.9262602468690337,13,Thursday
3094,2026-01-08 13:42:48.986518548,17.276018686488484,13,Thursday
3059,2026-01-08 13:43:12.400800653,4.813021250320642,13,Thursday
3054,2026-01-08 13:44:25.834276385,13.546239116586559,13,Thursday
3055,2026-01-08 13:45:24.936642457,6.428347525049536,13,Thursday
3093,2026-01-08 13:45:43.875040298,12.677054938643575,13,Thursday
3025,2026-01-08 13:46:22.224300335,10.114291127409912,13,Thursday
3039,2026-01-08 13:46:50.455468876,7.637529896761742,13,Thursday
3058,2026-01-08 13:47:50.713994189,0.1486862227897426,13,Thursday
3031,2026-01-08 13:47:54.432618184,15.151867706575032,13,Thursday
3026,2026-01-08 13:48:11.413841877,2.8291926172999364,13,Thursday
3091,2026-01-08 13:49:36.724249824,0.19125493661235043,13,Thursday
3069,2026-01-08 13:50:10.648727168,0.1914501255176631,13,Thursday
3075,2026-01-08 13:50:33.137625835,0.9210361424301903,13,Thursday
3046,2026-01-08 13:50:35.321514107,2.2891147020281415,13,Thursday
3089,2026-01-08 13:50:37.249906793,0.036925159847128006,13,Thursday
3072,2026-01-08 13:51:05.533818832,3.553562601263522,13,Thursday
3049,2026-01-08 13:52:00.557348478,2.245269570513162,13,Thursday
3050,2026-01-08 13:53:38.303006865,3.71436347581243,13,Thursday
3042,2026-01-08 13:54:40.830538379,7.523349513208136,13,Thursday
3051,2026-01-08 13:55:11.253258405,5.5543453671670475,13,Thursday
3082,2026-01-08 13:55:42.141187130,8.701067523119544,13,Thursday
3074,2026-01-08 13:58:29.136292810,6.827573441341478,13,Thursday
3077,2026-01-08 13:58:53.117129719,3.087529228416583,13,Thursday
3038,2026-01-08 13:59:09.363007049,1.866289122323049,13,Thursday
3119,2026-01-08 14:01:40.227784545,0.16513000311971313,14,Thursday
3112,2026-01-08 14:02:21.903306433,4.02267232653576,14,Thursday
3147,2026-01-08 14:02:52.012912853,8.683413582074433,14,Thursday
3141,2026-01-08 14:03:35.144187042,0.2847559133018205,14,Thursday
3097,2026-01-08 14:03:53.637406338,3.1300370836597096,14,Thursday
3127,2026-01-08 14:05:17.312076206,28.800628198560474,14,Thursday
3104,2026-01-08 14:09:51.373618041,1.561835961607561,14,Thursday
3151,2026-01-08 14:11:56.964831349,12.928628108244574,14,Thursday
3139,2026-01-08 14:12:12.639989994,1.5601961536535676,14,Thursday
3111,2026-01-08 14:12:33.654237782,4.129334557098908,14,Thursday
3099,2026-01-08 14:14:24.882066471,1.5209161662963502,14,Thursday
3120,2026-01-08 14:14:47.963208641,4.522760019448477,14,Thursday
3132,2026-01-08 14:16:40.408053555,4.77813315373333,14,Thursday
3125,2026-01-08 14:16:47.160951193,4.011328942895021,14,Thursday
3144,2026-01-08 14:18:52.515480290,13.59300263772962,14,Thursday
3143,2026-01-08 14:19:44.665606058,0.36581167087393585,14,Thursday
3134,2026-01-08 14:19:46.309489586,0.20975047040365158,14,Thursday
3108,2026-01-08 14:20:18.124317330,10.669925791670325,14,Thursday
3148,2026-01-08 14:21:08.031510254,5.213804079762832,14,Thursday
3103,2026-01-08 14:21:24.373765257,7.280342641932586,14,Thursday
3153,2026-01-08 14:23:07.989005370,0.6225151446166626,14,Thursday
3150,2026-01-08 14:23:45.796118767,6.2580822176653665,14,Thursday
3128,2026-01-08 14:24:49.195884899,2.81360579283768,14,Thursday
3152,2026-01-08 14:25:29.259052793,3.6400586548225986,14,Thursday
3135,2026-01-08 14:26:26.171210613,2.133100075050619,14,Thursday
3101,2026-01-08 14:27:19.676059222,0.8533640827761579,14,Thursday
3121,2026-01-08 14:27:34.613106238,3.8738885104274425,14,Thursday
3098,2026-01-08 14:27:56.612079602,0.3000125530714296,14,Thursday
3100,2026-01-08 14:28:11.295557215,2.8641300011035224,14,Thursday
3133,2026-01-08 14:29:53.481477026,2.601976538894778,14,Thursday
3105,2026-01-08 14:30:13.389964523,4.467811619721634,14,Thursday
3145,2026-01-08 14:30:43.518876115,7.2696824525788815,14,Thursday
3118,2026-01-08 14:31:48.188421164,6.4157872493987265,14,Thursday
3123,2026-01-08 14:33:26.106599946,3.3103082979245464,14,Thursday
3126,2026-01-08 14:33:53.829387548,9.197280531987877,14,Thursday
3102,2026-01-08 14:34:55.721290133,14.740916904268408,14,Thursday
3117,2026-01-08 14:36:01.925165543,0.10630665598636334,14,Thursday
3122,2026-01-08 14:37:42.614040300,17.339040734524747,14,Thursday
3107,2026-01-08 14:39:50.444021043,14.174783270770954,14,Thursday
3096,2026-01-08 14:40:24.995395188,22.271080214613583,14,Thursday
3137,2026-01-08 14:41:03.152670678,5.793263172009636,14,Thursday
3130,2026-01-08 14:41:36.243072344,11.85717363898496,14,Thursday
3113,2026-01-08 14:44:28.711350062,0.6093805198699483,14,Thursday
3124,2026-01-08 14:44:33.489562854,0.3285703865134671,14,Thursday
3129,2026-01-08 14:45:00.578998636,1.9305095227277267,14,Thursday
3155,2026-01-08 14:45:42.963752675,0.6783703071497276,14,Thursday
3114,2026-01-08 14:49:39.396940856,0.674162095912738,14,Thursday
3106,2026-01-08 14:49:48.730383644,6.390773382633057,14,Thursday
3149,2026-01-08 14:51:23.659159260,17.35988020804256,14,Thursday
3136,2026-01-08 14:51:25.020467529,1.5409787154150285,14,Thursday
3140,2026-01-08 14:52:24.100024229,8.342382971308798,14,Thursday
3138,2026-01-08 14:52:56.788288851,14.859150861010038,14,Thursday
3142,2026-01-08 14:53:18.957409573,3.8622617435111763,14,Thursday
3116,2026-01-08 14:53:23.411018717,1.565762161068664,14,Thursday
3110,2026-01-08 14:54:43.947256497,7.450560776767798,14,Thursday
3154,2026-01-08 14:54:55.498325280,3.7557644636990437,14,Thursday
3109,2026-01-08 14:56:07.882881931,3.6200140458107057,14,Thursday
3146,2026-01-08 14:56:26.484675803,5.363990470887109,14,Thursday
3095,2026-01-08 14:56:42.061539294,3.517154948068405,14,Thursday
3115,2026-01-08 14:58:04.312437424,3.7701538391388016,14,Thursday
3131,2026-01-08 14:59:26.313853819,1.06127850502785,14,Thursday
3177,2026-01-08 15:00:35.889245044,3.493648085488875,15,Thursday
3157,2026-01-08 15:00:36.169131797,9.016450262927483,15,Thursday
3171,2026-01-08 15:01:33.020299992,8.172928261113908,15,Thursday
3184,2026-01-08 15:03:08.398286282,7.156583803128508,15,Thursday
3198,2026-01-08 15:03:59.975387363,2.4425699842621964,15,Thursday
3175,2026-01-08 15:04:48.228249104,0.45025875581324126,15,Thursday
3178,2026-01-08 15:05:05.158155934,0.7799747214277022,15,Thursday
3169,2026-01-08 15:07:50.283773606,4.669386315128416,15,Thursday
3193,2026-01-08 15:09:20.493351921,4.3011605134773765,15,Thursday
3197,2026-01-08 15:11:12.866267220,4.106220922831712,15,Thursday
3158,2026-01-08 15:11:41.425769959,2.2735407512681305,15,Thursday
3174,2026-01-08 15:12:04.230836239,3.4142612939454993,15,Thursday
3195,2026-01-08 15:12:42.473339573,2.2017887633851245,15,Thursday
3167,2026-01-08 15:13:03.719275886,10.958448458592436,15,Thursday
3172,2026-01-08 15:13:18.406170960,17.106201226144655,15,Thursday
3194,2026-01-08 15:13:32.392498987,0.8411548529804211,15,Thursday
3189,2026-01-08 15:13:58.446619138,15.52496419800347,15,Thursday
3165,2026-01-08 15:17:56.134140353,1.4408024648555153,15,Thursday
3170,2026-01-08 15:22:18.612424439,1.044353553147773,15,Thursday
3161,2026-01-08 15:23:00.992545278,11.595159490631033,15,Thursday
3166,2026-01-08 15:24:38.939024042,5.532951387243616,15,Thursday
3162,2026-01-08 15:25:27.739293793,13.03150758429547,15,Thursday
3176,2026-01-08 15:28:28.031447440,4.095101650792105,15,Thursday
3159,2026-01-08 15:29:28.789554883,9.213647019230539,15,Thursday
3188,2026-01-08 15:30:30.524527108,7.031108792612709,15,Thursday
3164,2026-01-08 15:36:13.653926230,0.3920361822242118,15,Thursday
3156,2026-01-08 15:37:21.271432198,0.1256517505737079,15,Thursday
3183,2026-01-08 15:40:59.432027663,0.04265935867707807,15,Thursday
3163,2026-01-08 15:42:52.905920423,0.04569911248703786,15,Thursday
3191,2026-01-08 15:43:37.786115064,1.9542960798780618,15,Thursday
3180,2026-01-08 15:46:17.304041494,2.0331137802694856,15,Thursday
3173,2026-01-08 15:46:49.696098168,1.56396657152553,15,Thursday
3185,2026-01-08 15:46:58.255024751,6.241614309450587,15,Thursday
3196,2026-01-08 15:47:33.143163436,5.970327123366266,15,Thursday
3187,2026-01-08 15:47:56.695724779,0.2719426910483822,15,Thursday
3179,2026-01-08 15:48:27.453130426,2.917574925717928,15,Thursday
3190,2026-01-08 15:50:43.187912479,1.3731816702412805,15,Thursday
3186,2026-01-08 15:50:43.838919026,2.28079069928789,15,Thursday
3182,2026-01-08 15:51:16.255569278,4.405273574731803,15,Thursday
3181,2026-01-08 15:54:54.499753457,3.6889539585805995,15,Thursday
3160,2026-01-08 15:57:01.812821720,4.044142657643495,15,Thursday
3168,2026-01-08 15:57:57.677252868,3.0803932379874883,15,Thursday
3192,2026-01-08 15:58:50.740227799,1.0155582409906039,15,Thursday
3199,2026-01-08 15:59:54.818903708,2.7257880800598078,15,Thursday
3215,2026-01-08 16:02:56.934205242,3.4827565000926217,16,Thursday
3202,2026-01-08 16:04:40.364360728,0.6207230914884594,16,Thursday
3200,2026-01-08 16:04:42.635526432,8.228098766509945,16,Thursday
3211,2026-01-08 16:05:11.831139076,0.5370757089104837,16,Thursday
3224,2026-01-08 16:07:03.006624764,5.90255804397267,16,Thursday
3216,2026-01-08 16:11:27.823701646,6.463440314127133,16,Thursday
3225,2026-01-08 16:15:07.193597918,4.058198999294619,16,Thursday
3205,2026-01-08 16:16:14.460975486,13.7891089065929,16,Thursday
3223,2026-01-08 16:16:20.335429851,8.246912184870448,16,Thursday
3219,2026-01-08 16:18:05.984069872,3.3186497974570357,16,Thursday
3230,2026-01-08 16:21:57.701756687,3.7187541607196106,16,Thursday
3206,2026-01-08 16:22:13.769173414,1.8433914961179783,16,Thursday
3220,2026-01-08 16:23:02.468666273,3.891641864669493,16,Thursday
3213,2026-01-08 16:24:37.093398741,1.1136540452741226,16,Thursday
3218,2026-01-08 16:27:14.251798972,2.607464969237068,16,Thursday
3214,2026-01-08 16:28:14.523598167,2.3202741564568234,16,Thursday
3228,2026-01-08 16:32:00.528751481,0.7448067567136397,16,Thursday
3207,2026-01-08 16:34:08.117061040,10.183487860880781,16,Thursday
3227,2026-01-08 16:34:53.719816259,2.6552924991185596,16,Thursday
3229,2026-01-08 16:35:47.016958892,5.4795582972415735,16,Thursday
3212,2026-01-08 16:40:08.954959925,6.518853983771997,16,Thursday
3203,2026-01-08 16:42:24.492946357,0.6909403755384238,16,Thursday
3210,2026-01-08 16:44:22.427693200,0.185087601075609,16,Thursday
3222,2026-01-08 16:44:56.396462657,0.9417677338678563,16,Thursday
3217,2026-01-08 16:47:25.848987121,0.6008550538363867,16,Thursday
3221,2026-01-08 16:51:15.838247972,8.528660519464122,16,Thursday
3201,2026-01-08 16:52:52.529043946,3.704195357913526,16,Thursday
3208,2026-01-08 16:52:54.152290698,7.221642919395396,16,Thursday
3204,2026-01-08 16:55:12.137390792,3.848620259721895,16,Thursday
3226,2026-01-08 16:55:14.723223797,6.0120013803604415,16,Thursday
3209,2026-01-08 16:56:30.860114137,1.423847875510038,16,Thursday
3233,2026-01-09 08:05:07.448943447,4.246477107245864,8,Friday
3245,2026-01-09 08:05:19.583761042,1.4141244201820313,8,Friday
3248,2026-01-09 08:10:41.993444741,9.785941442802397,8,Friday
3249,2026-01-09 08:14:21.731410831,5.0226500131837994,8,Friday
3251,2026-01-09 08:15:04.291216576,4.051729969479178,8,Friday
3239,2026-01-09 08:16:03.606373899,2.017340782602069,8,Friday
3252,2026-01-09 08:19:14.043309659,3.749430296588934,8,Friday
3247,2026-01-09 08:19:14.231663580,0.7061449172058737,8,Friday
3240,2026-01-09 08:24:38.155310057,6.821532729895246,8,Friday
3250,2026-01-09 08:25:04.686628849,1.4597971256119666,8,Friday
3234,2026-01-09 08:26:59.294366535,2.915670895410271,8,Friday
3237,2026-01-09 08:29:40.549389949,11.198519631611566,8,Friday
3232,2026-01-09 08:35:14.531526872,1.756140208967916,8,Friday
3243,2026-01-09 08:41:08.565967768,2.120389051557105,8,Friday
3235,2026-01-09 08:45:22.881797077,2.1287377759519637,8,Friday
3236,2026-01-09 08:47:38.884422236,6.861013164893697,8,Friday
3244,2026-01-09 08:51:32.329969639,8.243554729925831,8,Friday
3246,2026-01-09 08:51:53.981914347,0.3267124019240458,8,Friday
3238,2026-01-09 08:53:41.091254992,7.069134080741264,8,Friday
3242,2026-01-09 08:53:46.524179297,0.6981381884971,8,Friday
3241,2026-01-09 08:53:54.948878048,0.8242563686965275,8,Friday
3231,2026-01-09 08:54:24.719678423,0.7250045038303666,8,Friday
3256,2026-01-09 09:00:58.048726939,2.681633284170006,9,Friday
3260,2026-01-09 09:04:21.850542397,1.7208843914408747,9,Friday
3281,2026-01-09 09:05:54.768665086,0.9381941434491006,9,Friday
3262,2026-01-09 09:13:04.010886363,0.39265763305536183,9,Friday
3282,2026-01-09 09:13:55.482880318,0.6009240034054828,9,Friday
3270,2026-01-09 09:17:40.924931587,8.232108529276958,9,Friday
3274,2026-01-09 09:18:09.963387422,2.11252174269768,9,Friday
3254,2026-01-09 09:18:33.726823488,8.679102080046132,9,Friday
3258,2026-01-09 09:21:06.155344651,2.879323371178421,9,Friday
3268,2026-01-09 09:21:19.907269747,0.46991036522500523,9,Friday
3257,2026-01-09 09:22:21.565667618,0.46792780168413545,9,Friday
3273,2026-01-09 09:22:44.241275325,13.54939225039567,9,Friday
3275,2026-01-09 09:27:33.645636622,0.8776300844567413,9,Friday
3259,2026-01-09 09:32:36.543942898,1.3115961637530196,9,Friday
3278,2026-01-09 09:32:42.300286295,0.019188224242571057,9,Friday
3265,2026-01-09 09:33:42.757042469,4.53249329420799,9,Friday
3271,2026-01-09 09:34:16.366503905,3.0775314302571384,9,Friday
3279,2026-01-09 09:39:41.278339165,1.3598628650472948,9,Friday
3267,2026-01-09 09:39:42.697123974,2.057610159140955,9,Friday
3263,2026-01-09 09:40:37.336133575,8.789144896795797,9,Friday
3255,2026-01-09 09:41:38.873954314,9.725568323236475,9,Friday
3266,2026-01-09 09:44:27.179544199,0.4696429449991383,9,Friday
3272,2026-01-09 09:44:43.431860909,1.2654535496152683,9,Friday
3261,2026-01-09 09:47:24.472945413,7.397919170066617,9,Friday
3264,2026-01-09 09:48:11.563643678,2.7901896679742384,9,Friday
3269,2026-01-09 09:48:31.890740520,16.291166711438038,9,Friday
3276,2026-01-09 09:49:04.668579656,4.140991648049674,9,Friday
3253,2026-01-09 09:51:51.850753899,6.170442248531405,9,Friday
3280,2026-01-09 09:54:11.785040060,13.939335454718183,9,Friday
3277,2026-01-09 09:55:47.718347324,14.391890679956557,9,Friday
3293,2026-01-09 10:00:05.142035085,8.74028904572959,10,Friday
3318,2026-01-09 10:03:17.081936134,0.7013769175005466,10,Friday
3286,2026-01-09 10:04:26.669665957,1.898517694197366,10,Friday
3292,2026-01-09 10:05:11.247025632,3.998601050856734,10,Friday
3309,2026-01-09 10:06:46.225960260,6.725275622860965,10,Friday
3300,2026-01-09 10:09:35.098056842,1.87597426110966,10,Friday
3301,2026-01-09 10:09:50.628917755,0.5159506860086345,10,Friday
3312,2026-01-09 10:09:53.031225891,1.902414765694937,10,Friday
3306,2026-01-09 10:13:56.242754747,3.1213739138816177,10,Friday
3299,2026-01-09 10:16:49.638233136,16.299979195840795,10,Friday
3302,2026-01-09 10:17:06.671745636,3.7413671202917165,10,Friday
3298,2026-01-09 10:17:12.647924329,1.6814185856311028,10,Friday
3314,2026-01-09 10:17:14.127701557,0.2673857875729551,10,Friday
3289,2026-01-09 10:17:14.649121843,13.96145181457003,10,Friday
3291,2026-01-09 10:18:15.507330555,9.504977334592757,10,Friday
3308,2026-01-09 10:19:41.718321398,8.039492040466106,10,Friday
3288,2026-01-09 10:24:28.419252408,10.387100869663207,10,Friday
3313,2026-01-09 10:25:47.392527046,7.43599271154491,10,Friday
3294,2026-01-09 10:26:58.500070512,1.8084654916895055,10,Friday
3316,2026-01-09 10:27:12.298430247,7.937022012497476,10,Friday
3283,2026-01-09 10:28:37.595343698,2.192643154473778,10,Friday
3290,2026-01-09 10:33:28.365060880,8.176173452442143,10,Friday
3296,2026-01-09 10:34:20.334668268,1.9056653427178594,10,Friday
3311,2026-01-09 10:38:09.980284717,2.030107871350946,10,Friday
3285,2026-01-09 10:40:45.018118336,3.4971700541264674,10,Friday
3315,2026-01-09 10:44:12.460447356,0.06452278144436407,10,Friday
3303,2026-01-09 10:47:34.224162984,0.2939703457438875,10,Friday
3295,2026-01-09 10:50:12.708320015,2.5414671798830817,10,Friday
3310,2026-01-09 10:52:12.089731872,2.7784027780636835,10,Friday
3307,2026-01-09 10:52:52.671164210,2.839193173025821,10,Friday
3304,2026-01-09 10:54:20.724446291,0.585721508937265,10,Friday
3305,2026-01-09 10:58:30.313810947,1.2383941559485625,10,Friday
3317,2026-01-09 10:59:21.407802382,3.2422686584919305,10,Friday
3287,2026-01-09 10:59:34.195674055,6.532616896680629,10,Friday
3284,2026-01-09 10:59:40.431324064,3.287936638526566,10,Friday
3297,2026-01-09 10:59:57.146276196,3.1498041357705997,10,Friday
3353,2026-01-09 11:01:09.844484225,19.050422729556725,11,Friday
3348,2026-01-09 11:04:18.247237490,1.313187027267884,11,Friday
3359,2026-01-09 11:04:18.864182339,12.086290118397025,11,Friday
3362,2026-01-09 11:04:39.764706210,13.621720739813142,11,Friday
3370,2026-01-09 11:04:58.492493020,5.9878094312881895,11,Friday
3342,2026-01-09 11:05:07.470538109,1.304981846255432,11,Friday
3330,2026-01-09 11:05:20.435045625,0.8090628860210618,11,Friday
3341,2026-01-09 11:07:16.159660539,2.738954508412922,11,Friday
3334,2026-01-09 11:09:23.505168296,13.296684327353832,11,Friday
3337,2026-01-09 11:09:33.821585177,11.328192951516181,11,Friday
3340,2026-01-09 11:10:01.020644524,1.9287503951810918,11,Friday
3366,2026-01-09 11:10:46.744384639,4.779741803817415,11,Friday
3375,2026-01-09 11:11:34.222592192,0.6891570501287272,11,Friday
3344,2026-01-09 11:11:37.045715263,0.19258423892073118,11,Friday
3325,2026-01-09 11:11:50.073598201,3.1319958772761067,11,Friday
3326,2026-01-09 11:12:48.734920382,14.340729435735742,11,Friday
3323,2026-01-09 11:12:54.968564829,1.1526495090944535,11,Friday
3349,2026-01-09 11:13:36.331022641,8.095268805275634,11,Friday
3356,2026-01-09 11:16:30.684762384,1.725617999138687,11,Friday
3364,2026-01-09 11:18:12.111415971,1.1803599346176699,11,Friday
3354,2026-01-09 11:19:37.224366585,1.1192481250533612,11,Friday
3372,2026-01-09 11:20:24.802780024,1.9324554756851975,11,Friday
3335,2026-01-09 11:21:59.895720347,2.4190313730556987,11,Friday
3365,2026-01-09 11:23:34.220675333,4.172270537717332,11,Friday
3328,2026-01-09 11:24:18.003954915,1.1588525047167866,11,Friday
3345,2026-01-09 11:24:58.625742759,5.155278391529383,11,Friday
3374,2026-01-09 11:26:04.841333939,2.785329115474062,11,Friday
3346,2026-01-09 11:26:55.864916347,1.5225157203151085,11,Friday
3319,2026-01-09 11:28:56.010829214,1.0604346500803508,11,Friday
3369,2026-01-09 11:30:11.061360977,5.237038989957396,11,Friday
3331,2026-01-09 11:30:41.492306914,3.56659718980225,11,Friday
3320,2026-01-09 11:31:13.165054288,7.321586132536629,11,Friday
3363,2026-01-09 11:31:56.496845500,0.24839001140343264,11,Friday
3367,2026-01-09 11:34:41.059567244,0.20180585026108794,11,Friday
3347,2026-01-09 11:35:56.439759168,0.26883532888359096,11,Friday
3336,2026-01-09 11:37:08.837040168,3.383790521074734,11,Friday
3371,2026-01-09 11:37:12.004800518,5.082488064474814,11,Friday
3355,2026-01-09 11:37:40.651447234,1.2126467556732954,11,Friday
3358,2026-01-09 11:38:02.002062596,2.3850654769086614,11,Friday
3327,2026-01-09 11:40:33.934922992,13.421528585840283,11,Friday
3352,2026-01-09 11:46:52.646330660,2.6898765722505313,11,Friday
3324,2026-01-09 11:48:39.976438699,1.9407275748193697,11,Friday
3373,2026-01-09 11:51:21.330682528,0.4909322412956544,11,Friday
3333,2026-01-09 11:54:14.809177726,11.551078785540035,11,Friday
3351,2026-01-09 11:54:30.276386166,3.299202732598623,11,Friday
3360,2026-01-09 11:54:32.420119808,4.7770791761624585,11,Friday
3343,2026-01-09 11:54:33.997190531,1.113041072512288,11,Friday
3357,2026-01-09 11:54:34.512102193,0.9482858936821208,11,Friday
3339,2026-01-09 11:54:53.097583419,0.01831505994527427,11,Friday
3332,2026-01-09 11:55:06.677509595,3.0863275966374353,11,Friday
3350,2026-01-09 11:55:53.365392908,9.535487362639362,11,Friday
3329,2026-01-09 11:55:53.559865583,2.217541096230726,11,Friday
3361,2026-01-09 11:57:27.959969434,2.6546871574718143,11,Friday
3368,2026-01-09 11:57:28.725671696,2.5795154440723813,11,Friday
3322,2026-01-09 11:57:56.773597983,7.288595095576512,11,Friday
3338,2026-01-09 11:58:04.879819364,8.21776142717993,11,Friday
3321,2026-01-09 11:58:30.880327022,1.543422764910269,11,Friday
3447,2026-01-09 12:00:00.867616866,0.47669587564515237,12,Friday
3393,2026-01-09 12:00:25.547516981,1.5391998328157275,12,Friday
3389,2026-01-09 12:01:12.438198671,4.406769355330026,12,Friday
3429,2026-01-09 12:01:51.845268880,4.879837778283535,12,Friday
3440,2026-01-09 12:02:19.678037023,3.310030661636592,12,Friday
3419,2026-01-09 12:02:19.726612122,5.651966766440407,12,Friday
3383,2026-01-09 12:02:49.071920667,0.20446981027983607,12,Friday
3412,2026-01-09 12:03:38.459048222,0.6377283627944628,12,Friday
3457,2026-01-09 12:04:42.730474054,0.04603906136992443,12,Friday
3433,2026-01-09 12:05:00.164593567,4.266288299186439,12,Friday
3405,2026-01-09 12:07:35.271283452,1.148242959594831,12,Friday
3386,2026-01-09 12:08:11.410843500,0.8257189979727688,12,Friday
3428,2026-01-09 12:09:26.537700059,2.8320190815661945,12,Friday
3441,2026-01-09 12:11:12.381101632,5.222071398727679,12,Friday
3453,2026-01-09 12:11:29.476759380,9.02640350507553,12,Friday
3420,2026-01-09 12:11:38.863573605,7.537021926738403,12,Friday
3410,2026-01-09 12:11:56.147207262,3.306274898357599,12,Friday
3449,2026-01-09 12:12:29.634510989,5.84430454680607,12,Friday
3387,2026-01-09 12:13:43.214704984,5.4936943143382795,12,Friday
3432,2026-01-09 12:14:23.816053405,1.0082872622804326,12,Friday
3431,2026-01-09 12:14:26.565308388,3.502790480793469,12,Friday
3448,2026-01-09 12:14:28.479609736,12.834299460896148,12,Friday
3456,2026-01-09 12:14:28.858933814,11.024978031892852,12,Friday
3450,2026-01-09 12:15:01.738608299,0.6796863579916186,12,Friday
3452,2026-01-09 12:16:46.825883567,4.488363072075941,12,Friday
3404,2026-01-09 12:17:53.341282595,0.10275405317682842,12,Friday
3425,2026-01-09 12:18:11.549497534,0.8411624667806249,12,Friday
3379,2026-01-09 12:18:36.122486444,16.043655733968034,12,Friday
3376,2026-01-09 12:19:02.133027684,6.884727482585706,12,Friday
3438,2026-01-09 12:20:44.232608042,7.24311724577362,12,Friday
3444,2026-01-09 12:21:02.313689245,4.819338243201274,12,Friday
3458,2026-01-09 12:21:23.057049058,1.1244698043996373,12,Friday
3395,2026-01-09 12:21:35.369642291,3.8576211075363958,12,Friday
3407,2026-01-09 12:21:43.853770058,10.52902893036848,12,Friday
3445,2026-01-09 12:22:36.518259987,1.8542106800551967,12,Friday
3401,2026-01-09 12:23:58.990383507,13.489120868695865,12,Friday
3413,2026-01-09 12:24:48.032855536,8.114040586824077,12,Friday
3426,2026-01-09 12:25:46.012429483,1.010109253519828,12,Friday
3415,2026-01-09 12:26:09.769106826,11.49358737800473,12,Friday
3392,2026-01-09 12:26:48.379771822,9.043061891795908,12,Friday
3427,2026-01-09 12:28:14.541410337,2.2710259553626413,12,Friday
3409,2026-01-09 12:28:14.939109717,13.287057467988452,12,Friday
3391,2026-01-09 12:28:25.583853051,2.950515116074949,12,Friday
3378,2026-01-09 12:29:52.614933296,8.485703175586345,12,Friday
3454,2026-01-09 12:30:15.348458854,0.22321375867669724,12,Friday
3400,2026-01-09 12:31:52.823831651,0.8161897812573554,12,Friday
3446,2026-01-09 12:32:00.795960792,0.4484983081338705,12,Friday
3421,2026-01-09 12:32:11.787033349,0.7021448812041351,12,Friday
3396,2026-01-09 12:32:26.756272681,5.447639199060925,12,Friday
3414,2026-01-09 12:32:47.813782789,1.418220596292309,12,Friday
3384,2026-01-09 12:33:58.762368599,20.777477359494153,12,Friday
3435,2026-01-09 12:34:47.053613783,4.067647092308345,12,Friday
3411,2026-01-09 12:36:06.071791033,3.3711276151945224,12,Friday
3439,2026-01-09 12:37:17.426320097,2.834926344838265,12,Friday
3403,2026-01-09 12:38:31.596846091,6.537811889147676,12,Friday
3408,2026-01-09 12:39:37.690996911,3.745997325528037,12,Friday
3436,2026-01-09 12:40:01.332685651,6.7026965718541165,12,Friday
3382,2026-01-09 12:40:22.829398639,3.399591230756449,12,Friday
3397,2026-01-09 12:40:38.282470808,7.661732790278647,12,Friday
3398,2026-01-09 12:42:09.466475176,2.5110416548875736,12,Friday
3416,2026-01-09 12:44:55.219830903,12.085729023171723,12,Friday
3390,2026-01-09 12:45:09.817696173,4.418729386935728,12,Friday
3385,2026-01-09 12:45:47.861683190,2.4183316826514885,12,Friday
3377,2026-01-09 12:45:58.694656028,4.000217093010911,12,Friday
3443,2026-01-09 12:46:00.366082818,5.3064990148316316,12,Friday
3418,2026-01-09 12:46:16.475066519,3.6722473801883915,12,Friday
3451,2026-01-09 12:48:21.261033120,2.205900587748601,12,Friday
3380,2026-01-09 12:48:43.083872606,7.867036332608857,12,Friday
3394,2026-01-09 12:49:09.833631479,2.976769445859275,12,Friday
3417,2026-01-09 12:49:40.529836363,14.350797120424906,12,Friday
3442,2026-01-09 12:49:52.484898323,0.09264495197656998,12,Friday
3423,2026-01-09 12:50:05.844390187,0.17449939386423968,12,Friday
3424,2026-01-09 12:50:33.124230066,3.4414557846414935,12,Friday
3406,2026-01-09 12:50:33.196205274,3.3382017593608566,12,Friday
3455,2026-01-09 12:51:56.322130941,1.3500826974746392,12,Friday
3381,2026-01-09 12:52:01.747743604,4.629219578405649,12,Friday
3388,2026-01-09 12:52:56.982378245,1.6723891575178849,12,Friday
3437,2026-01-09 12:54:41.676794146,2.044424075038079,12,Friday
3434,2026-01-09 12:55:42.627906997,5.072338503562277,12,Friday
3422,2026-01-09 12:56:05.359345597,4.593432935692051,12,Friday
3430,2026-01-09 12:56:48.850438057,0.38671903147481557,12,Friday
3402,2026-01-09 12:57:13.333055370,2.4149078493189875,12,Friday
3399,2026-01-09 12:57:21.528211773,5.192954925421331,12,Friday
3461,2026-01-09 13:01:41.488825609,14.716353736586758,13,Friday
3520,2026-01-09 13:03:07.077953272,6.371497337663681,13,Friday
3472,2026-01-09 13:03:56.987436107,3.0469429625011175,13,Friday
3460,2026-01-09 13:04:01.167939825,13.473990376782547,13,Friday
3481,2026-01-09 13:04:13.658439601,12.166576981739158,13,Friday
3529,2026-01-09 13:05:48.547431553,2.440727168001427,13,Friday
3506,2026-01-09 13:06:14.253753284,1.6739519767443705,13,Friday
3476,2026-01-09 13:07:20.933100661,0.7976400774015362,13,Friday
3494,2026-01-09 13:07:34.620501304,0.2358205753168367,13,Friday
3551,2026-01-09 13:07:51.887502136,9.240509767863399,13,Friday
3496,2026-01-09 13:07:57.266678944,2.066634864463626,13,Friday
3488,2026-01-09 13:09:43.860140668,9.806513329216212,13,Friday
3548,2026-01-09 13:10:35.082877540,3.935989315643405,13,Friday
3468,2026-01-09 13:11:28.598535734,1.4568835123388642,13,Friday
3533,2026-01-09 13:12:37.902558386,16.60953029886723,13,Friday
3502,2026-01-09 13:13:08.613023015,8.55812439205886,13,Friday
3539,2026-01-09 13:13:41.161360448,0.4966511431773256,13,Friday
3535,2026-01-09 13:14:01.049149134,0.11855936462175007,13,Friday
3524,2026-01-09 13:14:30.352226926,5.542608488310096,13,Friday
3462,2026-01-09 13:14:41.082286692,2.3023875945686147,13,Friday
3459,2026-01-09 13:15:42.016919895,7.265528816912251,13,Friday
3523,2026-01-09 13:15:44.697894106,1.056158252895623,13,Friday
3498,2026-01-09 13:15:53.338758401,4.748854457555839,13,Friday
3509,2026-01-09 13:16:13.254925784,9.930512970451453,13,Friday
3482,2026-01-09 13:16:41.317105616,14.600862742053213,13,Friday
3485,2026-01-09 13:16:57.602497948,1.7996633693196038,13,Friday
3513,2026-01-09 13:18:51.962780921,12.286872372617294,13,Friday
3483,2026-01-09 13:19:28.223937008,1.4033045399007469,13,Friday
3527,2026-01-09 13:22:42.051294057,0.4128314794306878,13,Friday
3542,2026-01-09 13:22:47.727447463,4.223485484507777,13,Friday
3467,2026-01-09 13:24:28.945661770,1.0141294705686756,13,Friday
3536,2026-01-09 13:24:34.419338145,2.8121378854481134,13,Friday
3479,2026-01-09 13:24:36.085632270,6.271110699531276,13,Friday
3516,2026-01-09 13:24:39.358457865,1.9331879770000195,13,Friday
3464,2026-01-09 13:24:57.289155471,3.653203048621286,13,Friday
3503,2026-01-09 13:26:34.943915886,11.800125015535235,13,Friday
3522,2026-01-09 13:27:29.711933154,1.4805364951589688,13,Friday
3486,2026-01-09 13:27:39.127446970,11.273032136016855,13,Friday
3512,2026-01-09 13:27:42.503333623,9.600091936018439,13,Friday
3530,2026-01-09 13:28:33.804127743,3.3165706205806593,13,Friday
3480,2026-01-09 13:28:55.181703838,13.879339695344692,13,Friday
3525,2026-01-09 13:28:58.850806238,0.0020081233286492477,13,Friday
3546,2026-01-09 13:29:11.058127930,1.164857447497231,13,Friday
3489,2026-01-09 13:29:11.192593710,0.5827686391672406,13,Friday
3534,2026-01-09 13:30:05.189305312,5.130244532645336,13,Friday
3543,2026-01-09 13:30:06.968090811,0.2753259933485091,13,Friday
3547,2026-01-09 13:30:17.758094721,3.506603260274637,13,Friday
3469,2026-01-09 13:31:01.624551084,2.6097406413468907,13,Friday
3511,2026-01-09 13:31:05.966122943,8.367580234466766,13,Friday
3477,2026-01-09 13:32:02.530007536,4.729314494967476,13,Friday
3550,2026-01-09 13:32:30.337151787,14.823606179302722,13,Friday
3545,2026-01-09 13:33:35.605914644,4.871577848752243,13,Friday
3474,2026-01-09 13:34:18.831080852,1.5544798468944299,13,Friday
3514,2026-01-09 13:34:51.486911873,1.5413636566016353,13,Friday
3541,2026-01-09 13:35:33.245457953,4.657197383686015,13,Friday
3544,2026-01-09 13:36:18.256512375,0.7570165104476356,13,Friday
3504,2026-01-09 13:37:04.127500521,0.6378032164282526,13,Friday
3492,2026-01-09 13:37:34.533388784,0.046769512109741465,13,Friday
3517,2026-01-09 13:37:45.189094829,4.018584128307799,13,Friday
3493,2026-01-09 13:40:08.592655141,2.9205109712742052,13,Friday
3487,2026-01-09 13:40:16.695924831,17.887312013985866,13,Friday
3473,2026-01-09 13:41:33.262080279,0.9362781064946929,13,Friday
3518,2026-01-09 13:41:57.526516159,0.25913808467938365,13,Friday
3519,2026-01-09 13:42:40.038541255,0.22436494557164627,13,Friday
3500,2026-01-09 13:43:11.854341730,5.4220911600889545,13,Friday
3465,2026-01-09 13:43:13.200128997,0.597349202650104,13,Friday
3515,2026-01-09 13:43:47.600823732,11.71459151358534,13,Friday
3490,2026-01-09 13:44:18.740542113,14.727857917283345,13,Friday
3528,2026-01-09 13:44:59.012688420,1.0628087757977691,13,Friday
3501,2026-01-09 13:45:13.729366722,2.8462377228696467,13,Friday
3505,2026-01-09 13:46:11.905025543,3.795718914804157,13,Friday
3532,2026-01-09 13:46:13.576090052,1.9335516553142256,13,Friday
3538,2026-01-09 13:46:16.409335045,1.7937868849955365,13,Friday
3497,2026-01-09 13:46:28.822573854,3.206901860632801,13,Friday
3537,2026-01-09 13:46:48.302485445,10.397555710268238,13,Friday
3471,2026-01-09 13:48:15.747890895,7.915511115532734,13,Friday
3549,2026-01-09 13:48:45.838455496,1.6669353351712122,13,Friday
3510,2026-01-09 13:49:21.936874916,0.889074561804636,13,Friday
3521,2026-01-09 13:51:35.092100466,2.9392531365384693,13,Friday
3491,2026-01-09 13:52:00.678766897,2.752668515354463,13,Friday
3478,2026-01-09 13:52:46.065696642,4.170643356748471,13,Friday
3463,2026-01-09 13:52:53.348950520,0.7281174616908805,13,Friday
3526,2026-01-09 13:53:12.593542088,8.19668146844936,13,Friday
3508,2026-01-09 13:53:24.794413996,5.521341696751428,13,Friday
3475,2026-01-09 13:54:26.867434847,3.5577105245876957,13,Friday
3470,2026-01-09 13:54:29.101273415,2.415764261473941,13,Friday
3466,2026-01-09 13:55:05.826127367,13.589549632631625,13,Friday
3540,2026-01-09 13:55:20.003945357,7.10204391704597,13,Friday
3499,2026-01-09 13:56:00.935317324,10.155203773885003,13,Friday
3484,2026-01-09 13:56:42.440815481,0.7053144543853471,13,Friday
3495,2026-01-09 13:56:44.795390086,3.9249739427277537,13,Friday
3507,2026-01-09 13:57:44.515139236,0.2410229671012376,13,Friday
3531,2026-01-09 13:59:30.070105413,2.192486949167747,13,Friday
3569,2026-01-09 14:01:52.368817219,0.6446281472055322,14,Friday
3576,2026-01-09 14:02:21.451002542,0.960566994209342,14,Friday
3564,2026-01-09 14:02:26.108563684,11.55851922700519,14,Friday
3611,2026-01-09 14:02:31.921686892,1.8174974110589153,14,Friday
3596,2026-01-09 14:02:59.211605482,5.865849163258492,14,Friday
3574,2026-01-09 14:03:59.059272457,0.46728142097098774,14,Friday
3584,2026-01-09 14:04:04.836835028,2.756573309354759,14,Friday
3552,2026-01-09 14:06:22.068069512,14.573040017219611,14,Friday
3560,2026-01-09 14:07:44.531072001,2.3356976263913167,14,Friday
3556,2026-01-09 14:09:30.672842498,3.02427662023461,14,Friday
3554,2026-01-09 14:09:38.568057087,10.411758456332773,14,Friday
3614,2026-01-09 14:10:06.385984074,6.260900658074956,14,Friday
3588,2026-01-09 14:11:20.899306776,3.845588014913356,14,Friday
3585,2026-01-09 14:11:37.640868084,5.247167024622109,14,Friday
3586,2026-01-09 14:12:52.433352334,0.12503696128278355,14,Friday
3590,2026-01-09 14:12:54.877753803,0.3179374557764026,14,Friday
3595,2026-01-09 14:14:02.607990062,0.3392574277843581,14,Friday
3580,2026-01-09 14:14:45.599065104,1.9683122763645629,14,Friday
3605,2026-01-09 14:16:03.987532574,2.759844736218151,14,Friday
3597,2026-01-09 14:16:06.600274310,4.247925841036066,14,Friday
3562,2026-01-09 14:16:28.938118105,4.327154079823671,14,Friday
3567,2026-01-09 14:17:51.254579186,0.5240046178525403,14,Friday
3572,2026-01-09 14:18:11.811693835,2.577394953237353,14,Friday
3610,2026-01-09 14:19:45.556598937,3.9198018093617755,14,Friday
3594,2026-01-09 14:21:08.311983153,1.437755216095028,14,Friday
3573,2026-01-09 14:21:45.299565340,4.443502706069714,14,Friday
3558,2026-01-09 14:21:50.835804629,9.472290154571345,14,Friday
3601,2026-01-09 14:23:46.598144970,5.537426536695848,14,Friday
3561,2026-01-09 14:25:49.139140952,3.3986627325045733,14,Friday
3578,2026-01-09 14:26:33.849339743,4.117990470082657,14,Friday
3606,2026-01-09 14:27:17.822796631,2.9591727283436375,14,Friday
3607,2026-01-09 14:28:14.825989245,1.466135623571668,14,Friday
3582,2026-01-09 14:28:56.482350897,18.621675778110504,14,Friday
3557,2026-01-09 14:29:14.884207670,3.889289604674973,14,Friday
3603,2026-01-09 14:29:21.561890910,0.9661961666467987,14,Friday
3553,2026-01-09 14:29:34.012845113,1.0976631354238164,14,Friday
3612,2026-01-09 14:29:46.662451802,1.003294101183558,14,Friday
3604,2026-01-09 14:30:45.274377327,4.545540693024558,14,Friday
3593,2026-01-09 14:31:06.574709792,5.792197211712292,14,Friday
3571,2026-01-09 14:31:35.741793323,3.7465869562634357,14,Friday
3581,2026-01-09 14:31:55.512566176,0.4976594246574393,14,Friday
3599,2026-01-09 14:32:01.020952713,2.2597298661834575,14,Friday
3613,2026-01-09 14:32:40.060795737,0.4491333439608453,14,Friday
3589,2026-01-09 14:34:24.570350007,1.6301549922868166,14,Friday
3559,2026-01-09 14:38:21.791117234,3.2709300019349916,14,Friday
3598,2026-01-09 14:39:15.248807803,2.5919333869398975,14,Friday
3577,2026-01-09 14:39:17.665643332,21.752673142104623,14,Friday
3602,2026-01-09 14:41:37.908032382,17.645385781562084,14,Friday
3583,2026-01-09 14:42:10.319198580,1.686175885613864,14,Friday
3608,2026-01-09 14:42:23.913078296,8.718701601398674,14,Friday
3587,2026-01-09 14:44:17.342717430,8.310479912661584,14,Friday
3615,2026-01-09 14:45:37.672582593,1.0922372370056546,14,Friday
3568,2026-01-09 14:47:21.446356837,4.633902010152076,14,Friday
3566,2026-01-09 14:49:58.778898790,5.015632221525202,14,Friday
3591,2026-01-09 14:51:41.849820302,0.8866606165694457,14,Friday
3563,2026-01-09 14:53:15.905488818,1.0479149005129431,14,Friday
3565,2026-01-09 14:54:49.418978423,5.60715762387781,14,Friday
3609,2026-01-09 14:56:26.303997070,3.320424101289092,14,Friday
3592,2026-01-09 14:56:31.867636162,11.270587230492733,14,Friday
3600,2026-01-09 14:56:38.548601811,1.2219270781244993,14,Friday
3579,2026-01-09 14:56:56.098385479,5.814743926123981,14,Friday
3570,2026-01-09 14:58:00.715981056,0.40983519737289864,14,Friday
3555,2026-01-09 14:58:41.755668706,6.0953245369101,14,Friday
3616,2026-01-09 14:59:05.744790389,5.857130445397887,14,Friday
3575,2026-01-09 14:59:21.658250551,2.819225393868956,14,Friday
3627,2026-01-09 15:01:22.969518263,2.539567963098382,15,Friday
3634,2026-01-09 15:04:30.514631439,0.7439246391498682,15,Friday
3619,2026-01-09 15:06:02.231918001,9.058388953333058,15,Friday
3642,2026-01-09 15:06:58.585249054,8.23772255916292,15,Friday
3632,2026-01-09 15:07:38.669058103,2.959631836093573,15,Friday
3635,2026-01-09 15:08:03.128734774,2.894321310163358,15,Friday
3625,2026-01-09 15:11:36.410020842,10.231859009726062,15,Friday
3626,2026-01-09 15:12:37.339493507,3.594888674690548,15,Friday
3629,2026-01-09 15:12:38.543994269,5.504307038212705,15,Friday
3651,2026-01-09 15:13:30.745560778,1.1966828041257074,15,Friday
3630,2026-01-09 15:13:39.121956971,0.06423802341811205,15,Friday
3640,2026-01-09 15:15:21.676223021,16.27479245428336,15,Friday
3652,2026-01-09 15:15:25.545921822,5.524458632420615,15,Friday
3645,2026-01-09 15:16:04.344898142,2.0537530196738247,15,Friday
3631,2026-01-09 15:16:46.565157522,10.261150041501146,15,Friday
3623,2026-01-09 15:17:10.407506063,8.516111147688294,15,Friday
3620,2026-01-09 15:18:34.674516010,5.260385050601846,15,Friday
3637,2026-01-09 15:20:22.778233733,2.5846099653799737,15,Friday
3654,2026-01-09 15:22:02.199724610,8.94562256549711,15,Friday
3618,2026-01-09 15:22:03.750629259,2.4187646959198132,15,Friday
3656,2026-01-09 15:22:05.863683560,0.6950631687899745,15,Friday
3650,2026-01-09 15:24:16.941147585,9.496201427597034,15,Friday
3644,2026-01-09 15:26:13.733178162,2.531606359255136,15,Friday
3624,2026-01-09 15:27:36.369455607,0.19559567061267458,15,Friday
3617,2026-01-09 15:28:09.038985933,2.3375903332502093,15,Friday
3653,2026-01-09 15:28:46.037921339,3.9140262742149923,15,Friday
3643,2026-01-09 15:32:11.077379088,0.5790518681615515,15,Friday
3639,2026-01-09 15:33:26.729080812,2.7313705528456413,15,Friday
3646,2026-01-09 15:36:14.417991862,4.213835228496669,15,Friday
3649,2026-01-09 15:36:27.945967476,0.37671566272326973,15,Friday
3633,2026-01-09 15:38:21.346379452,2.1001015121764954,15,Friday
3636,2026-01-09 15:38:41.124215724,3.429098176408933,15,Friday
3641,2026-01-09 15:39:02.980621761,4.572430778303321,15,Friday
3621,2026-01-09 15:39:49.443698498,4.761777206398385,15,Friday
3622,2026-01-09 15:39:56.823845287,2.033401899137942,15,Friday
3638,2026-01-09 15:42:28.612176124,5.676279091766756,15,Friday
3647,2026-01-09 15:52:16.800932425,9.870491853073453,15,Friday
3628,2026-01-09 15:53:48.287579667,3.4374886511694163,15,Friday
3655,2026-01-09 15:54:49.732281449,0.668165045144493,15,Friday
3648,2026-01-09 15:59:56.056919147,0.4078847663440093,15,Friday
3661,2026-01-09 16:01:21.246899528,0.3158527962202368,16,Friday
3668,2026-01-09 16:03:22.974673871,8.849318856517206,16,Friday
3679,2026-01-09 16:05:04.735512904,8.319572083000224,16,Friday
3662,2026-01-09 16:06:46.289320965,4.469174959842306,16,Friday
3680,2026-01-09 16:07:09.378019343,6.649961567607515,16,Friday
3681,2026-01-09 16:13:28.496577554,5.45012072200989,16,Friday
3666,2026-01-09 16:14:21.159916923,7.560006380798195,16,Friday
3678,2026-01-09 16:15:34.017015845,3.7600738745406885,16,Friday
3665,2026-01-09 16:17:06.879632304,0.23904852935015952,16,Friday
3673,2026-01-09 16:21:17.444604350,3.1260856559324117,16,Friday
3669,2026-01-09 16:22:09.777531297,6.085909424118016,16,Friday
3682,2026-01-09 16:30:00.712567882,0.6017340089733548,16,Friday
3670,2026-01-09 16:30:20.913201332,14.563719118133104,16,Friday
3676,2026-01-09 16:32:51.417962353,1.0451693535511437,16,Friday
3671,2026-01-09 16:33:37.255227661,2.629080743038325,16,Friday
3675,2026-01-09 16:35:07.351522047,2.9855400236684364,16,Friday
3657,2026-01-09 16:36:24.081563512,2.1614250177373515,16,Friday
3663,2026-01-09 16:36:34.083948119,22.648775501955228,16,Friday
3674,2026-01-09 16:36:45.663640828,4.979223071264422,16,Friday
3677,2026-01-09 16:38:25.739855311,3.545340400828051,16,Friday
3684,2026-01-09 16:42:04.656031518,3.4687883979279386,16,Friday
3672,2026-01-09 16:43:43.014564453,5.42310077542759,16,Friday
3667,2026-01-09 16:47:13.112877772,1.4556801972355082,16,Friday
3685,2026-01-09 16:47:20.546175127,11.226278229474225,16,Friday
3664,2026-01-09 16:49:14.075181601,0.9125861093771682,16,Friday
3659,2026-01-09 16:50:12.940198240,2.5017524501819777,16,Friday
3683,2026-01-09 16:50:25.593901965,6.375845698710735,16,Friday
3658,2026-01-09 16:55:49.614961962,2.5930604794636327,16,Friday
3660,2026-01-09 16:59:43.740998639,1.0651814139098732,16,Friday
3700,2026-01-10 08:00:04.623931896,1.8784300781151413,8,Saturday
3692,2026-01-10 08:00:30.076935019,4.340224200388668,8,Saturday
3687,2026-01-10 08:02:15.710605521,0.05924904384585421,8,Saturday
3707,2026-01-10 08:04:27.034304139,6.821084436121039,8,Saturday
3712,2026-01-10 08:07:03.206096835,0.8553395766753326,8,Saturday
3701,2026-01-10 08:07:12.573331448,0.9851930272406105,8,Saturday
3690,2026-01-10 08:08:53.162875057,5.513394518437611,8,Saturday
3693,2026-01-10 08:10:06.956574362,11.718857980872519,8,Saturday
3708,2026-01-10 08:11:31.258503484,17.740357579350032,8,Saturday
3688,2026-01-10 08:22:01.810652502,29.805528487189843,8,Saturday
3699,2026-01-10 08:23:39.628126862,1.186264727804161,8,Saturday
3704,2026-01-10 08:25:02.813822027,1.4070376927066495,8,Saturday
3706,2026-01-10 08:31:18.704263195,1.932256362120477,8,Saturday
3702,2026-01-10 08:32:04.396361121,11.60966062018183,8,Saturday
3689,2026-01-10 08:32:32.279912235,1.649983439696683,8,Saturday
3694,2026-01-10 08:34:50.868587472,1.9296446949884725,8,Saturday
3698,2026-01-10 08:40:18.405372917,2.0507580015199642,8,Saturday
3703,2026-01-10 08:40:30.467589039,2.5307402892492514,8,Saturday
3697,2026-01-10 08:42:19.787946964,4.901418991912105,8,Saturday
3695,2026-01-10 08:42:51.795223334,5.547162726056704,8,Saturday
3710,2026-01-10 08:43:29.685887847,9.867608311476017,8,Saturday
3705,2026-01-10 08:43:50.444441502,2.9747317410189362,8,Saturday
3691,2026-01-10 08:44:46.729725248,0.97206571640629,8,Saturday
3686,2026-01-10 08:49:14.309617276,1.1748581018831248,8,Saturday
3709,2026-01-10 08:50:23.993603678,2.8815665912206327,8,Saturday
3711,2026-01-10 08:53:41.143153244,4.171976479652153,8,Saturday
3696,2026-01-10 08:54:59.915169698,1.0406810643089421,8,Saturday
3713,2026-01-10 08:59:24.801124614,5.865969236814392,8,Saturday
3727,2026-01-10 09:01:25.983088748,5.901300897531497,9,Saturday
3723,2026-01-10 09:02:37.848668987,3.4693207914792286,9,Saturday
3726,2026-01-10 09:03:22.799800077,5.147325847658848,9,Saturday
3738,2026-01-10 09:04:20.025653780,0.3820480787604074,9,Saturday
3740,2026-01-10 09:04:23.684174786,13.866972226324169,9,Saturday
3739,2026-01-10 09:08:50.830833358,0.2745760828693394,9,Saturday
3732,2026-01-10 09:09:52.983888994,10.720924021142206,9,Saturday
3735,2026-01-10 09:12:00.555160497,4.3122936557621365,9,Saturday
3731,2026-01-10 09:15:45.695915568,4.120333640138615,9,Saturday
3736,2026-01-10 09:19:10.521934535,6.917797623830127,9,Saturday
3720,2026-01-10 09:19:32.092077068,0.19558367769317236,9,Saturday
3724,2026-01-10 09:19:35.838860692,2.2120460353088345,9,Saturday
3729,2026-01-10 09:19:57.684646893,2.095291003485983,9,Saturday
3730,2026-01-10 09:26:17.874988919,7.34343245932616,9,Saturday
3715,2026-01-10 09:26:25.564454361,6.998173381372962,9,Saturday
3728,2026-01-10 09:27:00.087262300,10.238458711502833,9,Saturday
3718,2026-01-10 09:29:18.977733160,3.2407917843438243,9,Saturday
3734,2026-01-10 09:30:52.456018564,3.6452173440501996,9,Saturday
3737,2026-01-10 09:35:30.508467587,16.718013149189325,9,Saturday
3719,2026-01-10 09:36:11.599688368,5.139997938168065,9,Saturday
3725,2026-01-10 09:37:23.931961532,1.6246822950847468,9,Saturday
3722,2026-01-10 09:40:02.464186981,7.522635864131529,9,Saturday
3733,2026-01-10 09:41:20.916085129,3.751891484813996,9,Saturday
3717,2026-01-10 09:45:02.408451413,5.5340100201720555,9,Saturday
3741,2026-01-10 09:48:44.342397770,3.77378996364228,9,Saturday
3714,2026-01-10 09:53:22.874685257,6.979890148535594,9,Saturday
3716,2026-01-10 09:54:04.239443582,6.2996363655702945,9,Saturday
3721,2026-01-10 09:59:00.950279059,4.857226074495917,9,Saturday
3763,2026-01-10 10:01:51.804753726,6.6581514208309525,10,Saturday
3768,2026-01-10 10:02:00.335519135,6.766964373321207,10,Saturday
3762,2026-01-10 10:02:56.978984958,0.8952249786579027,10,Saturday
3748,2026-01-10 10:04:20.486127868,2.7632111121942655,10,Saturday
3772,2026-01-10 10:04:20.555015498,5.825646375692251,10,Saturday
3742,2026-01-10 10:05:37.166829386,13.356147225010622,10,Saturday
3774,2026-01-10 10:13:23.719443849,2.770027119866284,10,Saturday
3770,2026-01-10 10:14:13.453408227,5.4290508319751565,10,Saturday
3750,2026-01-10 10:15:23.982083625,3.908652345673216,10,Saturday
3757,2026-01-10 10:16:38.130298857,12.303009362869489,10,Saturday
3746,2026-01-10 10:18:22.461282822,0.7524901019642395,10,Saturday
3745,2026-01-10 10:18:42.131957374,11.66783316902103,10,Saturday
3756,2026-01-10 10:20:38.326690738,5.023558492096974,10,Saturday
3761,2026-01-10 10:21:19.042715589,4.628614675842824,10,Saturday
3769,2026-01-10 10:22:00.307475133,1.8022699537258602,10,Saturday
3754,2026-01-10 10:24:51.947324881,8.307343992442352,10,Saturday
3776,2026-01-10 10:25:33.215358132,6.899081931460758,10,Saturday
3771,2026-01-10 10:26:50.182685365,0.861557429909675,10,Saturday
3766,2026-01-10 10:32:14.565085597,4.5743404968244095,10,Saturday
3778,2026-01-10 10:33:14.610180456,10.673389055687084,10,Saturday
3764,2026-01-10 10:33:15.052519615,1.7921774267270636,10,Saturday
3751,2026-01-10 10:35:34.745091919,3.748126980107637,10,Saturday
3760,2026-01-10 10:38:40.991918574,0.40984008997181653,10,Saturday
3753,2026-01-10 10:40:41.241005531,0.0039491146062026776,10,Saturday
3755,2026-01-10 10:41:22.323152059,0.4582445486289959,10,Saturday
3744,2026-01-10 10:44:50.008722318,6.896371421718794,10,Saturday
3759,2026-01-10 10:45:02.844832247,5.472197577593878,10,Saturday
3765,2026-01-10 10:45:43.317795740,3.112427926346777,10,Saturday
3743,2026-01-10 10:46:05.121762307,0.026816728771513792,10,Saturday
3747,2026-01-10 10:50:16.228971259,0.5053257239967308,10,Saturday
3767,2026-01-10 10:50:26.826258980,0.9393249302272167,10,Saturday
3749,2026-01-10 10:52:51.978534083,13.566236372587614,10,Saturday
3775,2026-01-10 10:55:20.307991740,1.41981879470374,10,Saturday
3752,2026-01-10 10:56:09.579044406,0.7606659384152908,10,Saturday
3773,2026-01-10 10:57:14.873909655,0.6859077908195383,10,Saturday
3777,2026-01-10 10:59:07.886879718,1.519294435438542,10,Saturday
3758,2026-01-10 10:59:48.059800564,1.1700867439698928,10,Saturday
3814,2026-01-10 11:00:02.580691343,1.7531294862687377,11,Saturday
3802,2026-01-10 11:00:46.836768333,2.8946995891431317,11,Saturday
3828,2026-01-10 11:01:15.274244406,2.1219291848239608,11,Saturday
3807,2026-01-10 11:01:27.807575196,8.923793769473855,11,Saturday
3794,2026-01-10 11:01:32.672675089,10.460020234322371,11,Saturday
3800,2026-01-10 11:01:50.968627317,10.166572458446053,11,Saturday
3819,2026-01-10 11:02:16.152491587,0.7330606107905774,11,Saturday
3830,2026-01-10 11:03:23.456486868,0.04243706231678861,11,Saturday
3780,2026-01-10 11:05:15.783510191,4.182849283882749,11,Saturday
3787,2026-01-10 11:06:10.606120921,14.420488141110827,11,Saturday
3831,2026-01-10 11:06:12.221771868,9.138216913305165,11,Saturday
3824,2026-01-10 11:06:25.168540228,4.934349312543481,11,Saturday
3823,2026-01-10 11:06:55.083925220,0.046217436637781814,11,Saturday
3820,2026-01-10 11:07:22.987644925,1.0950639622354132,11,Saturday
3816,2026-01-10 11:09:52.291340614,2.7332909210782033,11,Saturday
3810,2026-01-10 11:13:09.553444360,0.0686686157932912,11,Saturday
3829,2026-01-10 11:13:23.124066403,2.214597947241836,11,Saturday
3833,2026-01-10 11:13:47.706135101,14.082062314915525,11,Saturday
3817,2026-01-10 11:14:00.889563200,2.642596050254687,11,Saturday
3791,2026-01-10 11:14:56.196689268,1.1186501648445397,11,Saturday
3835,2026-01-10 11:15:12.577511725,3.834204519712299,11,Saturday
3827,2026-01-10 11:15:25.028278230,1.0766027222649703,11,Saturday
3818,2026-01-10 11:15:48.504404497,1.315589377605886,11,Saturday
3785,2026-01-10 11:16:57.147109184,3.004107208123303,11,Saturday
3822,2026-01-10 11:18:54.780254558,1.1040485206746449,11,Saturday
3792,2026-01-10 11:19:27.977623086,2.6676212190568362,11,Saturday
3793,2026-01-10 11:20:03.175214136,1.1546358001602224,11,Saturday
3795,2026-01-10 11:20:27.772342190,0.8615764705493478,11,Saturday
3805,2026-01-10 11:20:30.964176869,8.59447405678475,11,Saturday
3786,2026-01-10 11:22:40.889817963,9.715119718486374,11,Saturday
3781,2026-01-10 11:23:29.533558565,2.1880616251350573,11,Saturday
3811,2026-01-10 11:25:43.994752860,1.8064245297964288,11,Saturday
3832,2026-01-10 11:25:53.429231451,0.16258734365268104,11,Saturday
3799,2026-01-10 11:27:19.806102789,2.4149934603630143,11,Saturday
3804,2026-01-10 11:29:21.178495277,3.124541338296626,11,Saturday
3789,2026-01-10 11:30:13.999668448,4.11280082882905,11,Saturday
3834,2026-01-10 11:30:57.405162691,11.131563624954378,11,Saturday
3798,2026-01-10 11:31:05.585936289,5.886068684889091,11,Saturday
3809,2026-01-10 11:32:56.157088197,0.630434176000575,11,Saturday
3808,2026-01-10 11:34:53.129621528,3.4062083719308234,11,Saturday
3779,2026-01-10 11:36:49.845402027,11.819322942049782,11,Saturday
3784,2026-01-10 11:37:28.922409863,6.502038988286688,11,Saturday
3812,2026-01-10 11:39:08.150421397,5.986483553865936,11,Saturday
3783,2026-01-10 11:39:33.923688659,2.6538857174587145,11,Saturday
3790,2026-01-10 11:42:31.556276444,0.4994140443591887,11,Saturday
3782,2026-01-10 11:42:47.958226204,2.3994366184364564,11,Saturday
3788,2026-01-10 11:43:08.482153560,2.0469601924241716,11,Saturday
3825,2026-01-10 11:43:10.055883611,1.9017317661905873,11,Saturday
3813,2026-01-10 11:43:37.672308774,7.809430762942224,11,Saturday
3796,2026-01-10 11:48:11.896464664,3.040913683115453,11,Saturday
3826,2026-01-10 11:51:16.447190517,18.086462550411607,11,Saturday
3801,2026-01-10 11:52:45.135615307,4.200343697052891,11,Saturday
3797,2026-01-10 11:53:50.274584699,4.653206559001619,11,Saturday
3806,2026-01-10 11:55:27.186365433,4.766602471446215,11,Saturday
3815,2026-01-10 11:56:12.672348327,3.422462908215306,11,Saturday
3836,2026-01-10 11:56:25.934283970,3.9218798270213013,11,Saturday
3803,2026-01-10 11:56:41.100288756,0.3480401285563678,11,Saturday
3821,2026-01-10 11:59:10.859722598,0.2846107290437292,11,Saturday
3873,2026-01-10 12:00:08.450905922,1.2405298693948252,12,Saturday
3863,2026-01-10 12:02:38.924023514,11.814297724348775,12,Saturday
3838,2026-01-10 12:02:41.166199278,13.434825262166065,12,Saturday
3872,2026-01-10 12:02:57.478784673,5.82845814962123,12,Saturday
3839,2026-01-10 12:03:14.571458459,1.634692619961044,12,Saturday
3882,2026-01-10 12:04:46.517330539,1.6011074535768242,12,Saturday
3843,2026-01-10 12:06:16.778282068,0.29414873934559166,12,Saturday
3877,2026-01-10 12:06:49.543051696,3.018925757415311,12,Saturday
3876,2026-01-10 12:07:16.553616092,7.661285359172686,12,Saturday
3894,2026-01-10 12:07:18.801163489,4.202116745562906,12,Saturday
3865,2026-01-10 12:07:49.266046973,0.8346982093953823,12,Saturday
3904,2026-01-10 12:08:27.126974223,5.651655971843924,12,Saturday
3849,2026-01-10 12:09:01.783793061,0.1967797335629305,12,Saturday
3902,2026-01-10 12:09:50.112943369,5.062534181943613,12,Saturday
3888,2026-01-10 12:10:07.800983949,11.953670013039552,12,Saturday
3881,2026-01-10 12:10:42.422426754,1.2966125165900244,12,Saturday
3845,2026-01-10 12:12:36.170414251,3.773082026134185,12,Saturday
3860,2026-01-10 12:13:16.131396398,20.27150886616613,12,Saturday
3874,2026-01-10 12:14:41.279542806,2.887246669693436,12,Saturday
3857,2026-01-10 12:15:27.704333481,0.16674924847447964,12,Saturday
3884,2026-01-10 12:15:38.398977223,0.6210412721850301,12,Saturday
3893,2026-01-10 12:15:45.030975359,12.792060180809035,12,Saturday
3861,2026-01-10 12:16:08.831109496,5.067417273430605,12,Saturday
3847,2026-01-10 12:18:59.768765378,8.906291774492635,12,Saturday
3892,2026-01-10 12:20:13.927326608,0.5032702570786806,12,Saturday
3897,2026-01-10 12:21:33.620365856,1.4877561195714273,12,Saturday
3899,2026-01-10 12:21:48.652046529,0.2026060715679061,12,Saturday
3903,2026-01-10 12:22:53.071715651,1.2502478415255556,12,Saturday
3846,2026-01-10 12:23:38.701134636,5.533449385049943,12,Saturday
3867,2026-01-10 12:23:41.191140378,7.08312975431989,12,Saturday
3848,2026-01-10 12:24:00.558982315,0.8144221725151286,12,Saturday
3878,2026-01-10 12:24:39.458188929,7.855653906273038,12,Saturday
3870,2026-01-10 12:24:46.480282521,1.1178420896390073,12,Saturday
3852,2026-01-10 12:26:29.522437364,0.6904454324767774,12,Saturday
3840,2026-01-10 12:27:26.029510630,14.999826688249271,12,Saturday
3898,2026-01-10 12:28:31.292643651,5.912848094443427,12,Saturday
3856,2026-01-10 12:29:25.635870671,1.6071985741875232,12,Saturday
3853,2026-01-10 12:29:26.208873233,3.159895763484491,12,Saturday
3868,2026-01-10 12:29:31.978259834,6.578345870424483,12,Saturday
3850,2026-01-10 12:30:12.852267852,10.554914751545612,12,Saturday
3895,2026-01-10 12:30:35.125440843,2.2606261910020944,12,Saturday
3871,2026-01-10 12:32:14.977513223,1.1849871971192307,12,Saturday
3841,2026-01-10 12:32:58.640283981,0.32676184415250564,12,Saturday
3859,2026-01-10 12:34:37.273446086,11.273740203325946,12,Saturday
3896,2026-01-10 12:35:06.939151835,7.063984013970562,12,Saturday
3891,2026-01-10 12:35:48.202764382,5.812283324510085,12,Saturday
3905,2026-01-10 12:37:29.797573468,7.3973202367320345,12,Saturday
3900,2026-01-10 12:38:27.621806354,9.144442630510808,12,Saturday
3837,2026-01-10 12:38:50.000220232,6.52579373729504,12,Saturday
3879,2026-01-10 12:38:52.213338989,9.120022884316285,12,Saturday
3875,2026-01-10 12:40:50.099134507,7.6163429525612365,12,Saturday
3855,2026-01-10 12:42:21.809212696,0.15730165263127857,12,Saturday
3880,2026-01-10 12:42:43.459172092,5.317805384146778,12,Saturday
3890,2026-01-10 12:46:09.302013269,6.369615025735596,12,Saturday
3887,2026-01-10 12:46:21.081330345,3.0378643849081133,12,Saturday
3866,2026-01-10 12:47:45.846691428,12.737741700142793,12,Saturday
3851,2026-01-10 12:48:05.913323392,1.8911948365422837,12,Saturday
3862,2026-01-10 12:48:11.279120170,0.8815246280784559,12,Saturday
3889,2026-01-10 12:49:18.485253315,0.5517553877433996,12,Saturday
3844,2026-01-10 12:49:21.532537898,11.21094073308942,12,Saturday
3854,2026-01-10 12:50:55.563307012,4.560324313451276,12,Saturday
3885,2026-01-10 12:51:12.047391391,1.5952419294966105,12,Saturday
3886,2026-01-10 12:51:48.569221666,1.175569709046326,12,Saturday
3869,2026-01-10 12:52:50.342078872,6.175265899670636,12,Saturday
3858,2026-01-10 12:53:05.736288641,2.7265279996524288,12,Saturday
3842,2026-01-10 12:53:16.143505208,4.619269596092495,12,Saturday
3901,2026-01-10 12:54:04.533148067,2.972583930425745,12,Saturday
3883,2026-01-10 12:56:25.429322203,1.8905228884398362,12,Saturday
3864,2026-01-10 12:59:31.531873303,3.6309126740171678,12,Saturday
3953,2026-01-10 13:00:53.482041027,2.522953397590112,13,Saturday
3935,2026-01-10 13:01:52.229672802,0.9419596552954859,13,Saturday
3930,2026-01-10 13:02:27.521600099,5.443744624167853,13,Saturday
3976,2026-01-10 13:03:07.365019522,7.645978256567997,13,Saturday
3923,2026-01-10 13:05:56.287044271,1.1066189084252518,13,Saturday
3933,2026-01-10 13:06:02.710238254,6.5671340456267355,13,Saturday
3971,2026-01-10 13:06:19.849127044,7.92550440506059,13,Saturday
3921,2026-01-10 13:06:33.406003325,8.076563257237442,13,Saturday
3938,2026-01-10 13:07:38.322763488,4.9564878749670385,13,Saturday
3937,2026-01-10 13:08:19.149104807,1.7123627613259496,13,Saturday
3969,2026-01-10 13:08:30.639831421,0.5443152166438283,13,Saturday
3951,2026-01-10 13:10:11.130593545,5.720045730248468,13,Saturday
3939,2026-01-10 13:10:32.420272686,0.6274684788568368,13,Saturday
3970,2026-01-10 13:12:49.684358385,14.325337021425268,13,Saturday
3915,2026-01-10 13:13:39.477128949,2.9058375903162315,13,Saturday
3912,2026-01-10 13:13:48.304170686,11.786359028174376,13,Saturday
3945,2026-01-10 13:14:04.142424419,10.100380858048508,13,Saturday
3920,2026-01-10 13:14:44.273666575,0.2428830246096034,13,Saturday
3963,2026-01-10 13:14:59.852332462,1.8100446622064668,13,Saturday
3949,2026-01-10 13:15:25.626614395,17.685895117032974,13,Saturday
3929,2026-01-10 13:16:05.793673632,18.199033704277433,13,Saturday
3924,2026-01-10 13:16:16.973022286,3.414286087648706,13,Saturday
3968,2026-01-10 13:18:49.615715900,8.680727484869857,13,Saturday
3955,2026-01-10 13:20:00.124217219,3.871578748765201,13,Saturday
3944,2026-01-10 13:20:10.725819017,13.561449216118886,13,Saturday
3926,2026-01-10 13:20:47.289433483,7.357339766307602,13,Saturday
3918,2026-01-10 13:21:12.518910462,22.224668231662072,13,Saturday
3966,2026-01-10 13:22:11.056119141,1.4534518566117547,13,Saturday
3943,2026-01-10 13:23:51.485948637,0.6787324073264738,13,Saturday
3913,2026-01-10 13:24:21.895677215,0.4334503674848275,13,Saturday
3911,2026-01-10 13:24:37.817356854,3.799687723683861,13,Saturday
3959,2026-01-10 13:24:53.448661085,5.176160301193583,13,Saturday
3958,2026-01-10 13:26:08.120968845,6.079018237562055,13,Saturday
3956,2026-01-10 13:26:56.844290148,1.6975407249992245,13,Saturday
3932,2026-01-10 13:27:03.551409534,1.6457382048613476,13,Saturday
3906,2026-01-10 13:27:22.773325760,10.781404464833193,13,Saturday
3946,2026-01-10 13:28:50.332901924,1.330314187054484,13,Saturday
3954,2026-01-10 13:28:52.052490540,16.595920786641003,13,Saturday
3967,2026-01-10 13:29:09.807150849,3.8202136971658236,13,Saturday
3908,2026-01-10 13:29:52.329049851,2.928826433276148,13,Saturday
3916,2026-01-10 13:31:27.970845087,4.394454631891216,13,Saturday
3947,2026-01-10 13:33:06.583440723,7.533772738017409,13,Saturday
3957,2026-01-10 13:34:14.392484330,0.6407066578543061,13,Saturday
3965,2026-01-10 13:35:06.701227414,1.9351953623353222,13,Saturday
3964,2026-01-10 13:36:34.302635114,12.695936934896046,13,Saturday
3948,2026-01-10 13:37:54.389437149,4.689763245864377,13,Saturday
3919,2026-01-10 13:38:31.954693209,2.462076496909344,13,Saturday
3973,2026-01-10 13:39:38.618615192,6.224112211387216,13,Saturday
3972,2026-01-10 13:40:59.050470684,0.999884020783785,13,Saturday
3961,2026-01-10 13:41:09.154590311,15.073693979444274,13,Saturday
3941,2026-01-10 13:41:35.409696913,1.665465457824755,13,Saturday
3931,2026-01-10 13:42:18.227823139,2.6232496985922014,13,Saturday
3934,2026-01-10 13:42:27.082148320,1.3865696764311988,13,Saturday
3975,2026-01-10 13:43:46.842289130,2.5732870959337415,13,Saturday
3960,2026-01-10 13:43:57.804295487,2.341535055413361,13,Saturday
3922,2026-01-10 13:47:39.783210334,4.6365147100285355,13,Saturday
3910,2026-01-10 13:48:04.867409772,18.664853198210917,13,Saturday
3942,2026-01-10 13:48:04.937527669,0.0012148197393121848,13,Saturday
3917,2026-01-10 13:48:21.948292658,8.470293070364205,13,Saturday
3914,2026-01-10 13:49:34.382552790,1.0601023928785767,13,Saturday
3962,2026-01-10 13:49:59.776615329,0.11226502847869675,13,Saturday
3909,2026-01-10 13:50:30.511352503,4.4077928201571135,13,Saturday
3925,2026-01-10 13:51:18.393919190,6.779994598574826,13,Saturday
3936,2026-01-10 13:52:12.708085772,3.773346094893144,13,Saturday
3907,2026-01-10 13:53:38.728929328,9.927030431620803,13,Saturday
3950,2026-01-10 13:56:55.154691250,2.3388758468120914,13,Saturday
3974,2026-01-10 13:57:02.182937687,2.430329478827,13,Saturday
3940,2026-01-10 13:57:36.958890571,5.320200825606211,13,Saturday
3952,2026-01-10 13:57:56.351429159,0.3282195121597226,13,Saturday
3927,2026-01-10 13:58:22.963258250,3.4619214781409595,13,Saturday
3928,2026-01-10 13:58:47.043605185,1.8207607875606309,13,Saturday
3995,2026-01-10 14:00:24.437426484,1.0133839384611738,14,Saturday
4027,2026-01-10 14:00:57.017055401,1.0496615010677706,14,Saturday
4057,2026-01-10 14:01:27.936778586,2.910083736516466,14,Saturday
3993,2026-01-10 14:02:25.170862995,7.888180037904565,14,Saturday
3981,2026-01-10 14:03:08.167203221,4.468635125986725,14,Saturday
4022,2026-01-10 14:03:30.731760288,0.3871622549821492,14,Saturday
4014,2026-01-10 14:03:57.211794115,2.0440324342331664,14,Saturday
3997,2026-01-10 14:04:08.364031357,0.11115913948196478,14,Saturday
3994,2026-01-10 14:05:41.166495724,0.4474333873134423,14,Saturday
4049,2026-01-10 14:05:48.902377441,1.7738991139896798,14,Saturday
4037,2026-01-10 14:05:51.427537926,1.209431818023183,14,Saturday
4042,2026-01-10 14:07:32.888410845,2.7102873078462104,14,Saturday
4021,2026-01-10 14:07:37.320873503,0.09060531471742378,14,Saturday
4000,2026-01-10 14:08:57.364845609,5.351856807085196,14,Saturday
4054,2026-01-10 14:09:09.569392346,0.7016652268461355,14,Saturday
3996,2026-01-10 14:09:10.595471311,7.102435079965912,14,Saturday
4024,2026-01-10 14:09:27.579696468,17.440214427191265,14,Saturday
4025,2026-01-10 14:10:26.437612858,5.9079515619051515,14,Saturday
4015,2026-01-10 14:11:28.640964107,18.6527084919955,14,Saturday
4036,2026-01-10 14:11:33.293876850,6.166608502404392,14,Saturday
3984,2026-01-10 14:11:41.257689518,12.720592034643584,14,Saturday
4045,2026-01-10 14:12:10.776813088,1.5781764493021722,14,Saturday
4008,2026-01-10 14:12:26.217081179,3.6766771412928305,14,Saturday
3991,2026-01-10 14:14:09.628549165,19.824347820973486,14,Saturday
4001,2026-01-10 14:14:27.586528785,2.2713909845272893,14,Saturday
4020,2026-01-10 14:15:18.314000717,2.910483448538783,14,Saturday
3990,2026-01-10 14:17:17.347688798,1.4505230354980323,14,Saturday
3999,2026-01-10 14:17:19.715891834,0.07023610267775612,14,Saturday
4012,2026-01-10 14:17:22.497736814,2.538213292529121,14,Saturday
4033,2026-01-10 14:17:42.391896663,8.8167423432607,14,Saturday
3988,2026-01-10 14:17:54.422380131,2.6622844910440984,14,Saturday
4023,2026-01-10 14:18:19.488594753,3.5707584068409592,14,Saturday
4032,2026-01-10 14:18:48.123700046,0.14373352987942012,14,Saturday
4010,2026-01-10 14:19:00.063681660,3.564051290008453,14,Saturday
4007,2026-01-10 14:20:06.030851847,4.44503206867631,14,Saturday
4039,2026-01-10 14:20:59.623669130,1.122826198361632,14,Saturday
4041,2026-01-10 14:21:34.355320272,2.06054562948295,14,Saturday
3980,2026-01-10 14:21:47.480845378,1.2175975181309797,14,Saturday
4004,2026-01-10 14:21:53.345146708,2.096364130949795,14,Saturday
3979,2026-01-10 14:22:34.722541037,5.53441293128177,14,Saturday
4018,2026-01-10 14:22:38.107148576,4.431177316238579,14,Saturday
4009,2026-01-10 14:22:40.068566073,6.777875514206576,14,Saturday
4029,2026-01-10 14:22:46.060970136,9.208103472515239,14,Saturday
4006,2026-01-10 14:23:41.964973976,0.360949889742447,14,Saturday
4016,2026-01-10 14:24:26.658977800,10.339762025576105,14,Saturday
3977,2026-01-10 14:25:14.268852763,2.6529964319253208,14,Saturday
3983,2026-01-10 14:26:10.371901632,7.992548522278612,14,Saturday
4046,2026-01-10 14:27:06.728560748,0.1480229596058624,14,Saturday
3978,2026-01-10 14:28:51.389789103,2.024453217940339,14,Saturday
3987,2026-01-10 14:29:11.009861120,4.874120286768171,14,Saturday
4030,2026-01-10 14:30:23.579999670,4.807677386100961,14,Saturday
4003,2026-01-10 14:31:12.576802887,5.954154476886027,14,Saturday
4044,2026-01-10 14:31:30.507066370,3.2385166214638987,14,Saturday
4050,2026-01-10 14:32:52.877390024,10.084814809972025,14,Saturday
4040,2026-01-10 14:33:04.742606386,0.9839011680501609,14,Saturday
4028,2026-01-10 14:33:28.116452647,7.3772268886282655,14,Saturday
4031,2026-01-10 14:33:46.188853972,5.170069669522324,14,Saturday
4013,2026-01-10 14:34:37.919087121,0.1340145643556021,14,Saturday
4043,2026-01-10 14:35:21.593921811,3.5518623535004763,14,Saturday
4048,2026-01-10 14:35:25.533971188,2.518793515606484,14,Saturday
4053,2026-01-10 14:37:44.823283083,3.4158139020541367,14,Saturday
3989,2026-01-10 14:38:17.133812867,9.82537020689442,14,Saturday
4019,2026-01-10 14:39:50.666836319,9.39629377092509,14,Saturday
4011,2026-01-10 14:40:38.294253473,2.744764854576543,14,Saturday
4056,2026-01-10 14:40:38.430645893,1.1538237194386791,14,Saturday
3982,2026-01-10 14:41:07.939034025,12.221086720848968,14,Saturday
4051,2026-01-10 14:42:09.857877442,6.866758554618743,14,Saturday
4055,2026-01-10 14:42:36.623759724,5.957281256438961,14,Saturday
3992,2026-01-10 14:43:49.852754494,4.755808199875369,14,Saturday
4034,2026-01-10 14:44:00.246657605,7.76233999694114,14,Saturday
4026,2026-01-10 14:45:38.733510193,0.36778165250287015,14,Saturday
4052,2026-01-10 14:47:33.732260810,9.751392575475924,14,Saturday
4047,2026-01-10 14:47:49.011014456,4.645634093337294,14,Saturday
3986,2026-01-10 14:48:09.218693345,0.053637305084155526,14,Saturday
3985,2026-01-10 14:48:57.720608287,19.19989957060303,14,Saturday
4035,2026-01-10 14:52:16.597157236,1.499010413752651,14,Saturday
4005,2026-01-10 14:52:24.209248473,0.5712352437889626,14,Saturday
4038,2026-01-10 14:53:52.064903011,0.2058298571776215,14,Saturday
4002,2026-01-10 14:56:10.052057544,4.727244300740866,14,Saturday
4017,2026-01-10 14:56:13.017314071,1.9977486950220764,14,Saturday
3998,2026-01-10 14:59:44.888524007,8.488013022828795,14,Saturday
4075,2026-01-10 15:01:58.171795749,2.9883921674176954,15,Saturday
4079,2026-01-10 15:02:57.385152897,13.407166655800523,15,Saturday
4086,2026-01-10 15:03:06.068447680,3.563925457469414,15,Saturday
4097,2026-01-10 15:06:47.159061925,0.8117876472440922,15,Saturday
4089,2026-01-10 15:07:57.374366688,19.72485425772694,15,Saturday
4098,2026-01-10 15:09:22.793178214,4.241160480378878,15,Saturday
4087,2026-01-10 15:09:30.730170599,2.389856049498074,15,Saturday
4104,2026-01-10 15:10:14.737020421,0.6214639191474174,15,Saturday
4070,2026-01-10 15:10:47.272128582,15.99971043893296,15,Saturday
4082,2026-01-10 15:11:50.330294073,3.030104102996323,15,Saturday
4105,2026-01-10 15:13:36.613568371,21.29318664169854,15,Saturday
4090,2026-01-10 15:14:00.226570049,2.156010178548887,15,Saturday
4084,2026-01-10 15:16:54.946386305,0.018632979796416548,15,Saturday
4083,2026-01-10 15:19:02.118779218,1.174105860028571,15,Saturday
4103,2026-01-10 15:23:17.279091608,1.850017677862956,15,Saturday
4100,2026-01-10 15:23:48.801815120,1.2942540293406006,15,Saturday
4107,2026-01-10 15:25:24.379697639,0.698172446026682,15,Saturday
4061,2026-01-10 15:25:54.498362829,9.570948937858718,15,Saturday
4099,2026-01-10 15:26:13.321411619,1.4627526833512272,15,Saturday
4094,2026-01-10 15:26:50.396735998,7.467382999818863,15,Saturday
4091,2026-01-10 15:27:12.134180174,3.0090693935858948,15,Saturday
4063,2026-01-10 15:27:44.844541434,3.3815901997765767,15,Saturday
4066,2026-01-10 15:27:45.429378961,4.51991325166975,15,Saturday
4071,2026-01-10 15:28:03.929631447,6.287969504673017,15,Saturday
4076,2026-01-10 15:28:04.294065482,9.772805596769318,15,Saturday
4065,2026-01-10 15:29:10.939562970,2.02663864185642,15,Saturday
4092,2026-01-10 15:31:01.635197207,0.716555586537885,15,Saturday
4085,2026-01-10 15:31:51.092523438,1.3821034483086925,15,Saturday
4081,2026-01-10 15:32:54.243372270,3.865111536091182,15,Saturday
4069,2026-01-10 15:33:16.160811556,0.4695305829881879,15,Saturday
4106,2026-01-10 15:34:31.803666488,1.845419867502144,15,Saturday
4102,2026-01-10 15:34:50.653703270,0.6982689016465817,15,Saturday
4096,2026-01-10 15:37:06.046705363,7.150286840150107,15,Saturday
4059,2026-01-10 15:37:10.002265745,0.935730492823335,15,Saturday
4077,2026-01-10 15:38:47.836081167,15.713703811646988,15,Saturday
4101,2026-01-10 15:44:36.759370694,0.057964767063666205,15,Saturday
4058,2026-01-10 15:44:39.725535494,3.6172846647348393,15,Saturday
4073,2026-01-10 15:45:10.750294941,6.088742285000011,15,Saturday
4093,2026-01-10 15:45:48.997726610,0.24572923237860822,15,Saturday
4067,2026-01-10 15:47:06.258701628,0.4726287888201146,15,Saturday
4062,2026-01-10 15:47:08.910543279,1.4916225594827381,15,Saturday
4095,2026-01-10 15:47:23.512635727,4.227800564899125,15,Saturday
4060,2026-01-10 15:48:11.072312415,5.436971021808342,15,Saturday
4074,2026-01-10 15:48:40.185373964,4.45468724977729,15,Saturday
4088,2026-01-10 15:48:45.694956152,2.975433277603055,15,Saturday
4068,2026-01-10 15:49:17.679690339,4.657212238840786,15,Saturday
4078,2026-01-10 15:49:48.117661061,3.4561069095463552,15,Saturday
4080,2026-01-10 15:51:08.779988310,4.37733860663429,15,Saturday
4064,2026-01-10 15:56:27.476836234,18.550991271361557,15,Saturday
4072,2026-01-10 15:58:05.061010474,7.759615030596574,15,Saturday
4113,2026-01-10 16:01:19.684023706,1.576179312837477,16,Saturday
4108,2026-01-10 16:03:50.556685913,2.4061726657540596,16,Saturday
4127,2026-01-10 16:06:54.039372581,0.4452516943544079,16,Saturday
4124,2026-01-10 16:07:02.913235955,0.9382937419601212,16,Saturday
4131,2026-01-10 16:08:29.800862224,0.01512721699029219,16,Saturday
4120,2026-01-10 16:10:46.773440507,0.07691273349944533,16,Saturday
4117,2026-01-10 16:12:24.613598219,2.870399687684203,16,Saturday
4111,2026-01-10 16:14:48.290714402,16.375367405244642,16,Saturday
4116,2026-01-10 16:16:12.210477965,1.4561953030095298,16,Saturday
4115,2026-01-10 16:24:50.133808989,27.135530748302656,16,Saturday
4119,2026-01-10 16:24:58.381311716,1.7472990061469498,16,Saturday
4129,2026-01-10 16:26:29.570239967,5.301620768542385,16,Saturday
4112,2026-01-10 16:27:00.342966927,11.587775487363185,16,Saturday
4122,2026-01-10 16:33:54.260218932,1.6559890449041124,16,Saturday
4114,2026-01-10 16:38:26.556809017,8.13652737495526,16,Saturday
4132,2026-01-10 16:38:34.200206936,1.424645658403203,16,Saturday
4118,2026-01-10 16:39:14.483079571,3.671728902506015,16,Saturday
4126,2026-01-10 16:40:24.660432542,6.102393615144768,16,Saturday
4121,2026-01-10 16:41:20.792693352,1.2431353535850755,16,Saturday
4128,2026-01-10 16:41:41.354627538,5.250431527527485,16,Saturday
4125,2026-01-10 16:47:08.399767000,10.327865047112375,16,Saturday
4123,2026-01-10 16:51:31.219397746,2.9313364106084165,16,Saturday
4109,2026-01-10 16:51:44.762868508,15.711272192096274,16,Saturday
4130,2026-01-10 16:56:41.945228001,15.643024975021769,16,Saturday
4110,2026-01-10 16:57:41.398845253,2.0022004879154616,16,Saturday
4153,2026-01-11 08:00:01.477041981,5.041440621992504,8,Sunday
4133,2026-01-11 08:05:29.338648546,1.6979240368908601,8,Sunday
4138,2026-01-11 08:08:06.137292049,1.923291984345822,8,Sunday
4151,2026-01-11 08:09:12.113378696,7.60155720739119,8,Sunday
4145,2026-01-11 08:10:12.513864637,2.761616125276099,8,Sunday
4136,2026-01-11 08:10:52.384957009,6.234426010016589,8,Sunday
4141,2026-01-11 08:11:08.995400035,12.839235797732098,8,Sunday
4135,2026-01-11 08:13:53.698768640,5.27316546303886,8,Sunday
4149,2026-01-11 08:16:50.288087555,0.11380707084717488,8,Sunday
4148,2026-01-11 08:18:33.567207689,3.854645729688876,8,Sunday
4146,2026-01-11 08:18:57.977596587,0.8525357978001498,8,Sunday
4147,2026-01-11 08:25:28.174197635,2.7791677424510963,8,Sunday
4139,2026-01-11 08:28:07.145893186,1.4531146437307154,8,Sunday
4134,2026-01-11 08:30:49.953005201,1.026063712477455,8,Sunday
4144,2026-01-11 08:33:20.221756856,3.010352269881469,8,Sunday
4154,2026-01-11 08:35:46.257609848,12.015090424156638,8,Sunday
4152,2026-01-11 08:43:59.980471380,5.697891098581616,8,Sunday
4137,2026-01-11 08:48:37.091876843,5.824249565554254,8,Sunday
4155,2026-01-11 08:54:57.394814234,0.09098283861160682,8,Sunday
4140,2026-01-11 08:56:18.881662509,15.608609452082455,8,Sunday
4150,2026-01-11 08:58:20.026953178,2.9359512605366245,8,Sunday
4142,2026-01-11 08:58:40.776325457,3.056146022058886,8,Sunday
4143,2026-01-11 08:59:39.436748739,9.360311703723482,8,Sunday
4178,2026-01-11 09:04:01.537437467,3.1774493531314825,9,Sunday
4173,2026-01-11 09:05:27.730733803,1.5733731579758197,9,Sunday
4171,2026-01-11 09:05:44.484417808,2.111829832519344,9,Sunday
4158,2026-01-11 09:08:10.502034331,3.904794517037584,9,Sunday
4182,2026-01-11 09:10:13.909401817,5.554647178258048,9,Sunday
4157,2026-01-11 09:19:26.023989289,3.3206680434842433,9,Sunday
4169,2026-01-11 09:22:25.141066942,5.659984764414546,9,Sunday
4170,2026-01-11 09:23:17.237244366,0.9486650783852767,9,Sunday
4166,2026-01-11 09:23:52.997426444,1.5638344393267334,9,Sunday
4176,2026-01-11 09:24:20.229804919,1.2521058275954573,9,Sunday
4175,2026-01-11 09:24:47.500123690,10.814782082155324,9,Sunday
4160,2026-01-11 09:28:14.744612595,11.508404677072237,9,Sunday
4167,2026-01-11 09:30:49.080182143,9.86867114408546,9,Sunday
4156,2026-01-11 09:32:28.807377724,10.679204547216772,9,Sunday
4162,2026-01-11 09:35:09.067640759,1.6038689443572098,9,Sunday
4179,2026-01-11 09:35:37.340818625,10.34054225262955,9,Sunday
4174,2026-01-11 09:38:53.553038814,7.314172590333414,9,Sunday
4184,2026-01-11 09:39:22.125930650,0.04792370627495114,9,Sunday
4165,2026-01-11 09:39:32.959960560,1.6904358244605708,9,Sunday
4163,2026-01-11 09:40:27.091619814,2.497536545842251,9,Sunday
4177,2026-01-11 09:40:46.386611661,3.113889450278654,9,Sunday
4180,2026-01-11 09:46:19.314429500,7.194238094657427,9,Sunday
4168,2026-01-11 09:48:10.963888833,0.3621111573684224,9,Sunday
4164,2026-01-11 09:48:15.340155762,2.453189932469742,9,Sunday
4181,2026-01-11 09:49:41.565928391,3.5982486387435406,9,Sunday
4161,2026-01-11 09:52:41.214709148,2.9724935622190927,9,Sunday
4159,2026-01-11 09:53:15.227058538,12.568893959544752,9,Sunday
4183,2026-01-11 09:53:50.708580281,9.39820334086772,9,Sunday
4172,2026-01-11 09:54:52.503966798,0.31759139086478405,9,Sunday
4209,2026-01-11 10:00:53.994601357,2.661594118733971,10,Sunday
4215,2026-01-11 10:01:13.445798477,1.1378637442301511,10,Sunday
4208,2026-01-11 10:05:51.746191392,1.0967141050492162,10,Sunday
4204,2026-01-11 10:06:21.931379812,2.900170904922688,10,Sunday
4194,2026-01-11 10:09:16.865453465,8.056302573208063,10,Sunday
4210,2026-01-11 10:09:39.960083723,1.292418239561669,10,Sunday
4212,2026-01-11 10:10:47.998619798,2.3218046111923156,10,Sunday
4205,2026-01-11 10:13:58.991476745,0.47780642163552406,10,Sunday
4198,2026-01-11 10:14:59.522874928,8.776891276688207,10,Sunday
4217,2026-01-11 10:16:37.291615930,10.618927943157226,10,Sunday
4188,2026-01-11 10:20:51.972351375,5.607659219149821,10,Sunday
4196,2026-01-11 10:24:28.872328626,4.663526398865226,10,Sunday
4201,2026-01-11 10:25:05.273759257,1.5396614428601996,10,Sunday
4191,2026-01-11 10:25:06.106938343,2.631808207174423,10,Sunday
4195,2026-01-11 10:27:05.569282142,3.0534503543654723,10,Sunday
4213,2026-01-11 10:30:09.171384199,2.9793013479086587,10,Sunday
4189,2026-01-11 10:31:13.873921109,1.2518900055691227,10,Sunday
4187,2026-01-11 10:31:46.720297326,5.80385973224111,10,Sunday
4186,2026-01-11 10:32:34.228947602,1.6666140512237162,10,Sunday
4216,2026-01-11 10:36:16.160336130,0.8465427098768784,10,Sunday
4199,2026-01-11 10:38:24.903293828,2.7669471833436314,10,Sunday
4190,2026-01-11 10:39:19.379518068,0.1770955812572228,10,Sunday
4197,2026-01-11 10:41:14.873294579,4.634983129801667,10,Sunday
4192,2026-01-11 10:42:50.951327011,1.706772742425321,10,Sunday
4185,2026-01-11 10:44:25.126911038,9.914657371587747,10,Sunday
4214,2026-01-11 10:50:54.303815149,3.8519699859535157,10,Sunday
4193,2026-01-11 10:51:40.436018137,8.276826817756804,10,Sunday
4200,2026-01-11 10:52:38.961270233,1.6109996202856505,10,Sunday
4202,2026-01-11 10:54:39.656519925,3.8414260382298493,10,Sunday
4206,2026-01-11 10:57:01.367105335,6.339957137661669,10,Sunday
4207,2026-01-11 10:57:29.979671332,1.2023177004310903,10,Sunday
4203,2026-01-11 10:59:35.389460160,2.9814473824207672,10,Sunday
4211,2026-01-11 10:59:45.646020176,4.383646865803298,10,Sunday
4236,2026-01-11 11:00:33.269718259,1.2087306975803684,11,Sunday
4249,2026-01-11 11:00:43.451767082,4.573504378555798,11,Sunday
4218,2026-01-11 11:02:08.203740982,6.429181823897218,11,Sunday
4230,2026-01-11 11:03:36.263406077,7.005337500969265,11,Sunday
4264,2026-01-11 11:04:04.067024981,9.641934126518763,11,Sunday
4243,2026-01-11 11:05:12.982418492,2.437657315420447,11,Sunday
4227,2026-01-11 11:08:09.357890522,10.742873587420775,11,Sunday
4232,2026-01-11 11:08:37.275450663,2.4594563110109586,11,Sunday
4235,2026-01-11 11:08:37.804095565,2.5859877844730623,11,Sunday
4238,2026-01-11 11:10:34.299862191,1.6711029120832344,11,Sunday
4223,2026-01-11 11:10:38.934605967,10.996504665092449,11,Sunday
4245,2026-01-11 11:11:17.010839324,2.4804424548419446,11,Sunday
4229,2026-01-11 11:12:51.034509862,1.8789301612912948,11,Sunday
4244,2026-01-11 11:13:22.620030807,20.10845800319816,11,Sunday
4259,2026-01-11 11:14:14.115709165,4.704303015302539,11,Sunday
4224,2026-01-11 11:15:08.003283230,9.32893217927643,11,Sunday
4260,2026-01-11 11:15:45.481004517,1.0937825199885216,11,Sunday
4248,2026-01-11 11:15:49.701869806,4.467190779384265,11,Sunday
4242,2026-01-11 11:18:56.353057136,3.0272153610250103,11,Sunday
4258,2026-01-11 11:19:22.723440109,0.5325183245271045,11,Sunday
4231,2026-01-11 11:19:31.812017254,1.2427315246896722,11,Sunday
4240,2026-01-11 11:20:12.918887076,6.79987708672687,11,Sunday
4246,2026-01-11 11:25:40.869668782,0.41681284341003944,11,Sunday
4254,2026-01-11 11:28:16.221213761,3.5133567125214737,11,Sunday
4228,2026-01-11 11:29:51.538396218,3.423088402731053,11,Sunday
4219,2026-01-11 11:29:52.714689314,8.198715779244832,11,Sunday
4263,2026-01-11 11:30:11.589145858,15.830860031947967,11,Sunday
4261,2026-01-11 11:30:15.915742974,1.4479538121270106,11,Sunday
4250,2026-01-11 11:31:08.174511353,2.7129489484861735,11,Sunday
4234,2026-01-11 11:32:01.411489217,6.444429018059694,11,Sunday
4220,2026-01-11 11:33:15.010997799,1.7089166334594408,11,Sunday
4221,2026-01-11 11:33:31.827135436,5.4550920655791,11,Sunday
4255,2026-01-11 11:34:24.245853231,0.8099442827442433,11,Sunday
4241,2026-01-11 11:35:07.749377934,1.4522286849527082,11,Sunday
4253,2026-01-11 11:35:22.094891135,3.634000819683281,11,Sunday
4251,2026-01-11 11:36:20.734161692,2.826793542635995,11,Sunday
4239,2026-01-11 11:36:22.379911994,0.9684655704955264,11,Sunday
4247,2026-01-11 11:39:29.821620334,0.47059608555655613,11,Sunday
4222,2026-01-11 11:42:25.312209562,2.7807880060353645,11,Sunday
4233,2026-01-11 11:42:35.759064363,10.039410019823102,11,Sunday
4262,2026-01-11 11:44:38.578024422,0.9532132714020808,11,Sunday
4237,2026-01-11 11:48:29.365376487,2.2000373576182692,11,Sunday
4225,2026-01-11 11:48:38.629674829,3.7267517944596804,11,Sunday
4257,2026-01-11 11:49:42.161324165,0.6595064133056627,11,Sunday
4256,2026-01-11 11:55:40.442267503,0.5481781274956039,11,Sunday
4226,2026-01-11 11:56:49.814220636,5.880257062518039,11,Sunday
4252,2026-01-11 11:57:46.333778406,0.27720723486807886,11,Sunday
4267,2026-01-11 12:01:10.597916907,4.302546056146331,12,Sunday
4315,2026-01-11 12:02:25.833022588,2.7064174287696336,12,Sunday
4298,2026-01-11 12:03:28.037509271,0.22959678090591404,12,Sunday
4295,2026-01-11 12:05:15.982490844,13.523769786089357,12,Sunday
4316,2026-01-11 12:07:22.480257152,4.168458202213872,12,Sunday
4282,2026-01-11 12:07:34.932511009,3.582449514218305,12,Sunday
4305,2026-01-11 12:07:35.563120306,1.2057217986599729,12,Sunday
4274,2026-01-11 12:07:37.852281180,1.7964966437936372,12,Sunday
4303,2026-01-11 12:08:13.079884359,3.2873295189117853,12,Sunday
4299,2026-01-11 12:08:26.352021241,12.635761618959942,12,Sunday
4287,2026-01-11 12:08:35.093023502,12.640970033733886,12,Sunday
4271,2026-01-11 12:09:51.813663582,0.6801437056394812,12,Sunday
4276,2026-01-11 12:10:12.549508120,1.9949734051841372,12,Sunday
4317,2026-01-11 12:12:11.054134512,5.235993586339748,12,Sunday
4265,2026-01-11 12:12:35.614232297,4.41164935502062,12,Sunday
4284,2026-01-11 12:13:50.299104771,0.21391329474615323,12,Sunday
4277,2026-01-11 12:15:16.993801647,2.4834160933535165,12,Sunday
4308,2026-01-11 12:15:29.751688393,4.8646953692145285,12,Sunday
4278,2026-01-11 12:15:47.686229389,1.5198227235646837,12,Sunday
4289,2026-01-11 12:18:31.899237251,4.260709694313189,12,Sunday
4286,2026-01-11 12:20:20.291734222,4.388052612676498,12,Sunday
4320,2026-01-11 12:20:46.557782836,0.7192067430597429,12,Sunday
4275,2026-01-11 12:23:54.813206918,5.253354910145949,12,Sunday
4318,2026-01-11 12:24:07.026928614,2.1557350220310885,12,Sunday
4302,2026-01-11 12:24:12.775034929,5.853029793752701,12,Sunday
4280,2026-01-11 12:24:41.079354337,2.6441028345262296,12,Sunday
4313,2026-01-11 12:24:53.451383617,0.06419271113789438,12,Sunday
4301,2026-01-11 12:26:14.213933680,0.14712728899168148,12,Sunday
4292,2026-01-11 12:28:18.322713807,10.44917073197543,12,Sunday
4306,2026-01-11 12:28:35.833642717,0.3333208560901886,12,Sunday
4309,2026-01-11 12:28:50.830205447,3.523491172825482,12,Sunday
4266,2026-01-11 12:29:30.753454058,2.209934684369869,12,Sunday
4293,2026-01-11 12:29:44.950101534,0.09613535210298751,12,Sunday
4304,2026-01-11 12:30:24.372146584,0.6639173187790935,12,Sunday
4269,2026-01-11 12:31:23.369339343,0.4380054189917373,12,Sunday
4279,2026-01-11 12:33:22.451018492,2.100691213194085,12,Sunday
4291,2026-01-11 12:33:59.197266311,1.384882761978619,12,Sunday
4321,2026-01-11 12:39:16.636296655,5.566271923601471,12,Sunday
4290,2026-01-11 12:39:31.879455216,9.608085640946626,12,Sunday
4296,2026-01-11 12:40:05.450383048,5.353006354642002,12,Sunday
4268,2026-01-11 12:40:16.924832028,2.094770327992616,12,Sunday
4311,2026-01-11 12:41:11.941524074,9.86672405256432,12,Sunday
4322,2026-01-11 12:42:33.531461292,0.02184555317601552,12,Sunday
4300,2026-01-11 12:42:59.874972127,3.177186697118095,12,Sunday
4294,2026-01-11 12:43:56.056490732,6.592330581566589,12,Sunday
4307,2026-01-11 12:45:49.015076261,4.270026152863628,12,Sunday
4314,2026-01-11 12:46:04.299323253,5.9409837783173645,12,Sunday
4285,2026-01-11 12:46:22.346170974,3.4965136620997512,12,Sunday
4273,2026-01-11 12:47:31.059652080,10.540470640629708,12,Sunday
4272,2026-01-11 12:48:14.793285820,0.37549515148855306,12,Sunday
4312,2026-01-11 12:50:28.884376698,4.780675354088563,12,Sunday
4319,2026-01-11 12:50:44.681561972,12.450510926500653,12,Sunday
4288,2026-01-11 12:51:28.401066886,0.25203960918250634,12,Sunday
4297,2026-01-11 12:53:44.923565034,2.8904325156278103,12,Sunday
4270,2026-01-11 12:53:55.100141883,24.671134657470546,12,Sunday
4281,2026-01-11 12:56:51.838094422,6.372263709960045,12,Sunday
4283,2026-01-11 12:58:25.291685460,14.373347967475354,12,Sunday
4310,2026-01-11 12:59:31.257489828,8.4941369288903,12,Sunday
4399,2026-01-11 13:00:19.167086055,1.18948917752015,13,Sunday
4341,2026-01-11 13:00:34.921277722,5.230503040168836,13,Sunday
4329,2026-01-11 13:02:03.032120547,0.3454121713312278,13,Sunday
4368,2026-01-11 13:02:17.530021526,3.4470675388351624,13,Sunday
4345,2026-01-11 13:04:30.337124899,5.961986687749041,13,Sunday
4361,2026-01-11 13:05:01.694972742,3.725998360792306,13,Sunday
4383,2026-01-11 13:05:16.821699041,1.8233660773651774,13,Sunday
4323,2026-01-11 13:05:41.583228531,0.05856616174704851,13,Sunday
4336,2026-01-11 13:05:58.790119476,1.9930382839449898,13,Sunday
4375,2026-01-11 13:07:24.468865430,0.3857383331328565,13,Sunday
4342,2026-01-11 13:08:24.161323683,5.072900683197585,13,Sunday
4371,2026-01-11 13:09:27.001973072,2.286091213269419,13,Sunday
4374,2026-01-11 13:09:51.065870602,1.4615111760824908,13,Sunday
4379,2026-01-11 13:10:16.768360035,5.378525280232735,13,Sunday
4326,2026-01-11 13:12:51.480260362,4.481391667454769,13,Sunday
4360,2026-01-11 13:12:56.303145813,12.242565689485836,13,Sunday
4378,2026-01-11 13:13:38.718223404,0.19824724972561597,13,Sunday
4395,2026-01-11 13:14:44.701123869,6.356949113206934,13,Sunday
4407,2026-01-11 13:15:52.549602771,4.23522297569397,13,Sunday
4337,2026-01-11 13:16:20.881862519,6.372579065879373,13,Sunday
4397,2026-01-11 13:16:28.360505065,9.35788454192338,13,Sunday
4391,2026-01-11 13:18:12.431579218,6.192991164104536,13,Sunday
4335,2026-01-11 13:18:39.502876978,4.040799513844162,13,Sunday
4386,2026-01-11 13:18:48.129863149,4.15401894723186,13,Sunday
4330,2026-01-11 13:19:10.747424119,0.6190116495477728,13,Sunday
4343,2026-01-11 13:19:19.490071138,4.030769837224188,13,Sunday
4402,2026-01-11 13:19:21.661345480,18.663234333926123,13,Sunday
4324,2026-01-11 13:19:58.827478988,4.068807713538375,13,Sunday
4401,2026-01-11 13:20:21.132352578,1.901124315715167,13,Sunday
4347,2026-01-11 13:21:54.301223823,14.289400782469938,13,Sunday
4325,2026-01-11 13:22:24.838629740,5.416515239207628,13,Sunday
4385,2026-01-11 13:23:21.359028512,2.405994467420732,13,Sunday
4388,2026-01-11 13:23:24.237836691,29.029911307672403,13,Sunday
4377,2026-01-11 13:23:37.389010750,8.381319382716747,13,Sunday
4328,2026-01-11 13:26:34.490752951,4.2354505751247284,13,Sunday
4365,2026-01-11 13:26:37.620885416,2.0819422869162634,13,Sunday
4409,2026-01-11 13:27:01.931540641,3.6359614189698215,13,Sunday
4387,2026-01-11 13:27:44.501210091,0.608199704145611,13,Sunday
4362,2026-01-11 13:28:58.419971754,6.453289751511346,13,Sunday
4340,2026-01-11 13:29:37.849253069,7.029884567861351,13,Sunday
4363,2026-01-11 13:30:50.690504229,2.8639333292705427,13,Sunday
4408,2026-01-11 13:31:10.206677153,15.301312641144925,13,Sunday
4367,2026-01-11 13:31:37.455378648,4.3164731511935415,13,Sunday
4355,2026-01-11 13:33:13.421633034,3.617305141425589,13,Sunday
4400,2026-01-11 13:33:53.348986391,0.784941901651654,13,Sunday
4366,2026-01-11 13:34:15.070891959,1.791660293730053,13,Sunday
4396,2026-01-11 13:34:37.052940435,0.5683817407481958,13,Sunday
4344,2026-01-11 13:34:42.907254934,0.057275135552167,13,Sunday
4327,2026-01-11 13:35:06.437979337,6.6643348046695845,13,Sunday
4373,2026-01-11 13:35:36.997960007,0.2684617558175829,13,Sunday
4372,2026-01-11 13:35:39.594242135,0.4381376190941361,13,Sunday
4351,2026-01-11 13:36:24.190487216,1.139005612882442,13,Sunday
4405,2026-01-11 13:36:33.103409015,0.15240029478542438,13,Sunday
4381,2026-01-11 13:36:34.003070378,10.260909648705594,13,Sunday
4369,2026-01-11 13:36:54.773627748,4.3319864677964475,13,Sunday
4352,2026-01-11 13:37:36.421741386,2.0804935070672723,13,Sunday
4354,2026-01-11 13:37:43.396993292,1.7553499059324253,13,Sunday
4353,2026-01-11 13:38:16.811646778,3.236740221289937,13,Sunday
4382,2026-01-11 13:38:36.787642754,3.3178669851385374,13,Sunday
4403,2026-01-11 13:38:41.662765913,1.484162885008036,13,Sunday
4380,2026-01-11 13:40:03.366168899,1.5911033145110862,13,Sunday
4332,2026-01-11 13:41:22.925525502,1.6077746190665334,13,Sunday
4334,2026-01-11 13:41:53.220926700,2.8071110979301035,13,Sunday
4333,2026-01-11 13:43:29.535072887,0.4149797700171963,13,Sunday
4357,2026-01-11 13:43:56.246042732,19.018716659041868,13,Sunday
4350,2026-01-11 13:45:19.574181056,1.4529781090499863,13,Sunday
4358,2026-01-11 13:46:37.006998213,0.5710228517156314,13,Sunday
4349,2026-01-11 13:46:49.878489925,4.429953128294072,13,Sunday
4393,2026-01-11 13:46:53.483266319,8.957026810519649,13,Sunday
4331,2026-01-11 13:48:37.558488863,4.537578942045769,13,Sunday
4398,2026-01-11 13:49:26.740165743,6.653692570442088,13,Sunday
4370,2026-01-11 13:49:40.955828787,1.688989643823475,13,Sunday
4364,2026-01-11 13:49:45.054407819,4.9717286526412705,13,Sunday
4338,2026-01-11 13:49:54.427080666,5.160901981871179,13,Sunday
4404,2026-01-11 13:51:05.344017530,3.0451994972322662,13,Sunday
4406,2026-01-11 13:51:11.422723128,2.5310774137939918,13,Sunday
4389,2026-01-11 13:51:48.877211300,2.7717622480168074,13,Sunday
4392,2026-01-11 13:51:50.168906855,2.2619928113053906,13,Sunday
4359,2026-01-11 13:52:20.866134301,13.437132176807502,13,Sunday
4384,2026-01-11 13:53:36.724500594,3.645311746419777,13,Sunday
4348,2026-01-11 13:54:45.303184529,8.51832460002981,13,Sunday
4390,2026-01-11 13:55:45.339510712,2.14032260759685,13,Sunday
4394,2026-01-11 13:55:50.907620441,3.0281612918229897,13,Sunday
4346,2026-01-11 13:56:36.086275355,2.358359428934184,13,Sunday
4376,2026-01-11 13:58:48.186994715,0.5478172817869573,13,Sunday
4339,2026-01-11 13:58:49.694872019,2.0234647396904113,13,Sunday
4356,2026-01-11 13:59:11.090466538,0.9038363796516247,13,Sunday
4426,2026-01-11 14:01:49.787572269,5.408389746806027,14,Sunday
4410,2026-01-11 14:02:26.826048367,10.997008835191718,14,Sunday
4449,2026-01-11 14:04:15.688443537,2.569097758271561,14,Sunday
4455,2026-01-11 14:05:10.497016694,8.586822202948003,14,Sunday
4427,2026-01-11 14:07:54.517344590,1.9496894233014848,14,Sunday
4462,2026-01-11 14:08:07.507859344,0.16202092786403208,14,Sunday
4443,2026-01-11 14:08:17.635512427,3.4266439052769093,14,Sunday
4464,2026-01-11 14:08:40.958290091,1.6004400647300043,14,Sunday
4417,2026-01-11 14:12:04.222681610,4.595005324969715,14,Sunday
4437,2026-01-11 14:12:16.215619294,2.614189907779208,14,Sunday
4416,2026-01-11 14:13:12.395388068,2.6874401558190226,14,Sunday
4466,2026-01-11 14:13:21.537246816,1.3189138405797765,14,Sunday
4446,2026-01-11 14:13:33.173086560,13.488943950214942,14,Sunday
4415,2026-01-11 14:13:42.080211043,16.31969001594335,14,Sunday
4424,2026-01-11 14:15:12.233187213,7.494110048151904,14,Sunday
4454,2026-01-11 14:17:20.173259967,16.09586444732828,14,Sunday
4463,2026-01-11 14:17:28.657489939,0.39575713189288975,14,Sunday
4411,2026-01-11 14:18:54.029790683,3.15414169881827,14,Sunday
4460,2026-01-11 14:19:27.529189952,1.5797851621531753,14,Sunday
4472,2026-01-11 14:19:33.204516217,0.6048827882447572,14,Sunday
4442,2026-01-11 14:19:45.672687299,0.7238907760777274,14,Sunday
4440,2026-01-11 14:19:50.854769139,3.9205028944687963,14,Sunday
4438,2026-01-11 14:20:16.691925265,2.6313602377246186,14,Sunday
4432,2026-01-11 14:22:11.995989455,16.30376431564566,14,Sunday
4457,2026-01-11 14:22:41.506858301,0.9448838730995657,14,Sunday
4421,2026-01-11 14:23:33.846411207,6.854684036600084,14,Sunday
4444,2026-01-11 14:23:56.545627373,0.9262526126704985,14,Sunday
4430,2026-01-11 14:25:22.326272612,2.5952199634286637,14,Sunday
4448,2026-01-11 14:25:58.702979422,5.386554779734102,14,Sunday
4471,2026-01-11 14:27:39.720845152,2.6202714133359923,14,Sunday
4423,2026-01-11 14:27:51.594281262,1.5636808794348587,14,Sunday
4439,2026-01-11 14:28:11.443565941,3.928287692990296,14,Sunday
4473,2026-01-11 14:28:32.358111329,5.637247390566545,14,Sunday
4450,2026-01-11 14:29:16.355781593,11.983429077751232,14,Sunday
4422,2026-01-11 14:30:15.770535475,3.678348790261332,14,Sunday
4425,2026-01-11 14:30:18.100966135,4.017291653990686,14,Sunday
4452,2026-01-11 14:30:47.591912980,7.330366024387256,14,Sunday
4431,2026-01-11 14:31:01.741304221,1.1055564628063197,14,Sunday
4469,2026-01-11 14:31:39.979952647,0.028936879463638376,14,Sunday
4470,2026-01-11 14:32:24.105092138,2.8046574653915113,14,Sunday
4412,2026-01-11 14:34:31.978228191,5.3566054305122535,14,Sunday
4458,2026-01-11 14:34:35.059985233,1.5801553946727787,14,Sunday
4474,2026-01-11 14:36:10.107116160,6.054939905860646,14,Sunday
4447,2026-01-11 14:36:43.771172195,4.643714865472549,14,Sunday
4451,2026-01-11 14:42:07.791583133,5.079595339268406,14,Sunday
4461,2026-01-11 14:42:58.192337439,9.669202084691792,14,Sunday
4467,2026-01-11 14:43:02.652799458,7.996031899007809,14,Sunday
4436,2026-01-11 14:43:21.402209404,2.1935463418331955,14,Sunday
4433,2026-01-11 14:44:26.807521778,3.581746807414849,14,Sunday
4429,2026-01-11 14:45:06.047161313,4.8032282756280305,14,Sunday
4441,2026-01-11 14:45:17.784720569,3.4373547631583494,14,Sunday
4435,2026-01-11 14:45:47.826684731,2.6470461171183564,14,Sunday
4420,2026-01-11 14:46:29.580356110,1.4026470627906105,14,Sunday
4434,2026-01-11 14:47:03.073845235,6.619798275894869,14,Sunday
4459,2026-01-11 14:47:31.211254068,1.681747418563337,14,Sunday
4465,2026-01-11 14:48:40.430010244,1.1149239111524616,14,Sunday
4419,2026-01-11 14:51:09.598151166,15.038215946160552,14,Sunday
4414,2026-01-11 14:51:32.869295104,2.4957268958571897,14,Sunday
4477,2026-01-11 14:51:43.750649855,0.0002641416384416606,14,Sunday
4453,2026-01-11 14:52:19.581829487,2.2987813187187447,14,Sunday
4428,2026-01-11 14:53:11.722546208,3.281896903504953,14,Sunday
4418,2026-01-11 14:55:20.996026689,6.186005900631432,14,Sunday
4456,2026-01-11 14:56:11.636201968,9.618978632550595,14,Sunday
4476,2026-01-11 14:56:15.952413545,6.518430654083177,14,Sunday
4468,2026-01-11 14:56:35.874230084,4.140559071972652,14,Sunday
4413,2026-01-11 14:57:02.138277352,11.272152936740325,14,Sunday
4445,2026-01-11 14:58:47.691958016,0.6741513864548951,14,Sunday
4475,2026-01-11 14:59:09.569659814,6.3808042148519455,14,Sunday
4522,2026-01-11 15:01:07.971162874,2.588494685986001,15,Sunday
4500,2026-01-11 15:01:24.452478196,1.7580157418929143,15,Sunday
4498,2026-01-11 15:03:51.549203496,8.322657170238827,15,Sunday
4491,2026-01-11 15:04:33.905016355,0.9259749004192124,15,Sunday
4506,2026-01-11 15:05:34.909349067,5.448824892854885,15,Sunday
4481,2026-01-11 15:05:35.834584999,2.991596435154196,15,Sunday
4523,2026-01-11 15:06:01.909291290,1.2519381877668943,15,Sunday
4517,2026-01-11 15:07:21.299363425,0.4612704044303475,15,Sunday
4505,2026-01-11 15:07:38.999016019,3.689514321246983,15,Sunday
4509,2026-01-11 15:15:58.959509148,2.048610821986137,15,Sunday
4501,2026-01-11 15:19:45.899966547,1.643451802002478,15,Sunday
4526,2026-01-11 15:20:05.047175685,3.8644853523179963,15,Sunday
4521,2026-01-11 15:22:01.825731952,8.582136564723575,15,Sunday
4514,2026-01-11 15:23:02.216019346,2.7061625100627795,15,Sunday
4499,2026-01-11 15:24:08.533942348,0.2289184687836961,15,Sunday
4512,2026-01-11 15:24:09.401178024,0.12001060174226591,15,Sunday
4487,2026-01-11 15:26:34.573638243,1.8131435516013774,15,Sunday
4519,2026-01-11 15:27:14.747736159,6.589456035429882,15,Sunday
4516,2026-01-11 15:28:33.391983171,6.391897589861414,15,Sunday
4489,2026-01-11 15:28:34.817856579,1.9816932794925708,15,Sunday
4524,2026-01-11 15:29:46.390126163,3.587439013895766,15,Sunday
4492,2026-01-11 15:30:04.030922971,7.455128755415215,15,Sunday
4508,2026-01-11 15:31:55.624700851,6.3553771621272945,15,Sunday
4502,2026-01-11 15:32:12.725584694,0.7892194058240426,15,Sunday
4485,2026-01-11 15:34:14.021056648,5.019265306908135,15,Sunday
4495,2026-01-11 15:34:58.867130798,3.53552181303225,15,Sunday
4507,2026-01-11 15:35:21.362419524,2.3990620005784122,15,Sunday
4488,2026-01-11 15:35:57.456838717,7.366118270977675,15,Sunday
4484,2026-01-11 15:40:42.770429105,0.2162835954902101,15,Sunday
4493,2026-01-11 15:41:13.028788987,0.6946224491249249,15,Sunday
4525,2026-01-11 15:41:23.871685654,3.979685632529736,15,Sunday
4527,2026-01-11 15:41:43.758453039,4.1628944893482265,15,Sunday
4528,2026-01-11 15:41:55.088121955,14.850802017551125,15,Sunday
4529,2026-01-11 15:42:14.169266380,11.626486523049788,15,Sunday
4520,2026-01-11 15:44:04.153345160,4.7201923937563315,15,Sunday
4515,2026-01-11 15:44:12.540594586,14.315869017104198,15,Sunday
4482,2026-01-11 15:44:19.600904106,1.1118493722132163,15,Sunday
4494,2026-01-11 15:47:30.863538320,3.0234270817476894,15,Sunday
4479,2026-01-11 15:48:35.238703277,12.318827541832121,15,Sunday
4480,2026-01-11 15:50:13.988914651,3.3588516902550563,15,Sunday
4504,2026-01-11 15:50:47.595560875,1.853618073947295,15,Sunday
4513,2026-01-11 15:53:25.089205608,0.41576210881567216,15,Sunday
4510,2026-01-11 15:53:58.031104393,1.714449671500494,15,Sunday
4496,2026-01-11 15:54:32.103878837,5.813992962178942,15,Sunday
4503,2026-01-11 15:54:38.861749835,1.7066679463520842,15,Sunday
4511,2026-01-11 15:55:38.519074061,3.895574303121259,15,Sunday
4518,2026-01-11 15:55:40.563124453,9.364349148578787,15,Sunday
4490,2026-01-11 15:55:58.246396897,1.3866517973713761,15,Sunday
4478,2026-01-11 15:56:01.891664828,3.3915081555138507,15,Sunday
4497,2026-01-11 15:56:31.169208781,5.015830804157443,15,Sunday
4486,2026-01-11 15:56:44.266839896,1.4286581718142815,15,Sunday
4483,2026-01-11 15:57:35.700082711,1.83835509431483,15,Sunday
4531,2026-01-11 16:05:54.580710045,5.00756901928339,16,Sunday
4547,2026-01-11 16:05:59.754757395,10.454370974772704,16,Sunday
4537,2026-01-11 16:08:20.255658896,9.27119003064378,16,Sunday
4540,2026-01-11 16:09:53.042431995,32.255558507343856,16,Sunday
4556,2026-01-11 16:10:56.406660881,8.867148241111193,16,Sunday
4559,2026-01-11 16:12:28.888425839,1.6763335540719624,16,Sunday
4552,2026-01-11 16:12:34.779319602,0.8875789243228648,16,Sunday
4538,2026-01-11 16:15:08.689726715,7.172020619933814,16,Sunday
4542,2026-01-11 16:15:53.518528128,9.971948681102543,16,Sunday
4532,2026-01-11 16:15:54.443741204,18.65140925158879,16,Sunday
4560,2026-01-11 16:20:15.758789007,3.5176446070476066,16,Sunday
4543,2026-01-11 16:20:59.502099200,5.2662501380457645,16,Sunday
4541,2026-01-11 16:21:04.881364757,6.979753241174019,16,Sunday
4545,2026-01-11 16:22:04.249852114,0.5960745354498701,16,Sunday
4549,2026-01-11 16:22:11.599052333,0.4073633485522652,16,Sunday
4566,2026-01-11 16:23:11.377402310,1.0645644317969796,16,Sunday
4555,2026-01-11 16:25:43.410510305,3.6707072330965325,16,Sunday
4564,2026-01-11 16:26:28.323967966,4.353797900756705,16,Sunday
4533,2026-01-11 16:29:42.201404356,1.8596751697246958,16,Sunday
4535,2026-01-11 16:30:18.596561481,5.604310516800104,16,Sunday
4546,2026-01-11 16:33:18.947961388,2.1365435258632717,16,Sunday
4554,2026-01-11 16:36:58.407305785,5.804052481938317,16,Sunday
4550,2026-01-11 16:38:54.722972520,7.758650996139938,16,Sunday
4562,2026-01-11 16:41:44.439587575,8.188693812009186,16,Sunday
4544,2026-01-11 16:42:29.966576680,9.699619990943033,16,Sunday
4565,2026-01-11 16:42:59.314545511,7.588522502893139,16,Sunday
4551,2026-01-11 16:43:31.402565982,9.0238027604743,16,Sunday
4539,2026-01-11 16:43:54.393942135,0.30032778612962174,16,Sunday
4536,2026-01-11 16:44:52.925061629,3.8990434442309816,16,Sunday
4558,2026-01-11 16:45:18.245534873,1.078320190107424,16,Sunday
4563,2026-01-11 16:45:56.823453776,7.835550628596863,16,Sunday
4548,2026-01-11 16:48:18.063695644,1.1260735438220577,16,Sunday
4561,2026-01-11 16:48:34.827329117,3.7892903712779358,16,Sunday
4534,2026-01-11 16:50:47.524175244,3.089916472371617,16,Sunday
4553,2026-01-11 16:53:04.829945832,9.632606073253,16,Sunday
4557,2026-01-11 16:56:32.283376444,2.717168073631411,16,Sunday
4530,2026-01-11 16:56:36.341186155,1.1866112086381,16,Sunday
4571,2026-01-12 08:00:42.736848009,1.3420596916588172,8,Monday
4578,2026-01-12 08:15:57.506632754,0.11414145253519345,8,Monday
4570,2026-01-12 08:17:52.727260784,32.918655148917026,8,Monday
4572,2026-01-12 08:18:02.360306018,6.491048775905945,8,Monday
4574,2026-01-12 08:22:33.378151451,0.04070623543757781,8,Monday
4568,2026-01-12 08:24:34.012575458,3.9830365736736524,8,Monday
4575,2026-01-12 08:32:05.541920731,0.04647796450554546,8,Monday
4573,2026-01-12 08:34:41.070177065,2.374325633858146,8,Monday
4567,2026-01-12 08:41:43.148218647,3.100789278228816,8,Monday
4569,2026-01-12 08:52:34.730291695,14.890685589780464,8,Monday
4576,2026-01-12 08:52:35.753227806,3.0861742564112276,8,Monday
4577,2026-01-12 08:54:44.946195229,3.3504249746930177,8,Monday
4592,2026-01-12 09:04:15.138122357,17.629269811353943,9,Monday
4590,2026-01-12 09:06:37.419243299,3.2304242313670954,9,Monday
4587,2026-01-12 09:09:26.562653527,0.5517669930510644,9,Monday
4581,2026-01-12 09:10:01.683533529,1.7573573624040386,9,Monday
4608,2026-01-12 09:11:19.932672346,6.652267652550582,9,Monday
4585,2026-01-12 09:11:55.782709031,6.2804875454533695,9,Monday
4583,2026-01-12 09:13:56.184113245,1.3056943495023905,9,Monday
4594,2026-01-12 09:15:51.855472546,1.9518535099987544,9,Monday
4603,2026-01-12 09:17:07.459045090,10.250262349795578,9,Monday
4580,2026-01-12 09:18:03.308663395,1.7654972182726703,9,Monday
4600,2026-01-12 09:24:05.951252751,9.810411479797093,9,Monday
4582,2026-01-12 09:24:25.825458955,6.465263369677862,9,Monday
4605,2026-01-12 09:25:56.626896666,2.0905628507723812,9,Monday
4591,2026-01-12 09:28:04.088683334,0.2279691033528055,9,Monday
4586,2026-01-12 09:30:30.261515920,0.9387900005574791,9,Monday
4596,2026-01-12 09:31:02.859633783,2.975952976691583,9,Monday
4595,2026-01-12 09:31:39.448044619,1.91874257751498,9,Monday
4584,2026-01-12 09:32:05.283516909,0.00453122881381229,9,Monday
4598,2026-01-12 09:32:56.699601247,0.7913051338077268,9,Monday
4579,2026-01-12 09:33:35.615165529,1.7169815490711118,9,Monday
4599,2026-01-12 09:34:58.794526985,1.0470034289072014,9,Monday
4593,2026-01-12 09:35:53.456803951,6.295015422768836,9,Monday
4588,2026-01-12 09:40:15.508954148,1.3558695624338117,9,Monday
4609,2026-01-12 09:42:04.108072980,3.3375535118153428,9,Monday
4589,2026-01-12 09:45:14.175663989,2.3893768297338784,9,Monday
4602,2026-01-12 09:46:37.869273982,2.3917518163786635,9,Monday
4607,2026-01-12 09:49:22.397045856,0.09939754970308233,9,Monday
4606,2026-01-12 09:49:43.201716720,5.755313562273741,9,Monday
4604,2026-01-12 09:50:39.154508794,5.440555538889899,9,Monday
4597,2026-01-12 09:55:27.675646297,4.920771511170693,9,Monday
4601,2026-01-12 09:56:56.686571458,1.4802847124963385,9,Monday
4626,2026-01-12 10:00:20.272725892,4.713094823188021,10,Monday
4631,2026-01-12 10:02:36.229842882,11.073976123107839,10,Monday
4628,2026-01-12 10:05:59.014333872,5.5698202382578845,10,Monday
4619,2026-01-12 10:06:21.441280838,4.887802215661889,10,Monday
4620,2026-01-12 10:06:44.067859169,1.0475426775435532,10,Monday
4633,2026-01-12 10:10:45.046828651,22.493122326710786,10,Monday
4627,2026-01-12 10:11:10.740395466,13.99332471931886,10,Monday
4613,2026-01-12 10:12:25.150690800,1.699875601943317,10,Monday
4639,2026-01-12 10:12:53.046450437,2.709718520622479,10,Monday
4618,2026-01-12 10:16:47.774386890,5.99020969190546,10,Monday
4621,2026-01-12 10:17:28.403946881,3.169062713525666,10,Monday
4632,2026-01-12 10:20:54.520712864,0.4961325349672593,10,Monday
4629,2026-01-12 10:21:47.968112048,0.38843440210480246,10,Monday
4644,2026-01-12 10:22:40.686080308,4.4966272420203985,10,Monday
4637,2026-01-12 10:25:39.690436920,2.255968965249039,10,Monday
4635,2026-01-12 10:27:51.380529567,0.4075390059489796,10,Monday
4610,2026-01-12 10:27:54.127169030,3.115082303889479,10,Monday
4636,2026-01-12 10:29:43.143528962,13.546253640949427,10,Monday
4630,2026-01-12 10:30:04.863577081,3.0872770701173806,10,Monday
4640,2026-01-12 10:30:59.991335437,2.906733246272512,10,Monday
4642,2026-01-12 10:33:24.639887284,7.4466749440214635,10,Monday
4622,2026-01-12 10:36:51.061406344,6.370598072409043,10,Monday
4625,2026-01-12 10:37:25.512183729,1.9455365819662735,10,Monday
4634,2026-01-12 10:38:49.452598531,14.886456162549738,10,Monday
4611,2026-01-12 10:41:23.625611928,0.4634408351118956,10,Monday
4641,2026-01-12 10:44:09.662526115,5.028931746233817,10,Monday
4623,2026-01-12 10:48:15.553173949,3.769113761622597,10,Monday
4615,2026-01-12 10:48:54.648835091,3.9321413238087595,10,Monday
4617,2026-01-12 10:52:48.906383814,0.39452150282127446,10,Monday
4612,2026-01-12 10:53:02.391996736,4.695227227374382,10,Monday
4624,2026-01-12 10:53:57.301105133,2.5166776913053504,10,Monday
4614,2026-01-12 10:55:05.495370462,0.8736067951166357,10,Monday
4643,2026-01-12 10:55:44.475188580,0.17186599173596964,10,Monday
4638,2026-01-12 10:57:21.670957751,9.312277893732812,10,Monday
4616,2026-01-12 10:58:43.881654641,3.799750794284666,10,Monday
4650,2026-01-12 11:02:00.376748019,2.197348836977376,11,Monday
4681,2026-01-12 11:03:03.074287801,1.0564269219857707,11,Monday
4676,2026-01-12 11:03:04.803736765,20.28184608011841,11,Monday
4675,2026-01-12 11:03:41.420651251,0.5511476285991043,11,Monday
4664,2026-01-12 11:04:20.178152440,0.9373432633781191,11,Monday
4674,2026-01-12 11:06:08.620066055,11.686284147108319,11,Monday
4659,2026-01-12 11:06:24.911511767,2.1012355001549348,11,Monday
4648,2026-01-12 11:06:26.500026422,0.9962495945515503,11,Monday
4653,2026-01-12 11:06:56.430805133,0.683967749784581,11,Monday
4685,2026-01-12 11:08:40.254806065,6.766290967157413,11,Monday
4649,2026-01-12 11:08:44.263458691,2.609161611766898,11,Monday
4682,2026-01-12 11:13:16.043746400,2.9183808658174692,11,Monday
4683,2026-01-12 11:16:27.342660572,0.3709407770888367,11,Monday
4647,2026-01-12 11:20:02.891082754,8.15338198649619,11,Monday
4678,2026-01-12 11:20:14.055903009,5.822136448463167,11,Monday
4668,2026-01-12 11:20:24.989936042,8.40545189808433,11,Monday
4645,2026-01-12 11:20:52.687198158,0.7190124837082413,11,Monday
4667,2026-01-12 11:22:44.979110327,7.434688519068607,11,Monday
4677,2026-01-12 11:22:48.540511047,9.839422516115992,11,Monday
4673,2026-01-12 11:24:07.762974638,1.413610196251667,11,Monday
4646,2026-01-12 11:28:08.617224796,14.393204203483652,11,Monday
4651,2026-01-12 11:28:12.896707183,7.827202601716198,11,Monday
4671,2026-01-12 11:29:46.233333964,6.682336573490229,11,Monday
4660,2026-01-12 11:30:17.115564835,1.3847379525036005,11,Monday
4666,2026-01-12 11:32:02.499829384,5.302230265612754,11,Monday
4684,2026-01-12 11:32:51.403142914,2.4686743832412503,11,Monday
4662,2026-01-12 11:35:12.553602264,0.096795473181149,11,Monday
4669,2026-01-12 11:37:14.997477987,3.401245425468378,11,Monday
4656,2026-01-12 11:38:14.995690562,1.5253230365757715,11,Monday
4657,2026-01-12 11:38:42.999919164,2.3540087144343285,11,Monday
4665,2026-01-12 11:41:26.523742196,0.22448797185546512,11,Monday
4661,2026-01-12 11:41:49.528097738,2.5416605824039484,11,Monday
4679,2026-01-12 11:43:04.573285041,13.963948027781177,11,Monday
4655,2026-01-12 11:44:00.101453035,2.528261627103962,11,Monday
4680,2026-01-12 11:44:34.157405705,6.406270513521445,11,Monday
4672,2026-01-12 11:49:29.003390676,6.015084259542695,11,Monday
4658,2026-01-12 11:49:36.219534226,3.4433517188922576,11,Monday
4663,2026-01-12 11:49:58.004655683,7.4029778646372,11,Monday
4670,2026-01-12 11:53:27.583348719,1.1493819849985103,11,Monday
4654,2026-01-12 11:56:46.552174811,6.716022313793744,11,Monday
4652,2026-01-12 11:57:16.011701470,3.568922528674317,11,Monday
4697,2026-01-12 12:01:06.688476285,8.278313793045015,12,Monday
4699,2026-01-12 12:01:17.857172862,1.2103881772375629,12,Monday
4741,2026-01-12 12:01:26.311610555,5.76045872365548,12,Monday
4723,2026-01-12 12:02:21.310991055,16.933222674632965,12,Monday
4726,2026-01-12 12:02:51.063925945,1.0299884007613223,12,Monday
4688,2026-01-12 12:02:51.299493166,17.088647456347466,12,Monday
4737,2026-01-12 12:04:07.503427519,5.078099851243767,12,Monday
4692,2026-01-12 12:06:20.608417552,2.7835217071274787,12,Monday
4703,2026-01-12 12:07:55.782399090,0.9473901945859451,12,Monday
4690,2026-01-12 12:09:29.666670534,2.4990396993915516,12,Monday
4733,2026-01-12 12:09:35.687682086,4.639447611455948,12,Monday
4711,2026-01-12 12:09:42.824196188,1.2836930240998705,12,Monday
4717,2026-01-12 12:11:44.054329565,6.337406894836772,12,Monday
4695,2026-01-12 12:11:56.100529454,6.803182502492232,12,Monday
4709,2026-01-12 12:12:02.218936048,9.81863380063279,12,Monday
4727,2026-01-12 12:13:09.463017017,0.671436365891786,12,Monday
4713,2026-01-12 12:13:29.592408811,3.454259321517398,12,Monday
4712,2026-01-12 12:14:57.463260016,3.276502983183879,12,Monday
4721,2026-01-12 12:15:18.013149003,6.657807391335185,12,Monday
4722,2026-01-12 12:15:45.180828072,0.7440984854536336,12,Monday
4746,2026-01-12 12:17:07.890258175,0.18351379231351433,12,Monday
4694,2026-01-12 12:17:10.251134872,1.312942267871794,12,Monday
4710,2026-01-12 12:17:14.389199619,1.490380960719189,12,Monday
4747,2026-01-12 12:17:52.953082048,13.49885717582647,12,Monday
4724,2026-01-12 12:18:19.599215574,8.602739822345336,12,Monday
4742,2026-01-12 12:18:46.891276925,1.5419397229723182,12,Monday
4702,2026-01-12 12:19:17.984897021,2.1240595885104168,12,Monday
4739,2026-01-12 12:19:44.111201558,0.16766470336012135,12,Monday
4704,2026-01-12 12:22:34.995135844,0.0131781289592452,12,Monday
4689,2026-01-12 12:23:07.693564919,2.887101342836807,12,Monday
4732,2026-01-12 12:23:16.627807157,6.857125184458923,12,Monday
4734,2026-01-12 12:23:53.338176682,5.797652560254037,12,Monday
4698,2026-01-12 12:26:15.998178802,7.587319412167992,12,Monday
4745,2026-01-12 12:27:02.096974138,1.8321423703721766,12,Monday
4730,2026-01-12 12:27:19.146276222,3.171130698732136,12,Monday
4700,2026-01-12 12:29:00.934973175,6.287492954138187,12,Monday
4701,2026-01-12 12:30:03.770560059,8.04854994600242,12,Monday
4738,2026-01-12 12:30:26.618737841,0.046944457554210124,12,Monday
4740,2026-01-12 12:30:29.922099396,9.548932081517485,12,Monday
4714,2026-01-12 12:31:10.015631008,1.210900693974088,12,Monday
4707,2026-01-12 12:31:50.702168597,4.047391983618115,12,Monday
4744,2026-01-12 12:33:14.190241876,7.862075688433617,12,Monday
4720,2026-01-12 12:33:36.869269618,6.260338947928953,12,Monday
4715,2026-01-12 12:33:45.679520846,1.5863146982017273,12,Monday
4735,2026-01-12 12:34:47.884152731,0.09263140519719607,12,Monday
4708,2026-01-12 12:35:23.403819983,1.041527733687269,12,Monday
4686,2026-01-12 12:35:43.280601037,2.4152533331571666,12,Monday
4718,2026-01-12 12:38:30.032556581,7.350315687037998,12,Monday
4693,2026-01-12 12:39:53.307930888,4.015013052748974,12,Monday
4705,2026-01-12 12:40:20.146583757,2.9974067879675195,12,Monday
4691,2026-01-12 12:41:43.275302634,9.371927768885447,12,Monday
4731,2026-01-12 12:41:53.067618523,7.63777310007118,12,Monday
4728,2026-01-12 12:42:22.436994714,0.7446963623142673,12,Monday
4725,2026-01-12 12:44:40.573244412,1.1438182048445178,12,Monday
4706,2026-01-12 12:46:56.624911120,2.172663006446418,12,Monday
4729,2026-01-12 12:46:57.545626162,6.894842286584781,12,Monday
4719,2026-01-12 12:49:02.133368355,3.102537476897011,12,Monday
4743,2026-01-12 12:49:11.525331097,5.823164980405658,12,Monday
4687,2026-01-12 12:52:19.936304396,9.026373244983203,12,Monday
4696,2026-01-12 12:56:10.869208169,3.79631011208071,12,Monday
4716,2026-01-12 12:56:41.810714957,0.9298725384429419,12,Monday
4736,2026-01-12 12:56:52.991814670,1.8682165273965856,12,Monday
4788,2026-01-12 13:00:53.860313722,9.453520165416688,13,Monday
4785,2026-01-12 13:01:12.042205063,4.111035524627703,13,Monday
4782,2026-01-12 13:05:21.143611741,9.939922213708055,13,Monday
4806,2026-01-12 13:06:47.180723406,6.376707738882974,13,Monday
4798,2026-01-12 13:07:51.032500855,1.6847821307252178,13,Monday
4757,2026-01-12 13:08:48.827647960,5.4126904617773715,13,Monday
4768,2026-01-12 13:10:32.255276044,9.794494378793829,13,Monday
4765,2026-01-12 13:10:49.525759492,1.4048797665287125,13,Monday
4754,2026-01-12 13:11:50.653441429,3.2284950889209494,13,Monday
4797,2026-01-12 13:12:00.032116005,0.9593387937297861,13,Monday
4783,2026-01-12 13:12:40.168934754,3.282945350218805,13,Monday
4761,2026-01-12 13:12:52.403476788,27.036699106110518,13,Monday
4750,2026-01-12 13:13:17.930332623,5.674054149890397,13,Monday
4752,2026-01-12 13:14:33.773952474,3.4059663716540727,13,Monday
4808,2026-01-12 13:15:06.672104444,2.7484947130503983,13,Monday
4786,2026-01-12 13:15:10.277923545,2.0178886328475074,13,Monday
4789,2026-01-12 13:15:52.366630413,3.6865352917554306,13,Monday
4751,2026-01-12 13:16:10.164180480,1.1057907501015414,13,Monday
4767,2026-01-12 13:20:19.684211737,8.330448080392095,13,Monday
4815,2026-01-12 13:21:10.817103498,8.145262859735617,13,Monday
4814,2026-01-12 13:21:51.875517583,11.095020101822522,13,Monday
4776,2026-01-12 13:21:54.879125815,4.471366771896142,13,Monday
4777,2026-01-12 13:23:34.028326783,3.5036134492957545,13,Monday
4774,2026-01-12 13:23:56.793478406,9.418442736337692,13,Monday
4794,2026-01-12 13:24:53.048889107,2.7915384649086783,13,Monday
4769,2026-01-12 13:25:16.956988369,23.89418789012491,13,Monday
4813,2026-01-12 13:27:37.390232430,5.594965044295441,13,Monday
4771,2026-01-12 13:27:53.459293334,6.1935690917277695,13,Monday
4748,2026-01-12 13:29:30.684737015,5.058129263454393,13,Monday
4784,2026-01-12 13:30:07.673907310,0.4089100207155998,13,Monday
4790,2026-01-12 13:30:50.510950113,13.535983755401539,13,Monday
4787,2026-01-12 13:31:02.644643369,0.8417488045339155,13,Monday
4805,2026-01-12 13:32:00.923028397,2.3280289312351723,13,Monday
4772,2026-01-12 13:32:15.083160730,0.6130977667042807,13,Monday
4780,2026-01-12 13:32:32.492221772,0.28674494735201683,13,Monday
4800,2026-01-12 13:33:35.579396077,1.528304428728292,13,Monday
4791,2026-01-12 13:34:23.337292732,8.199910994057335,13,Monday
4755,2026-01-12 13:34:31.872781078,3.846074525254472,13,Monday
4812,2026-01-12 13:35:45.708579419,0.2823485600692648,13,Monday
4775,2026-01-12 13:36:55.442716953,2.2916248239836765,13,Monday
4803,2026-01-12 13:37:30.761521887,0.46567511103148357,13,Monday
4762,2026-01-12 13:38:02.598201639,0.6326516636929013,13,Monday
4793,2026-01-12 13:38:43.244243702,0.02519086837481973,13,Monday
4799,2026-01-12 13:40:32.921888673,3.6370036371122785,13,Monday
4778,2026-01-12 13:41:44.306712403,5.191607287290797,13,Monday
4811,2026-01-12 13:41:48.463850271,13.755806523807674,13,Monday
4802,2026-01-12 13:44:19.698180283,4.570207879398742,13,Monday
4763,2026-01-12 13:45:39.209302660,0.07531424171368568,13,Monday
4766,2026-01-12 13:45:57.693238269,6.541107237025824,13,Monday
4781,2026-01-12 13:46:06.239744215,4.266128011447328,13,Monday
4749,2026-01-12 13:46:06.484064390,6.95699919837484,13,Monday
4809,2026-01-12 13:46:38.287733318,4.170692379982791,13,Monday
4796,2026-01-12 13:47:05.578740196,12.084254104678607,13,Monday
4801,2026-01-12 13:47:22.825009653,1.1777552680346046,13,Monday
4770,2026-01-12 13:47:37.809283735,1.7409814479318446,13,Monday
4807,2026-01-12 13:49:41.784833337,4.046234200029128,13,Monday
4760,2026-01-12 13:53:04.459153409,0.8870705023794605,13,Monday
4756,2026-01-12 13:55:30.952709965,7.373137743945773,13,Monday
4792,2026-01-12 13:55:32.706094999,5.904078293283154,13,Monday
4795,2026-01-12 13:55:49.264237679,1.1000316480473709,13,Monday
4779,2026-01-12 13:56:16.393113941,18.040072694302992,13,Monday
4759,2026-01-12 13:56:50.918043824,11.288666283344813,13,Monday
4810,2026-01-12 13:57:25.585545600,2.2742076621170173,13,Monday
4758,2026-01-12 13:58:15.075112323,2.6326152721218268,13,Monday
4764,2026-01-12 13:59:09.700541507,11.03723378289542,13,Monday
4804,2026-01-12 13:59:10.975817864,0.2996405403971843,13,Monday
4753,2026-01-12 13:59:30.022990194,7.842441362697825,13,Monday
4773,2026-01-12 13:59:42.573876720,2.6111966597551173,13,Monday
4833,2026-01-12 14:00:00.867148264,1.3330494615149402,14,Monday
4859,2026-01-12 14:00:11.237944883,4.084849281544591,14,Monday
4826,2026-01-12 14:01:23.198406484,2.448016338932204,14,Monday
4844,2026-01-12 14:01:46.351087001,0.3447572103528152,14,Monday
4835,2026-01-12 14:01:49.524742754,4.227876109968583,14,Monday
4825,2026-01-12 14:02:29.745442523,5.584598427849748,14,Monday
4867,2026-01-12 14:03:14.033845417,8.5390586394094,14,Monday
4817,2026-01-12 14:05:03.374013050,5.413765276347773,14,Monday
4851,2026-01-12 14:05:30.661214025,8.864999958516936,14,Monday
4838,2026-01-12 14:05:49.027644956,3.384308879028172,14,Monday
4821,2026-01-12 14:06:00.868932963,1.572157055534071,14,Monday
4857,2026-01-12 14:06:10.950096351,12.029939898739402,14,Monday
4861,2026-01-12 14:06:30.986648447,1.7363796638065812,14,Monday
4842,2026-01-12 14:07:21.068913133,6.923992445453134,14,Monday
4828,2026-01-12 14:08:55.637821856,0.9088117867280439,14,Monday
4834,2026-01-12 14:10:06.652716453,4.434706430724685,14,Monday
4843,2026-01-12 14:12:43.300261808,0.7302537408671039,14,Monday
4858,2026-01-12 14:13:38.813714633,10.216530342089275,14,Monday
4846,2026-01-12 14:16:40.198438432,15.731818799948572,14,Monday
4860,2026-01-12 14:18:12.636449561,1.9637236466686523,14,Monday
4836,2026-01-12 14:19:41.329849854,3.3108226721300986,14,Monday
4827,2026-01-12 14:22:22.825559562,1.4471358855888488,14,Monday
4831,2026-01-12 14:23:29.327029202,7.067401053505767,14,Monday
4845,2026-01-12 14:26:02.166898672,18.665136160770604,14,Monday
4852,2026-01-12 14:26:42.067261411,15.040216191592963,14,Monday
4840,2026-01-12 14:27:05.385380829,6.2852147788089,14,Monday
4862,2026-01-12 14:28:22.056043085,0.16994568120234613,14,Monday
4850,2026-01-12 14:31:54.878508772,3.3212915292168503,14,Monday
4829,2026-01-12 14:33:30.184119252,2.1498709816078816,14,Monday
4848,2026-01-12 14:36:17.786927511,2.928225771143809,14,Monday
4839,2026-01-12 14:36:23.075196277,4.167294580070368,14,Monday
4849,2026-01-12 14:36:50.726656712,1.0304793263168646,14,Monday
4863,2026-01-12 14:40:37.658958866,8.459231796584481,14,Monday
4823,2026-01-12 14:40:47.345250791,2.9004180736140563,14,Monday
4816,2026-01-12 14:43:01.372579345,0.06127308727113244,14,Monday
4822,2026-01-12 14:43:03.937961338,3.5814281719959036,14,Monday
4819,2026-01-12 14:43:08.065000577,1.461805115817974,14,Monday
4820,2026-01-12 14:43:46.583937247,2.0090122767902012,14,Monday
4865,2026-01-12 14:44:57.181794327,1.9661976923320512,14,Monday
4818,2026-01-12 14:48:42.702119397,1.7078931318856267,14,Monday
4856,2026-01-12 14:49:23.614893287,1.869841697320203,14,Monday
4824,2026-01-12 14:49:51.320966958,3.5915921900231824,14,Monday
4854,2026-01-12 14:50:06.825447045,2.184048799361963,14,Monday
4832,2026-01-12 14:50:41.821358181,5.496643526429264,14,Monday
4847,2026-01-12 14:52:11.661362005,0.3116996055041094,14,Monday
4864,2026-01-12 14:52:28.219062137,2.9926699728970334,14,Monday
4855,2026-01-12 14:53:36.452595001,4.623196996639145,14,Monday
4837,2026-01-12 14:54:29.482544507,3.9923050019164648,14,Monday
4830,2026-01-12 14:55:02.456045424,6.770229396484067,14,Monday
4841,2026-01-12 14:56:18.485564516,0.5805807219786464,14,Monday
4866,2026-01-12 14:56:18.908144802,3.1848773973390854,14,Monday
4853,2026-01-12 14:59:58.218682950,5.029062469656442,14,Monday
4898,2026-01-12 15:00:19.220911090,13.771210548425588,15,Monday
4884,2026-01-12 15:00:25.047314291,2.967630373235937,15,Monday
4891,2026-01-12 15:00:29.603273000,1.3065732776053915,15,Monday
4883,2026-01-12 15:00:50.686787818,3.242109834599156,15,Monday
4889,2026-01-12 15:01:42.672089419,0.19239099265817272,15,Monday
4874,2026-01-12 15:01:55.594489735,1.320699633315606,15,Monday
4907,2026-01-12 15:05:59.031500437,19.197224599294543,15,Monday
4886,2026-01-12 15:06:02.905909700,3.7408572083007496,15,Monday
4893,2026-01-12 15:09:07.732392910,5.304125953072564,15,Monday
4870,2026-01-12 15:10:34.154085010,1.2737955229836728,15,Monday
4888,2026-01-12 15:10:37.355860302,1.4930961124881805,15,Monday
4885,2026-01-12 15:14:24.455833625,7.462515499728831,15,Monday
4887,2026-01-12 15:15:36.760924568,1.904231676769794,15,Monday
4905,2026-01-12 15:17:29.460941344,2.9183627216494115,15,Monday
4881,2026-01-12 15:19:57.563759355,2.6368729712502597,15,Monday
4869,2026-01-12 15:19:58.483546433,0.7585958620262025,15,Monday
4903,2026-01-12 15:20:41.232943156,1.6019641993209075,15,Monday
4868,2026-01-12 15:22:25.106946480,12.752388847856498,15,Monday
4872,2026-01-12 15:28:35.846977831,7.221588101605377,15,Monday
4882,2026-01-12 15:30:11.553900305,3.721508572807055,15,Monday
4906,2026-01-12 15:33:45.761556031,0.2925997229306184,15,Monday
4871,2026-01-12 15:36:26.160012365,4.083744840772428,15,Monday
4875,2026-01-12 15:38:37.924539198,0.004717437359254797,15,Monday
4896,2026-01-12 15:39:14.044126929,3.5016334215322464,15,Monday
4902,2026-01-12 15:39:33.280333383,20.356536337076633,15,Monday
4897,2026-01-12 15:40:20.042939282,11.224157305174632,15,Monday
4879,2026-01-12 15:43:44.521474186,3.082844194299299,15,Monday
4892,2026-01-12 15:44:09.895719613,0.8016297498649482,15,Monday
4877,2026-01-12 15:45:34.151649077,21.068116073774277,15,Monday
4876,2026-01-12 15:45:46.615962641,7.0765684988237,15,Monday
4873,2026-01-12 15:51:56.523572366,4.829391960208938,15,Monday
4900,2026-01-12 15:52:40.197372872,5.047426134206695,15,Monday
4878,2026-01-12 15:53:09.866281543,8.301370248934806,15,Monday
4895,2026-01-12 15:53:34.065382523,6.974756467472872,15,Monday
4904,2026-01-12 15:53:37.135136725,1.132351155352499,15,Monday
4901,2026-01-12 15:53:42.382412628,1.8100238512494002,15,Monday
4890,2026-01-12 15:54:33.494927061,4.375685904220726,15,Monday
4894,2026-01-12 15:54:44.026639198,5.716101860392699,15,Monday
4880,2026-01-12 15:55:40.116221931,11.704928305544698,15,Monday
4899,2026-01-12 15:59:05.537638008,8.234944536320706,15,Monday
4910,2026-01-12 16:01:55.428661540,0.9418630967801651,16,Monday
4937,2026-01-12 16:02:08.694220077,12.926253368371476,16,Monday
4917,2026-01-12 16:09:41.101155675,11.066770218216533,16,Monday
4935,2026-01-12 16:10:03.437629826,0.1618761502882596,16,Monday
4925,2026-01-12 16:10:05.307909221,25.18096595888973,16,Monday
4916,2026-01-12 16:13:16.595727838,1.434250679674038,16,Monday
4931,2026-01-12 16:13:21.373091548,0.6347856969866164,16,Monday
4915,2026-01-12 16:13:37.204677618,0.10362094755511543,16,Monday
4924,2026-01-12 16:14:28.344388660,5.725894887477247,16,Monday
4932,2026-01-12 16:15:40.320616586,5.236152293674042,16,Monday
4936,2026-01-12 16:15:46.370527161,3.1678201760831186,16,Monday
4934,2026-01-12 16:19:10.625251829,4.030790666780094,16,Monday
4929,2026-01-12 16:20:15.921553676,0.2012563751970428,16,Monday
4918,2026-01-12 16:22:19.181135240,6.338670460111696,16,Monday
4921,2026-01-12 16:22:58.167148668,3.396567755226492,16,Monday
4913,2026-01-12 16:25:00.296618246,0.49474094658528733,16,Monday
4909,2026-01-12 16:29:49.285131997,0.494921470743911,16,Monday
4933,2026-01-12 16:30:42.847636570,4.186971341899949,16,Monday
4922,2026-01-12 16:35:20.827449528,9.379501195485243,16,Monday
4911,2026-01-12 16:36:44.320639825,0.5409032096846931,16,Monday
4927,2026-01-12 16:37:03.206327554,4.890106990460945,16,Monday
4908,2026-01-12 16:39:20.866607638,3.387517488538702,16,Monday
4930,2026-01-12 16:42:10.914119906,0.0728818118715084,16,Monday
4938,2026-01-12 16:42:15.925037318,2.5341005271362893,16,Monday
4912,2026-01-12 16:42:58.225957043,4.741394820513806,16,Monday
4923,2026-01-12 16:43:14.938739309,4.590709401593361,16,Monday
4914,2026-01-12 16:45:26.264059456,7.0178604871072086,16,Monday
4920,2026-01-12 16:49:40.483423736,8.605371078723687,16,Monday
4919,2026-01-12 16:50:49.243327400,0.37883776593017926,16,Monday
4926,2026-01-12 16:58:19.545575564,1.3220127503106829,16,Monday
4928,2026-01-12 16:58:53.096598601,3.0839074168941307,16,Monday
4946,2026-01-13 08:03:11.234247116,0.33515729649647674,8,Tuesday
4958,2026-01-13 08:07:32.205732673,10.385301269056788,8,Tuesday
4949,2026-01-13 08:13:44.819810081,4.926110213491064,8,Tuesday
4950,2026-01-13 08:13:54.444999419,6.5022963389905355,8,Tuesday
4944,2026-01-13 08:14:24.817799023,1.3881228547753555,8,Tuesday
4945,2026-01-13 08:16:48.779065166,1.0187353571061528,8,Tuesday
4960,2026-01-13 08:20:40.422868756,0.7322648839032536,8,Tuesday
4942,2026-01-13 08:23:28.961136109,0.7536434082277698,8,Tuesday
4956,2026-01-13 08:23:29.999554363,3.4139485733030734,8,Tuesday
4948,2026-01-13 08:25:01.398850437,2.7882055020689345,8,Tuesday
4959,2026-01-13 08:25:06.408442978,0.9350248021773298,8,Tuesday
4955,2026-01-13 08:28:27.572053981,5.108934018736221,8,Tuesday
4940,2026-01-13 08:31:09.408296622,3.059051549185523,8,Tuesday
4953,2026-01-13 08:33:12.711187285,2.4542860392352486,8,Tuesday
4954,2026-01-13 08:36:57.998881496,2.3577033265287604,8,Tuesday
4939,2026-01-13 08:47:02.131004910,3.4472772195772183,8,Tuesday
4947,2026-01-13 08:47:44.094611552,7.19115107280868,8,Tuesday
4952,2026-01-13 08:50:02.099761659,3.179117359978833,8,Tuesday
4941,2026-01-13 08:51:28.627003448,3.6582918565901634,8,Tuesday
4943,2026-01-13 08:53:19.295573225,3.5989087782084606,8,Tuesday
4951,2026-01-13 08:54:05.039788425,5.686505695318766,8,Tuesday
4957,2026-01-13 08:54:55.716772385,9.456758202051263,8,Tuesday
4961,2026-01-13 09:01:06.854587554,16.766555688087095,9,Tuesday
4977,2026-01-13 09:01:42.446610638,8.901624131180041,9,Tuesday
4988,2026-01-13 09:05:28.481428695,0.1005109278708012,9,Tuesday
4981,2026-01-13 09:07:07.160531506,3.2268020898257435,9,Tuesday
4973,2026-01-13 09:09:34.667759709,8.036666745459737,9,Tuesday
4976,2026-01-13 09:10:01.905076370,2.0223753907254265,9,Tuesday
4970,2026-01-13 09:10:19.559469539,2.006873500998351,9,Tuesday
4967,2026-01-13 09:12:05.261384855,1.076738422427535,9,Tuesday
4974,2026-01-13 09:12:18.658200222,4.344886388502519,9,Tuesday
4963,2026-01-13 09:13:36.842762077,0.09314431924987711,9,Tuesday
4968,2026-01-13 09:14:03.099932220,1.5173832231660658,9,Tuesday
4971,2026-01-13 09:18:19.554093658,9.848865111197858,9,Tuesday
4986,2026-01-13 09:18:54.203387787,7.739970189305403,9,Tuesday
4972,2026-01-13 09:19:17.264920612,3.209990943435352,9,Tuesday
4980,2026-01-13 09:19:52.369732643,1.204037682167076,9,Tuesday
4969,2026-01-13 09:31:16.563913766,3.5932575965441482,9,Tuesday
4987,2026-01-13 09:32:30.768623794,20.727650201546478,9,Tuesday
4982,2026-01-13 09:34:13.394371323,1.914912797912556,9,Tuesday
4985,2026-01-13 09:37:21.057126285,0.8722080592699971,9,Tuesday
4978,2026-01-13 09:37:45.677793464,1.6049694423546281,9,Tuesday
4989,2026-01-13 09:40:44.203527410,6.003680474663965,9,Tuesday
4965,2026-01-13 09:43:02.764023161,6.134339616993051,9,Tuesday
4990,2026-01-13 09:43:30.345668031,1.4578601798370225,9,Tuesday
4966,2026-01-13 09:45:45.552563681,7.81294997276007,9,Tuesday
4984,2026-01-13 09:47:02.622407382,17.053969106958554,9,Tuesday
4975,2026-01-13 09:47:18.786631229,7.416012200002639,9,Tuesday
4962,2026-01-13 09:53:19.113609706,1.5082110414087613,9,Tuesday
4983,2026-01-13 09:54:22.875159944,1.5510253112381749,9,Tuesday
4964,2026-01-13 09:55:45.410346068,3.943980197246444,9,Tuesday
4979,2026-01-13 09:58:33.539229812,3.94937871700656,9,Tuesday
5026,2026-01-13 10:00:25.991809213,2.6982583907518793,10,Tuesday
5000,2026-01-13 10:02:31.101814476,1.6512781418334013,10,Tuesday
5033,2026-01-13 10:02:43.751549300,11.77350561786431,10,Tuesday
4994,2026-01-13 10:05:02.406172274,6.440485633599202,10,Tuesday
5008,2026-01-13 10:05:19.078709098,1.058604515884479,10,Tuesday
5022,2026-01-13 10:05:55.166556238,5.9207219389238555,10,Tuesday
5020,2026-01-13 10:06:29.244068917,4.3370502463309535,10,Tuesday
5019,2026-01-13 10:06:32.399963506,6.225075181614857,10,Tuesday
5024,2026-01-13 10:08:37.289786142,7.717487480532022,10,Tuesday
5003,2026-01-13 10:18:36.529995926,6.17683598483115,10,Tuesday
5027,2026-01-13 10:18:59.746854285,2.1575328302268075,10,Tuesday
5032,2026-01-13 10:21:32.654804555,6.100440405560138,10,Tuesday
5013,2026-01-13 10:21:37.666904937,1.1140197956060596,10,Tuesday
5016,2026-01-13 10:22:29.031681128,1.3245841696692202,10,Tuesday
5005,2026-01-13 10:23:03.099065733,3.249261171911968,10,Tuesday
5002,2026-01-13 10:23:52.631002324,0.27515742093429507,10,Tuesday
5015,2026-01-13 10:24:34.266529003,2.6727561986751076,10,Tuesday
5021,2026-01-13 10:25:40.330253470,0.4660793509172756,10,Tuesday
5014,2026-01-13 10:25:49.518869116,1.3874087413926044,10,Tuesday
5006,2026-01-13 10:25:56.402039563,1.2647565707413237,10,Tuesday
5004,2026-01-13 10:27:04.812210554,3.7976223836378047,10,Tuesday
5001,2026-01-13 10:28:15.898262536,15.334619025671731,10,Tuesday
5010,2026-01-13 10:28:48.852168495,1.46009306192137,10,Tuesday
5029,2026-01-13 10:29:02.540184820,0.6764902395693722,10,Tuesday
4992,2026-01-13 10:30:05.027322943,30.865254460672354,10,Tuesday
5025,2026-01-13 10:31:20.543750280,1.4387887666452193,10,Tuesday
4991,2026-01-13 10:35:16.388490947,0.6845422475939165,10,Tuesday
5023,2026-01-13 10:37:08.735142976,0.9100937190977965,10,Tuesday
5011,2026-01-13 10:37:25.472083798,15.57498726061122,10,Tuesday
4997,2026-01-13 10:40:08.688060704,11.94390517690789,10,Tuesday
5028,2026-01-13 10:40:37.886605221,9.788382523174418,10,Tuesday
4996,2026-01-13 10:40:48.394914359,1.3438901871816757,10,Tuesday
4995,2026-01-13 10:40:53.493707591,11.931729322058871,10,Tuesday
5036,2026-01-13 10:49:14.258616308,13.115524793687198,10,Tuesday
4999,2026-01-13 10:49:23.115104424,18.735344972357986,10,Tuesday
5018,2026-01-13 10:49:44.147608294,10.296842725606695,10,Tuesday
5012,2026-01-13 10:49:48.658679823,0.14524530915993475,10,Tuesday
5034,2026-01-13 10:50:44.254680414,2.851176854491016,10,Tuesday
4993,2026-01-13 10:52:24.182991735,1.4959685326457726,10,Tuesday
5031,2026-01-13 10:52:26.773665838,0.7661149397501756,10,Tuesday
5035,2026-01-13 10:54:40.443517132,3.3480543300493975,10,Tuesday
5009,2026-01-13 10:55:20.031131419,4.024214115067237,10,Tuesday
5017,2026-01-13 10:55:31.905557928,3.379966666114816,10,Tuesday
4998,2026-01-13 10:56:32.404181766,1.851563145005537,10,Tuesday
5030,2026-01-13 10:58:41.770149596,4.169464180536521,10,Tuesday
5007,2026-01-13 10:58:45.342716191,6.114007955993685,10,Tuesday
5051,2026-01-13 11:00:07.707309643,1.3545686131043913,11,Tuesday
5081,2026-01-13 11:03:04.342857085,9.58606821966311,11,Tuesday
5042,2026-01-13 11:04:20.454635630,1.0887052036119518,11,Tuesday
5045,2026-01-13 11:06:01.322982342,1.5685591258306821,11,Tuesday
5039,2026-01-13 11:06:24.780150313,0.9424372916436753,11,Tuesday
5073,2026-01-13 11:07:49.640291585,11.923891412179515,11,Tuesday
5063,2026-01-13 11:10:42.233706942,7.592158063208459,11,Tuesday
5072,2026-01-13 11:11:38.949707826,3.192701884239309,11,Tuesday
5069,2026-01-13 11:15:15.184184640,0.8287998899385971,11,Tuesday
5057,2026-01-13 11:21:54.091094539,2.708693407402103,11,Tuesday
5054,2026-01-13 11:21:58.510821594,8.734067593786786,11,Tuesday
5044,2026-01-13 11:22:37.019898070,0.8309426581925973,11,Tuesday
5052,2026-01-13 11:22:48.868199088,1.7030681204297617,11,Tuesday
5041,2026-01-13 11:26:07.818098831,0.8649423806794607,11,Tuesday
5060,2026-01-13 11:27:53.223141375,2.9730889590331855,11,Tuesday
5062,2026-01-13 11:29:36.601310661,1.9828490451212508,11,Tuesday
5059,2026-01-13 11:30:11.622043390,1.0376509335920945,11,Tuesday
5083,2026-01-13 11:30:19.195320009,1.5507032247508568,11,Tuesday
5064,2026-01-13 11:30:47.049922308,9.176976520645548,11,Tuesday
5078,2026-01-13 11:32:30.072566521,2.111236062462148,11,Tuesday
5080,2026-01-13 11:32:43.306267681,7.126461640823934,11,Tuesday
5037,2026-01-13 11:34:41.984769735,3.492203884509062,11,Tuesday
5055,2026-01-13 11:36:05.574622966,5.98328205698632,11,Tuesday
5056,2026-01-13 11:36:22.741010548,0.42905987285964986,11,Tuesday
5046,2026-01-13 11:38:01.604542355,4.465186720387048,11,Tuesday
5079,2026-01-13 11:38:47.046251996,5.916625525566022,11,Tuesday
5084,2026-01-13 11:38:51.752669244,6.295551293521198,11,Tuesday
5038,2026-01-13 11:41:21.227050906,3.3845124380461318,11,Tuesday
5068,2026-01-13 11:42:28.885622392,9.09244054823221,11,Tuesday
5082,2026-01-13 11:44:43.811107269,18.033107648062266,11,Tuesday
5066,2026-01-13 11:46:36.697176833,9.121118514570881,11,Tuesday
5043,2026-01-13 11:47:10.257609113,18.05540500746885,11,Tuesday
5067,2026-01-13 11:47:18.894354390,0.5467119758241085,11,Tuesday
5065,2026-01-13 11:48:50.460247871,1.9549233090519849,11,Tuesday
5053,2026-01-13 11:49:06.753287659,13.902125973460908,11,Tuesday
5040,2026-01-13 11:49:15.997899869,1.6335957706437354,11,Tuesday
5070,2026-01-13 11:51:43.502709024,0.43284184389616503,11,Tuesday
5050,2026-01-13 11:52:03.739655160,7.690306339930125,11,Tuesday
5075,2026-01-13 11:52:05.966269141,1.6924371729101488,11,Tuesday
5047,2026-01-13 11:52:48.472872361,4.71033266253665,11,Tuesday
5077,2026-01-13 11:53:10.954984647,3.043535568997004,11,Tuesday
5048,2026-01-13 11:53:15.912633890,0.8360267017221855,11,Tuesday
5076,2026-01-13 11:53:35.650129955,3.4730903704101355,11,Tuesday
5071,2026-01-13 11:53:36.396475354,5.132975636970135,11,Tuesday
5058,2026-01-13 11:54:16.106138212,4.0969757755257925,11,Tuesday
5049,2026-01-13 11:57:27.588509312,7.892541653255045,11,Tuesday
5074,2026-01-13 11:58:32.177886920,2.2564133932907344,11,Tuesday
5061,2026-01-13 11:59:51.049484382,4.594293600284422,11,Tuesday
5128,2026-01-13 12:00:32.420391352,4.377978515001458,12,Tuesday
5123,2026-01-13 12:00:35.855068335,1.758448177921645,12,Tuesday
5095,2026-01-13 12:01:12.850437503,3.819886105279653,12,Tuesday
5138,2026-01-13 12:01:34.850395898,1.3135565200496246,12,Tuesday
5136,2026-01-13 12:02:06.233816467,15.880419527523388,12,Tuesday
5137,2026-01-13 12:02:14.113970211,0.4771158687933498,12,Tuesday
5121,2026-01-13 12:02:58.010772045,15.2957857281726,12,Tuesday
5114,2026-01-13 12:03:00.067755247,3.260417042827388,12,Tuesday
5110,2026-01-13 12:07:55.961482153,2.7916880187915587,12,Tuesday
5130,2026-01-13 12:08:15.821885461,3.565626587982516,12,Tuesday
5101,2026-01-13 12:09:42.166001988,4.367998470024549,12,Tuesday
5132,2026-01-13 12:09:59.564118937,9.769909938703279,12,Tuesday
5129,2026-01-13 12:14:07.697101239,6.931211499974977,12,Tuesday
5120,2026-01-13 12:14:41.242268505,2.6336804827150835,12,Tuesday
5127,2026-01-13 12:14:47.320474476,4.286800135288175,12,Tuesday
5117,2026-01-13 12:15:05.446942835,6.6961593044743335,12,Tuesday
5093,2026-01-13 12:15:06.438432048,6.7314538481734,12,Tuesday
5146,2026-01-13 12:16:24.610316986,9.33519176502758,12,Tuesday
5113,2026-01-13 12:17:40.736051025,4.135154543908931,12,Tuesday
5135,2026-01-13 12:17:52.950114048,0.6270231430653018,12,Tuesday
5140,2026-01-13 12:19:04.834937331,6.105817720722168,12,Tuesday
5126,2026-01-13 12:19:18.647886724,2.569975773432265,12,Tuesday
5116,2026-01-13 12:21:19.572050608,4.740061760481053,12,Tuesday
5104,2026-01-13 12:21:37.918504265,0.15633427719502765,12,Tuesday
5102,2026-01-13 12:22:07.977077601,0.36826919302303784,12,Tuesday
5094,2026-01-13 12:22:13.152631621,6.119799744319414,12,Tuesday
5103,2026-01-13 12:25:26.242246067,11.133308862142684,12,Tuesday
5142,2026-01-13 12:25:54.238165834,2.8464339745644116,12,Tuesday
5112,2026-01-13 12:26:07.570064047,0.4733040351072832,12,Tuesday
5143,2026-01-13 12:27:10.793162987,13.191833094024581,12,Tuesday
5092,2026-01-13 12:27:32.972869353,3.9285058340386794,12,Tuesday
5085,2026-01-13 12:28:33.534085257,0.6481940330777756,12,Tuesday
5115,2026-01-13 12:29:14.098417243,0.5521693622643432,12,Tuesday
5097,2026-01-13 12:30:18.208080973,10.339921230288368,12,Tuesday
5144,2026-01-13 12:30:46.377369034,4.461639143816697,12,Tuesday
5096,2026-01-13 12:31:26.375402872,5.680060428890163,12,Tuesday
5106,2026-01-13 12:31:26.535611523,7.110522652225777,12,Tuesday
5098,2026-01-13 12:31:30.901673389,2.8305579685140185,12,Tuesday
5133,2026-01-13 12:31:43.067415131,1.8536127789560095,12,Tuesday
5107,2026-01-13 12:34:19.559341097,15.299869957115966,12,Tuesday
5134,2026-01-13 12:35:24.419120440,17.75384834536077,12,Tuesday
5131,2026-01-13 12:36:43.798394603,0.5536670689652374,12,Tuesday
5125,2026-01-13 12:37:39.431546337,2.8580949106382976,12,Tuesday
5118,2026-01-13 12:41:40.818226549,7.289559822167981,12,Tuesday
5145,2026-01-13 12:42:46.913242950,4.97135779260214,12,Tuesday
5111,2026-01-13 12:42:50.092502701,2.007113609306298,12,Tuesday
5087,2026-01-13 12:43:44.047688846,1.9798835031115367,12,Tuesday
5139,2026-01-13 12:44:20.848801691,0.2384984906728067,12,Tuesday
5119,2026-01-13 12:46:10.147394336,11.789072104538548,12,Tuesday
5141,2026-01-13 12:47:46.680669483,9.495567739289895,12,Tuesday
5105,2026-01-13 12:47:54.585468974,6.899501358937612,12,Tuesday
5109,2026-01-13 12:48:21.341352295,4.542317979704121,12,Tuesday
5091,2026-01-13 12:48:51.909109972,4.8415901239273555,12,Tuesday
5089,2026-01-13 12:50:05.890378132,5.205681327801784,12,Tuesday
5122,2026-01-13 12:50:55.509722034,10.028331741811158,12,Tuesday
5108,2026-01-13 12:51:10.848812356,0.27827400394119606,12,Tuesday
5090,2026-01-13 12:54:10.443640188,3.4073357042758645,12,Tuesday
5100,2026-01-13 12:54:41.234412437,7.224823911267597,12,Tuesday
5124,2026-01-13 12:56:13.604978117,0.8675011211342637,12,Tuesday
5088,2026-01-13 12:57:08.968681563,2.921385974523684,12,Tuesday
5099,2026-01-13 12:58:26.512409899,2.661634583254755,12,Tuesday
5086,2026-01-13 12:59:37.583169964,4.0602992910121944,12,Tuesday
5159,2026-01-13 13:04:30.079520014,4.209878562839343,13,Tuesday
5171,2026-01-13 13:05:27.838255495,0.7493946000826672,13,Tuesday
5151,2026-01-13 13:07:38.539329720,0.3852643979455157,13,Tuesday
5191,2026-01-13 13:08:04.291772241,1.7680222305854394,13,Tuesday
5162,2026-01-13 13:08:22.296410014,2.8292008832057607,13,Tuesday
5185,2026-01-13 13:08:24.232413692,1.6793080940172764,13,Tuesday
5192,2026-01-13 13:10:22.042746776,3.0432575826573234,13,Tuesday
5173,2026-01-13 13:11:37.321054028,1.407109167799747,13,Tuesday
5178,2026-01-13 13:12:27.897382843,1.1445105897138985,13,Tuesday
5201,2026-01-13 13:12:29.977008696,8.289812311815744,13,Tuesday
5174,2026-01-13 13:12:30.181244431,6.096888127084617,13,Tuesday
5205,2026-01-13 13:13:11.578762946,2.315820616710112,13,Tuesday
5166,2026-01-13 13:15:14.476136744,3.1791585302008896,13,Tuesday
5212,2026-01-13 13:15:55.959065291,4.9237025300498365,13,Tuesday
5194,2026-01-13 13:17:26.677917206,8.014481053751116,13,Tuesday
5158,2026-01-13 13:19:18.253307489,9.303179587750737,13,Tuesday
5186,2026-01-13 13:20:53.788615307,3.2306185695999137,13,Tuesday
5193,2026-01-13 13:21:27.505978520,0.369345405597385,13,Tuesday
5207,2026-01-13 13:21:50.498889172,2.9266318659178165,13,Tuesday
5206,2026-01-13 13:22:05.917375512,1.0189614897743913,13,Tuesday
5187,2026-01-13 13:23:22.376992133,15.43331496461283,13,Tuesday
5177,2026-01-13 13:24:13.523797722,1.2105015619262482,13,Tuesday
5165,2026-01-13 13:24:32.917636503,4.159958330179379,13,Tuesday
5153,2026-01-13 13:24:35.418521194,9.408897863714826,13,Tuesday
5209,2026-01-13 13:26:38.201857176,20.099328213453425,13,Tuesday
5155,2026-01-13 13:28:20.211471583,5.6877036372423815,13,Tuesday
5172,2026-01-13 13:28:26.111139280,0.01696799866998106,13,Tuesday
5188,2026-01-13 13:30:40.664686485,1.420783946637889,13,Tuesday
5202,2026-01-13 13:31:28.878283536,17.188257782770453,13,Tuesday
5200,2026-01-13 13:31:30.727920830,10.716896468078938,13,Tuesday
5157,2026-01-13 13:31:47.189694924,8.770845375964683,13,Tuesday
5183,2026-01-13 13:32:11.596815638,4.7616975387287095,13,Tuesday
5169,2026-01-13 13:32:51.863674088,2.9384777155111097,13,Tuesday
5156,2026-01-13 13:33:13.809897007,13.798396180312348,13,Tuesday
5203,2026-01-13 13:33:18.297365175,3.2493912562190226,13,Tuesday
5213,2026-01-13 13:34:18.730881738,3.8618128672326986,13,Tuesday
5170,2026-01-13 13:36:34.446722034,4.445124828148771,13,Tuesday
5195,2026-01-13 13:36:53.175431362,1.393954765838881,13,Tuesday
5164,2026-01-13 13:37:33.047997782,2.9539847203740512,13,Tuesday
5179,2026-01-13 13:38:55.488974051,1.001458046531081,13,Tuesday
5198,2026-01-13 13:39:12.970629126,15.516426640423543,13,Tuesday
5175,2026-01-13 13:39:40.694264232,0.5223297468017495,13,Tuesday
5168,2026-01-13 13:42:00.677733458,10.687395469569669,13,Tuesday
5204,2026-01-13 13:44:32.847231168,6.498699162857212,13,Tuesday
5181,2026-01-13 13:44:53.947684040,7.387784026871547,13,Tuesday
5211,2026-01-13 13:45:02.920972947,4.4483866971886465,13,Tuesday
5184,2026-01-13 13:45:06.754479729,1.0425062600501778,13,Tuesday
5210,2026-01-13 13:45:18.338282273,0.5059931148073789,13,Tuesday
5163,2026-01-13 13:46:36.365776860,3.8698274231912233,13,Tuesday
5161,2026-01-13 13:48:09.632925094,13.632960666603473,13,Tuesday
5152,2026-01-13 13:49:25.407430093,11.102900320191498,13,Tuesday
5199,2026-01-13 13:50:17.373125043,1.07225090080279,13,Tuesday
5167,2026-01-13 13:51:35.023620608,0.24578083824492197,13,Tuesday
5182,2026-01-13 13:52:07.526029931,10.39858914902977,13,Tuesday
5180,2026-01-13 13:52:16.273366861,0.07040188934651681,13,Tuesday
5190,2026-01-13 13:52:27.467616799,2.8941683240466127,13,Tuesday
5160,2026-01-13 13:53:44.344429446,2.4092847994418203,13,Tuesday
5148,2026-01-13 13:54:03.468585739,3.223668479073641,13,Tuesday
5150,2026-01-13 13:54:06.617939190,1.2069082275955498,13,Tuesday
5196,2026-01-13 13:54:09.993771952,6.462419675884979,13,Tuesday
5147,2026-01-13 13:54:21.426909100,11.23588879705045,13,Tuesday
5176,2026-01-13 13:54:40.522146603,11.978298089945643,13,Tuesday
5189,2026-01-13 13:55:44.674896924,6.577239582645181,13,Tuesday
5208,2026-01-13 13:57:33.982544668,0.9061049055787758,13,Tuesday
5197,2026-01-13 13:57:44.249550021,0.35398161640306325,13,Tuesday
5149,2026-01-13 13:58:35.337994323,14.5128043822643,13,Tuesday
5154,2026-01-13 13:59:26.884881405,24.524540483717097,13,Tuesday
5222,2026-01-13 14:00:40.156514322,12.443293340177435,14,Tuesday
5253,2026-01-13 14:00:55.318502645,8.95508243384733,14,Tuesday
5219,2026-01-13 14:02:15.201851064,1.1311637279244233,14,Tuesday
5264,2026-01-13 14:02:52.316156061,5.977729837411253,14,Tuesday
5258,2026-01-13 14:09:14.672636903,1.12635382759847,14,Tuesday
5244,2026-01-13 14:09:55.443256204,21.457947826775996,14,Tuesday
5232,2026-01-13 14:10:37.349187815,8.555519426053378,14,Tuesday
5260,2026-01-13 14:10:57.545827477,3.406516652738383,14,Tuesday
5243,2026-01-13 14:11:42.628614144,14.26626211163031,14,Tuesday
5221,2026-01-13 14:11:43.521311898,3.4898217573996626,14,Tuesday
5277,2026-01-13 14:12:08.183454271,11.033241724445844,14,Tuesday
5239,2026-01-13 14:12:35.754594024,0.509894491252697,14,Tuesday
5242,2026-01-13 14:13:29.100137438,0.3456630344376461,14,Tuesday
5267,2026-01-13 14:13:36.733858793,12.934529162924875,14,Tuesday
5246,2026-01-13 14:13:44.353867081,1.7214210093911355,14,Tuesday
5225,2026-01-13 14:13:51.920119684,0.44439444200791817,14,Tuesday
5223,2026-01-13 14:14:32.372628886,6.13390952433278,14,Tuesday
5220,2026-01-13 14:17:06.479430650,15.976284414402313,14,Tuesday
5215,2026-01-13 14:17:13.965256058,0.029103380792518504,14,Tuesday
5262,2026-01-13 14:20:20.715407745,15.465349004803082,14,Tuesday
5271,2026-01-13 14:21:12.775875135,0.6483963404191874,14,Tuesday
5234,2026-01-13 14:21:50.950148776,0.9520095157429238,14,Tuesday
5238,2026-01-13 14:21:51.128001538,7.212144831939521,14,Tuesday
5230,2026-01-13 14:22:20.888180083,7.724165313021006,14,Tuesday
5229,2026-01-13 14:23:40.664651661,2.111314179679275,14,Tuesday
5265,2026-01-13 14:24:28.296092127,3.5284377779358294,14,Tuesday
5254,2026-01-13 14:25:35.197700571,6.114415820118802,14,Tuesday
5276,2026-01-13 14:26:01.308959185,4.277783441747661,14,Tuesday
5252,2026-01-13 14:27:03.873858569,0.627697065483504,14,Tuesday
5248,2026-01-13 14:27:05.566899503,7.489289683571132,14,Tuesday
5231,2026-01-13 14:27:20.648930430,2.0695247676182587,14,Tuesday
5274,2026-01-13 14:28:20.863610093,3.5330996694913797,14,Tuesday
5272,2026-01-13 14:28:56.825293372,2.2580097527831087,14,Tuesday
5241,2026-01-13 14:29:11.072756367,9.077392764358112,14,Tuesday
5226,2026-01-13 14:30:32.412403737,1.2422499179501871,14,Tuesday
5247,2026-01-13 14:31:35.912148690,2.3292665968281328,14,Tuesday
5214,2026-01-13 14:33:18.066687139,1.2035712215060714,14,Tuesday
5256,2026-01-13 14:33:27.953132753,11.024358778302572,14,Tuesday
5249,2026-01-13 14:34:46.599237221,4.530796296506212,14,Tuesday
5270,2026-01-13 14:35:15.222379739,1.2999605860804622,14,Tuesday
5273,2026-01-13 14:35:50.457483520,1.4747304989664798,14,Tuesday
5255,2026-01-13 14:36:22.296734726,4.305956437078624,14,Tuesday
5237,2026-01-13 14:36:37.847390731,2.1439461459071114,14,Tuesday
5269,2026-01-13 14:37:50.807039177,3.7143971847849517,14,Tuesday
5233,2026-01-13 14:38:02.402762697,0.7003249004850567,14,Tuesday
5259,2026-01-13 14:38:47.526355610,2.8083615901348695,14,Tuesday
5257,2026-01-13 14:39:04.809980880,6.024972528488819,14,Tuesday
5224,2026-01-13 14:40:43.593540673,6.408472287673942,14,Tuesday
5228,2026-01-13 14:41:37.528513256,6.29615290073483,14,Tuesday
5275,2026-01-13 14:41:53.927966186,16.96752960316713,14,Tuesday
5266,2026-01-13 14:42:18.124280147,0.12983239873127211,14,Tuesday
5263,2026-01-13 14:42:35.623560173,0.6881403530808673,14,Tuesday
5261,2026-01-13 14:45:01.886330508,0.2840033543371921,14,Tuesday
5236,2026-01-13 14:45:23.589576208,2.625361376100046,14,Tuesday
5217,2026-01-13 14:45:43.457952383,6.909871340440961,14,Tuesday
5240,2026-01-13 14:46:34.146710780,2.163285045067167,14,Tuesday
5245,2026-01-13 14:46:37.780306340,0.46369240333338774,14,Tuesday
5268,2026-01-13 14:47:43.033361270,9.547204847835612,14,Tuesday
5235,2026-01-13 14:51:08.515257343,2.0842220846693467,14,Tuesday
5251,2026-01-13 14:52:03.890604294,7.083970379465371,14,Tuesday
5250,2026-01-13 14:52:37.757641336,5.169261623430804,14,Tuesday
5227,2026-01-13 14:53:16.145213873,0.04426956882766711,14,Tuesday
5216,2026-01-13 14:56:24.633827883,1.7902202290747686,14,Tuesday
5218,2026-01-13 14:58:21.052135775,7.903346355068352,14,Tuesday
5304,2026-01-13 15:02:19.265849725,5.268001940439284,15,Tuesday
5287,2026-01-13 15:03:13.062205337,4.736444537019629,15,Tuesday
5308,2026-01-13 15:03:57.031792231,0.39915358200415285,15,Tuesday
5319,2026-01-13 15:04:50.805169947,8.993127234879628,15,Tuesday
5302,2026-01-13 15:05:08.918778153,1.306826759298874,15,Tuesday
5316,2026-01-13 15:06:00.834761434,0.1284944698253155,15,Tuesday
5300,2026-01-13 15:06:29.325392413,2.676623359830251,15,Tuesday
5282,2026-01-13 15:07:43.727065546,0.416330294333485,15,Tuesday
5295,2026-01-13 15:08:03.951898208,7.800099426577028,15,Tuesday
5292,2026-01-13 15:16:50.124777507,1.8727829135286798,15,Tuesday
5311,2026-01-13 15:16:51.179783043,4.698086756023728,15,Tuesday
5281,2026-01-13 15:17:29.676370472,8.552664825086197,15,Tuesday
5313,2026-01-13 15:18:14.796026434,6.307969273464259,15,Tuesday
5299,2026-01-13 15:20:22.304108870,3.2104497022763923,15,Tuesday
5307,2026-01-13 15:22:07.034348993,9.796620110389322,15,Tuesday
5318,2026-01-13 15:22:28.330148823,1.208789044642053,15,Tuesday
5289,2026-01-13 15:22:29.872376668,0.3422975065840349,15,Tuesday
5320,2026-01-13 15:23:14.248225231,2.7261387453857866,15,Tuesday
5314,2026-01-13 15:26:59.011478131,4.518304388074792,15,Tuesday
5279,2026-01-13 15:28:16.925196622,0.2854129533442811,15,Tuesday
5288,2026-01-13 15:30:03.489486691,0.8296065885316962,15,Tuesday
5301,2026-01-13 15:30:23.404323732,9.231058108151203,15,Tuesday
5322,2026-01-13 15:30:49.149618556,10.315822882102852,15,Tuesday
5306,2026-01-13 15:31:30.368633312,11.041610775408397,15,Tuesday
5315,2026-01-13 15:32:37.544841307,1.963910219519537,15,Tuesday
5293,2026-01-13 15:33:24.474183743,3.6116776961844095,15,Tuesday
5310,2026-01-13 15:35:06.793185807,3.4176834703719763,15,Tuesday
5284,2026-01-13 15:35:14.694589653,0.4819823544485924,15,Tuesday
5321,2026-01-13 15:36:00.729169533,4.302830981023388,15,Tuesday
5297,2026-01-13 15:36:21.994559470,4.692149078202787,15,Tuesday
5309,2026-01-13 15:37:19.800927024,0.5624202808520319,15,Tuesday
5290,2026-01-13 15:37:33.090229452,1.216337201675419,15,Tuesday
5294,2026-01-13 15:42:31.422887657,4.442884944377793,15,Tuesday
5305,2026-01-13 15:45:12.614043986,1.1311301340633557,15,Tuesday
5291,2026-01-13 15:47:36.928309928,0.6839911455510518,15,Tuesday
5296,2026-01-13 15:48:50.640861424,5.33905614487125,15,Tuesday
5278,2026-01-13 15:51:16.587225840,5.929714521836729,15,Tuesday
5283,2026-01-13 15:51:19.132071706,9.67189288408633,15,Tuesday
5280,2026-01-13 15:52:07.061413837,1.674152197444415,15,Tuesday
5285,2026-01-13 15:53:20.732633696,8.992537376223556,15,Tuesday
5312,2026-01-13 15:54:36.798125077,1.6072860053010838,15,Tuesday
5317,2026-01-13 15:55:55.782189169,6.934478335310747,15,Tuesday
5286,2026-01-13 15:56:16.177945172,2.2375986934886147,15,Tuesday
5298,2026-01-13 15:56:58.334773609,2.653288491107753,15,Tuesday
5303,2026-01-13 15:58:10.295483966,0.028686793767070295,15,Tuesday
5330,2026-01-13 16:01:13.007905562,13.865022984284856,16,Tuesday
5329,2026-01-13 16:01:32.905805488,2.972202055470042,16,Tuesday
5337,2026-01-13 16:03:29.281647696,2.2071870810207854,16,Tuesday
5344,2026-01-13 16:04:51.048485915,5.401884082363123,16,Tuesday
5357,2026-01-13 16:08:58.231102274,1.8901176580182115,16,Tuesday
5356,2026-01-13 16:09:57.160528785,4.4731710047974325,16,Tuesday
5341,2026-01-13 16:10:17.481697633,0.2198323973216676,16,Tuesday
5326,2026-01-13 16:11:31.351176812,1.415910547052961,16,Tuesday
5328,2026-01-13 16:11:53.175099267,6.738242021259715,16,Tuesday
5323,2026-01-13 16:12:32.000013773,1.082200686935668,16,Tuesday
5339,2026-01-13 16:13:21.075759038,1.202967661803056,16,Tuesday
5343,2026-01-13 16:13:24.285161746,5.672127154887477,16,Tuesday
5333,2026-01-13 16:18:39.750138205,4.212126109032466,16,Tuesday
5351,2026-01-13 16:18:54.201489547,5.997530310133183,16,Tuesday
5334,2026-01-13 16:19:12.039561289,5.89824590755782,16,Tuesday
5335,2026-01-13 16:20:22.178094215,4.484771708763116,16,Tuesday
5354,2026-01-13 16:21:14.060974524,3.807457328068384,16,Tuesday
5347,2026-01-13 16:24:12.853412818,3.2721995889374926,16,Tuesday
5325,2026-01-13 16:25:59.088732967,14.646338321834655,16,Tuesday
5353,2026-01-13 16:29:07.340536336,4.151539145596586,16,Tuesday
5352,2026-01-13 16:31:25.220639996,1.4864883459044806,16,Tuesday
5349,2026-01-13 16:33:25.437357662,2.227101658962828,16,Tuesday
5358,2026-01-13 16:34:36.874327161,0.26884370948239433,16,Tuesday
5331,2026-01-13 16:37:20.335283235,6.671484542706624,16,Tuesday
5359,2026-01-13 16:39:26.979227945,14.846051330934573,16,Tuesday
5332,2026-01-13 16:39:42.030218583,3.0617506783750525,16,Tuesday
5336,2026-01-13 16:40:48.570768331,10.547342721184547,16,Tuesday
5348,2026-01-13 16:42:08.626113145,10.216930261226778,16,Tuesday
5342,2026-01-13 16:46:17.567246324,10.203227405288889,16,Tuesday
5324,2026-01-13 16:46:30.525879822,2.477365744239017,16,Tuesday
5350,2026-01-13 16:51:10.642009225,13.066485268814505,16,Tuesday
5346,2026-01-13 16:51:31.504533087,9.45963892836294,16,Tuesday
5345,2026-01-13 16:52:29.759967662,4.767923158778288,16,Tuesday
5355,2026-01-13 16:53:29.238232402,0.7419131951179094,16,Tuesday
5327,2026-01-13 16:54:15.931232341,5.518536764217233,16,Tuesday
5338,2026-01-13 16:55:44.818869688,1.7825586438367294,16,Tuesday
5340,2026-01-13 16:59:58.823538871,0.19257624419467934,16,Tuesday
5381,2026-01-14 08:00:08.836511197,8.10473990841826,8,Wednesday
5379,2026-01-14 08:00:55.736852895,0.7157805910591685,8,Wednesday
5371,2026-01-14 08:02:31.220762707,6.230819450219258,8,Wednesday
5376,2026-01-14 08:08:57.784368376,2.607099661008054,8,Wednesday
5363,2026-01-14 08:15:13.210052838,14.519391308663355,8,Wednesday
5380,2026-01-14 08:16:22.501777167,5.315571748541959,8,Wednesday
5368,2026-01-14 08:23:52.362914918,4.271611337718651,8,Wednesday
5374,2026-01-14 08:27:37.177145200,0.20555894678042505,8,Wednesday
5377,2026-01-14 08:28:08.997774842,0.9126372964771073,8,Wednesday
5373,2026-01-14 08:29:04.102112519,6.241856669332927,8,Wednesday
5360,2026-01-14 08:30:45.677060383,2.686800423245082,8,Wednesday
5375,2026-01-14 08:33:59.279781526,2.442186953869055,8,Wednesday
5366,2026-01-14 08:40:13.495852772,12.89485267572206,8,Wednesday
5361,2026-01-14 08:40:32.688337249,6.515569255083994,8,Wednesday
5370,2026-01-14 08:42:10.018357797,12.905965960886256,8,Wednesday
5378,2026-01-14 08:49:52.057980183,0.11678061827639535,8,Wednesday
5364,2026-01-14 08:52:29.917411046,4.688907732162061,8,Wednesday
5372,2026-01-14 08:54:24.742194548,2.2972931788485482,8,Wednesday
5365,2026-01-14 08:55:26.680099059,1.469351679278993,8,Wednesday
5367,2026-01-14 08:55:52.559858644,7.4652960648790545,8,Wednesday
5369,2026-01-14 08:57:10.858233745,5.947723882182526,8,Wednesday
5362,2026-01-14 08:57:36.908370725,8.016579181084166,8,Wednesday
5386,2026-01-14 09:02:00.250823678,11.765683679829014,9,Wednesday
5395,2026-01-14 09:02:43.980561475,1.888162072286392,9,Wednesday
5388,2026-01-14 09:02:56.856818010,2.992732411035201,9,Wednesday
5383,2026-01-14 09:05:20.311929129,4.812164536696427,9,Wednesday
5387,2026-01-14 09:05:27.903893568,4.104948092701452,9,Wednesday
5400,2026-01-14 09:07:52.763699151,1.5910338873350647,9,Wednesday
5392,2026-01-14 09:16:03.600335169,0.20417836127274716,9,Wednesday
5399,2026-01-14 09:16:25.833068757,22.70313652505415,9,Wednesday
5396,2026-01-14 09:18:00.817601548,6.022991013074364,9,Wednesday
5403,2026-01-14 09:19:46.351680685,2.2484860957835373,9,Wednesday
5389,2026-01-14 09:20:05.076714477,5.2018030330838085,9,Wednesday
5394,2026-01-14 09:22:05.746043538,3.1795325417225406,9,Wednesday
5398,2026-01-14 09:24:29.598561317,6.571638023535794,9,Wednesday
5390,2026-01-14 09:30:33.440366447,15.267214602086288,9,Wednesday
5397,2026-01-14 09:31:51.993921158,8.751240078238983,9,Wednesday
5391,2026-01-14 09:31:56.451820636,7.912818757507139,9,Wednesday
5382,2026-01-14 09:45:17.923439336,2.403269061638731,9,Wednesday
5385,2026-01-14 09:48:47.178169599,2.4881448758773033,9,Wednesday
5401,2026-01-14 09:49:08.992200346,10.396787527031773,9,Wednesday
5384,2026-01-14 09:51:40.497786659,6.337074739934633,9,Wednesday
5393,2026-01-14 09:54:41.748791616,2.0196557566580173,9,Wednesday
5402,2026-01-14 09:59:46.122871647,7.27549336280887,9,Wednesday
5422,2026-01-14 10:01:05.368676185,7.1733334170410075,10,Wednesday
5442,2026-01-14 10:01:12.783072532,4.383346560281974,10,Wednesday
5410,2026-01-14 10:01:49.430693321,4.701702137283155,10,Wednesday
5433,2026-01-14 10:09:44.026455947,14.100613648546084,10,Wednesday
5419,2026-01-14 10:12:17.285489781,1.453066230253735,10,Wednesday
5409,2026-01-14 10:12:34.150401790,0.1127707412854105,10,Wednesday
5440,2026-01-14 10:12:58.278865933,11.794120996085216,10,Wednesday
5429,2026-01-14 10:17:17.338160520,9.268143137975164,10,Wednesday
5406,2026-01-14 10:17:32.244621753,2.1290539643553323,10,Wednesday
5434,2026-01-14 10:18:35.747673224,4.042931079188006,10,Wednesday
5430,2026-01-14 10:19:26.313983621,6.329351149724147,10,Wednesday
5420,2026-01-14 10:22:15.833045292,1.9633659407471833,10,Wednesday
5425,2026-01-14 10:23:56.909979938,0.31832276248041547,10,Wednesday
5411,2026-01-14 10:26:01.041312846,2.293002261095228,10,Wednesday
5417,2026-01-14 10:26:21.491780380,5.434245090643703,10,Wednesday
5426,2026-01-14 10:26:52.592701837,1.1706805080885376,10,Wednesday
5415,2026-01-14 10:31:43.698785364,14.32780352490386,10,Wednesday
5405,2026-01-14 10:31:56.390169313,3.167624981506765,10,Wednesday
5432,2026-01-14 10:33:47.513132813,5.912147777092105,10,Wednesday
5412,2026-01-14 10:34:10.242729639,2.6863699384132684,10,Wednesday
5421,2026-01-14 10:38:03.220795729,9.00294646559064,10,Wednesday
5408,2026-01-14 10:38:29.831995371,9.629919257830657,10,Wednesday
5407,2026-01-14 10:39:20.798286423,9.917179920100592,10,Wednesday
5431,2026-01-14 10:40:43.961636606,14.379416480328569,10,Wednesday
5436,2026-01-14 10:41:17.427972200,18.855016798915145,10,Wednesday
5423,2026-01-14 10:43:20.860717220,1.995645219483436,10,Wednesday
5418,2026-01-14 10:44:45.895763662,5.575310240874433,10,Wednesday
5416,2026-01-14 10:45:13.692541566,0.9900224259717089,10,Wednesday
5438,2026-01-14 10:46:01.245107930,0.1563521608561259,10,Wednesday
5441,2026-01-14 10:46:17.345549340,7.93789900024067,10,Wednesday
5428,2026-01-14 10:46:32.356687173,0.44947985961245224,10,Wednesday
5404,2026-01-14 10:47:21.600536425,5.554841884110475,10,Wednesday
5424,2026-01-14 10:50:07.927804565,3.8173820114148613,10,Wednesday
5427,2026-01-14 10:51:04.615963979,3.325914835876249,10,Wednesday
5413,2026-01-14 10:52:35.779002134,8.920169121677432,10,Wednesday
5435,2026-01-14 10:53:59.939796763,4.584187044648771,10,Wednesday
5414,2026-01-14 10:55:41.580464331,1.8541574658566256,10,Wednesday
5439,2026-01-14 10:56:31.107955716,6.433200455141172,10,Wednesday
5437,2026-01-14 10:59:09.507543667,5.137915515483088,10,Wednesday
5463,2026-01-14 11:01:29.313588153,7.42072771520335,11,Wednesday
5468,2026-01-14 11:02:38.297909837,4.0346481321012,11,Wednesday
5475,2026-01-14 11:03:56.260783208,2.364724240090083,11,Wednesday
5449,2026-01-14 11:07:41.627810293,4.70411564410356,11,Wednesday
5465,2026-01-14 11:08:29.575863556,2.162719949032158,11,Wednesday
5446,2026-01-14 11:09:12.444595589,1.5534635933405179,11,Wednesday
5447,2026-01-14 11:12:24.287924664,2.9003802004482693,11,Wednesday
5455,2026-01-14 11:13:37.736719813,10.445575388110637,11,Wednesday
5462,2026-01-14 11:13:41.991011735,1.0361856279868016,11,Wednesday
5470,2026-01-14 11:14:55.475758648,11.367001524342324,11,Wednesday
5450,2026-01-14 11:15:54.651150469,0.5859642340576829,11,Wednesday
5443,2026-01-14 11:17:00.231700454,2.7546441306104263,11,Wednesday
5452,2026-01-14 11:19:37.529421605,1.033560725264893,11,Wednesday
5464,2026-01-14 11:23:01.586149280,3.2158137916186624,11,Wednesday
5456,2026-01-14 11:23:22.653662488,3.1040793301847347,11,Wednesday
5476,2026-01-14 11:24:05.196777336,11.307160926582343,11,Wednesday
5479,2026-01-14 11:24:48.589693428,1.802140498853138,11,Wednesday
5473,2026-01-14 11:25:45.907632668,15.230000274681665,11,Wednesday
5471,2026-01-14 11:25:56.017471767,11.600776547944205,11,Wednesday
5474,2026-01-14 11:26:28.636090079,0.12595257794235046,11,Wednesday
5453,2026-01-14 11:29:17.016562570,3.5689533339944193,11,Wednesday
5457,2026-01-14 11:36:23.247991956,1.6386497655712016,11,Wednesday
5445,2026-01-14 11:36:27.444873182,14.303560045958063,11,Wednesday
5448,2026-01-14 11:37:17.866480955,7.947520673405853,11,Wednesday
5444,2026-01-14 11:38:24.325427710,6.0638419671983845,11,Wednesday
5467,2026-01-14 11:39:40.070112572,9.559956981765323,11,Wednesday
5472,2026-01-14 11:40:04.561447640,1.991273734296807,11,Wednesday
5466,2026-01-14 11:42:37.395530777,2.24003384443038,11,Wednesday
5458,2026-01-14 11:45:19.220146214,1.3131027499333017,11,Wednesday
5477,2026-01-14 11:45:53.452415591,1.6054144704441216,11,Wednesday
5461,2026-01-14 11:46:35.904267741,2.774484604339313,11,Wednesday
5451,2026-01-14 11:50:06.883971856,4.940716149415193,11,Wednesday
5469,2026-01-14 11:50:11.737604871,6.326898523995531,11,Wednesday
5459,2026-01-14 11:54:05.952192165,10.367371970223768,11,Wednesday
5478,2026-01-14 11:54:54.634813871,1.5947042196526595,11,Wednesday
5460,2026-01-14 11:54:55.702755264,0.9377410866002511,11,Wednesday
5454,2026-01-14 11:56:28.105206525,3.765582304689643,11,Wednesday
5499,2026-01-14 12:00:29.650469731,0.021917880646393405,12,Wednesday
5511,2026-01-14 12:00:40.317498920,2.3245072677424394,12,Wednesday
5520,2026-01-14 12:01:23.184670034,8.002915699211446,12,Wednesday
5545,2026-01-14 12:01:39.474598281,5.82350439709419,12,Wednesday
5510,2026-01-14 12:02:32.405805248,7.103512908600427,12,Wednesday
5539,2026-01-14 12:02:48.112144386,0.9303988876397441,12,Wednesday
5521,2026-01-14 12:03:04.073897184,2.8376369312990004,12,Wednesday
5525,2026-01-14 12:04:04.534335202,3.1458635532574237,12,Wednesday
5487,2026-01-14 12:05:23.882203899,2.5835710249551402,12,Wednesday
5526,2026-01-14 12:06:29.377268046,1.292563369008037,12,Wednesday
5489,2026-01-14 12:06:49.544864930,0.9309652556708502,12,Wednesday
5543,2026-01-14 12:06:52.703796908,1.4643710478945353,12,Wednesday
5519,2026-01-14 12:06:57.792453784,1.3843895546086358,12,Wednesday
5513,2026-01-14 12:07:54.611824092,6.528429921975738,12,Wednesday
5490,2026-01-14 12:08:19.593182805,2.414963524828209,12,Wednesday
5547,2026-01-14 12:08:25.026046036,3.9426564441111385,12,Wednesday
5523,2026-01-14 12:08:32.230386999,2.990314882660559,12,Wednesday
5486,2026-01-14 12:08:59.619463181,9.801442093060508,12,Wednesday
5517,2026-01-14 12:11:51.615372747,12.737789678362377,12,Wednesday
5501,2026-01-14 12:11:59.022668840,4.55190356738587,12,Wednesday
5483,2026-01-14 12:12:16.080192711,4.171457307508733,12,Wednesday
5515,2026-01-14 12:12:50.588842418,19.916817525282262,12,Wednesday
5538,2026-01-14 12:13:54.844038368,0.05512098451917345,12,Wednesday
5497,2026-01-14 12:14:43.117792749,9.926990649687927,12,Wednesday
5496,2026-01-14 12:15:44.944036979,0.9758867183453223,12,Wednesday
5485,2026-01-14 12:15:52.174344050,0.9814924972963429,12,Wednesday
5492,2026-01-14 12:16:53.950834864,2.2559385055493486,12,Wednesday
5491,2026-01-14 12:18:00.109730143,10.263680491360445,12,Wednesday
5541,2026-01-14 12:18:49.446931840,4.734771943088255,12,Wednesday
5507,2026-01-14 12:19:04.581586944,4.455303523195243,12,Wednesday
5503,2026-01-14 12:20:32.306225379,0.715823173145181,12,Wednesday
5534,2026-01-14 12:21:22.242723582,0.2270545425428382,12,Wednesday
5516,2026-01-14 12:25:58.263984464,2.1499560118109446,12,Wednesday
5504,2026-01-14 12:26:25.266386015,0.5857113797778064,12,Wednesday
5542,2026-01-14 12:26:33.320483968,7.75265546328253,12,Wednesday
5533,2026-01-14 12:27:17.857142614,3.2834528234698985,12,Wednesday
5512,2026-01-14 12:27:29.040980662,1.3991950325871656,12,Wednesday
5528,2026-01-14 12:27:53.535348555,2.770677112786229,12,Wednesday
5527,2026-01-14 12:30:31.954505073,1.1116577113183452,12,Wednesday
5518,2026-01-14 12:32:54.540908696,13.512519195748245,12,Wednesday
5508,2026-01-14 12:33:13.791297124,7.330732551332724,12,Wednesday
5488,2026-01-14 12:33:48.181466398,2.5420071089753637,12,Wednesday
5537,2026-01-14 12:34:44.661099669,2.611784795833323,12,Wednesday
5506,2026-01-14 12:35:15.608585303,6.954492074092817,12,Wednesday
5532,2026-01-14 12:36:07.566588458,1.6587017037232723,12,Wednesday
5536,2026-01-14 12:36:10.471721128,22.972220701127743,12,Wednesday
5493,2026-01-14 12:36:15.262237195,15.141645366680406,12,Wednesday
5514,2026-01-14 12:39:51.639449272,2.7208116073988062,12,Wednesday
5482,2026-01-14 12:40:27.117749794,0.8996436844051915,12,Wednesday
5505,2026-01-14 12:42:25.634210199,12.761175123384392,12,Wednesday
5524,2026-01-14 12:42:30.521711292,6.818824673381717,12,Wednesday
5480,2026-01-14 12:43:36.245410872,10.882587353281053,12,Wednesday
5509,2026-01-14 12:43:50.544783706,2.800555214202536,12,Wednesday
5495,2026-01-14 12:45:40.858762330,0.7826764497162526,12,Wednesday
5531,2026-01-14 12:46:46.591113152,5.833855413873232,12,Wednesday
5494,2026-01-14 12:49:00.283006101,14.622540060135567,12,Wednesday
5546,2026-01-14 12:50:02.366743556,1.949050186358189,12,Wednesday
5544,2026-01-14 12:50:12.927587673,7.21182504554479,12,Wednesday
5500,2026-01-14 12:52:46.993919016,1.6001436143100911,12,Wednesday
5481,2026-01-14 12:53:41.678313232,6.5424579519868455,12,Wednesday
5484,2026-01-14 12:55:57.654848497,1.8746042081395953,12,Wednesday
5530,2026-01-14 12:56:41.407630874,4.645252528000869,12,Wednesday
5540,2026-01-14 12:56:42.678887134,5.285339815065103,12,Wednesday
5535,2026-01-14 12:56:49.515169111,8.505913717122617,12,Wednesday
5502,2026-01-14 12:56:50.223563123,8.028872304372856,12,Wednesday
5529,2026-01-14 12:57:05.689113983,7.042590588016898,12,Wednesday
5522,2026-01-14 12:57:15.330389455,12.476283772859686,12,Wednesday
5498,2026-01-14 12:57:56.849508385,2.494163460998548,12,Wednesday
5574,2026-01-14 13:00:27.934734014,14.093469343586078,13,Wednesday
5594,2026-01-14 13:01:03.736002263,0.21477131050163045,13,Wednesday
5598,2026-01-14 13:01:29.895241562,6.736059537315777,13,Wednesday
5558,2026-01-14 13:04:21.944554462,6.069537679505367,13,Wednesday
5607,2026-01-14 13:04:52.276033381,0.3600584653255528,13,Wednesday
5559,2026-01-14 13:05:55.568585035,1.0085192212314527,13,Wednesday
5572,2026-01-14 13:06:00.760856581,7.158772737314557,13,Wednesday
5601,2026-01-14 13:06:02.496963973,0.760279873312294,13,Wednesday
5556,2026-01-14 13:07:10.669582257,32.7164236967985,13,Wednesday
5596,2026-01-14 13:10:27.403242604,9.648906460678791,13,Wednesday
5552,2026-01-14 13:11:30.756167168,1.1936383726726287,13,Wednesday
5576,2026-01-14 13:11:34.086849599,2.686734267474002,13,Wednesday
5588,2026-01-14 13:13:26.030039900,3.9212094518952867,13,Wednesday
5606,2026-01-14 13:14:15.715537102,1.2182168096736383,13,Wednesday
5567,2026-01-14 13:15:36.417538855,4.299089436033837,13,Wednesday
5586,2026-01-14 13:17:46.520711940,5.638667139865632,13,Wednesday
5561,2026-01-14 13:18:19.373335086,6.475071791890516,13,Wednesday
5603,2026-01-14 13:18:25.739820683,9.640135946047803,13,Wednesday
5609,2026-01-14 13:20:10.927362781,7.062733363271137,13,Wednesday
5571,2026-01-14 13:21:54.164496514,2.561656471755667,13,Wednesday
5563,2026-01-14 13:22:32.540899368,8.827451095336697,13,Wednesday
5555,2026-01-14 13:23:55.108806706,1.213428702894628,13,Wednesday
5599,2026-01-14 13:23:58.223310938,4.940282045190572,13,Wednesday
5593,2026-01-14 13:24:52.632224627,2.041519519997095,13,Wednesday
5560,2026-01-14 13:24:57.299518557,4.7063600976380195,13,Wednesday
5557,2026-01-14 13:25:00.151189850,2.83765101996226,13,Wednesday
5549,2026-01-14 13:25:16.288967371,0.1632345715248727,13,Wednesday
5602,2026-01-14 13:25:25.295347198,6.17772763838367,13,Wednesday
5589,2026-01-14 13:26:38.100112967,9.179681673612022,13,Wednesday
5579,2026-01-14 13:27:51.850462754,3.9596264440838187,13,Wednesday
5575,2026-01-14 13:28:31.054715635,1.7384090423723442,13,Wednesday
5590,2026-01-14 13:29:03.167036735,10.743670777464231,13,Wednesday
5582,2026-01-14 13:29:45.024111974,1.5785818160544411,13,Wednesday
5554,2026-01-14 13:30:21.539984965,0.30188735276421796,13,Wednesday
5581,2026-01-14 13:30:28.023073024,2.5424722380027784,13,Wednesday
5569,2026-01-14 13:31:48.318588891,2.5769498718105313,13,Wednesday
5565,2026-01-14 13:31:48.891094918,2.4642983257233455,13,Wednesday
5587,2026-01-14 13:32:42.030296606,2.084524537976125,13,Wednesday
5553,2026-01-14 13:34:51.982480912,9.745143685684276,13,Wednesday
5551,2026-01-14 13:35:24.912114934,5.797742254855217,13,Wednesday
5597,2026-01-14 13:37:18.775070005,2.4028918286278294,13,Wednesday
5608,2026-01-14 13:37:37.698218620,4.224341898224045,13,Wednesday
5577,2026-01-14 13:37:38.551815967,7.731301830616367,13,Wednesday
5573,2026-01-14 13:40:25.361931795,3.2940998696187935,13,Wednesday
5566,2026-01-14 13:42:14.708407112,4.078183295932411,13,Wednesday
5564,2026-01-14 13:45:28.289239459,4.6243569340215345,13,Wednesday
5585,2026-01-14 13:47:08.881674676,10.792273738428008,13,Wednesday
5580,2026-01-14 13:49:02.993723492,0.27407725481557244,13,Wednesday
5570,2026-01-14 13:49:52.766656626,2.103634302348078,13,Wednesday
5591,2026-01-14 13:49:53.904144609,0.8741119796452229,13,Wednesday
5550,2026-01-14 13:50:22.440143311,0.7158844356065819,13,Wednesday
5595,2026-01-14 13:51:42.385823241,4.559474038759147,13,Wednesday
5605,2026-01-14 13:52:09.624388466,0.09020117468924133,13,Wednesday
5548,2026-01-14 13:52:52.310422400,5.574994960677299,13,Wednesday
5584,2026-01-14 13:53:23.877127488,1.843412814497537,13,Wednesday
5592,2026-01-14 13:53:45.702115169,2.074344486364156,13,Wednesday
5604,2026-01-14 13:54:18.317244197,5.78949500207627,13,Wednesday
5562,2026-01-14 13:55:31.959573104,1.8878634860743717,13,Wednesday
5583,2026-01-14 13:55:49.524575443,36.5795412140664,13,Wednesday
5568,2026-01-14 13:56:30.857902217,0.9048241439919302,13,Wednesday
5578,2026-01-14 13:58:45.911543296,3.9485612635903795,13,Wednesday
5600,2026-01-14 13:59:09.457087615,2.3552107255275248,13,Wednesday
5648,2026-01-14 14:00:14.145557119,7.703808964726435,14,Wednesday
5613,2026-01-14 14:05:01.251557691,0.5768950530425404,14,Wednesday
5654,2026-01-14 14:05:13.320834329,1.6013996641294819,14,Wednesday
5650,2026-01-14 14:06:00.821723914,0.19104350277632698,14,Wednesday
5623,2026-01-14 14:07:17.440210335,3.200918817091589,14,Wednesday
5640,2026-01-14 14:07:20.239396250,0.9142089870720137,14,Wednesday
5615,2026-01-14 14:07:33.969705554,11.247063307882696,14,Wednesday
5657,2026-01-14 14:09:05.716482848,0.6139843506745756,14,Wednesday
5632,2026-01-14 14:10:49.044470216,5.338883020747006,14,Wednesday
5643,2026-01-14 14:15:13.308587984,11.694135028169327,14,Wednesday
5647,2026-01-14 14:15:48.253003041,0.12661013150743286,14,Wednesday
5652,2026-01-14 14:16:33.870489849,0.7520354054492304,14,Wednesday
5655,2026-01-14 14:17:11.973294410,0.33707488250930345,14,Wednesday
5616,2026-01-14 14:23:34.651703892,6.278183707457972,14,Wednesday
5642,2026-01-14 14:24:50.647029985,2.4364953868495673,14,Wednesday
5627,2026-01-14 14:25:26.039107189,10.309828688042828,14,Wednesday
5645,2026-01-14 14:25:55.289278681,1.1565916505855791,14,Wednesday
5653,2026-01-14 14:26:37.124327772,4.012347488170758,14,Wednesday
5626,2026-01-14 14:27:02.244330389,1.7429793686874295,14,Wednesday
5625,2026-01-14 14:28:52.594141841,2.0485680886779374,14,Wednesday
5649,2026-01-14 14:29:43.653094450,1.9383957686296707,14,Wednesday
5619,2026-01-14 14:30:22.938024762,2.673888954121298,14,Wednesday
5628,2026-01-14 14:30:33.161706885,7.972442438971502,14,Wednesday
5630,2026-01-14 14:32:53.533582051,0.700534761303764,14,Wednesday
5610,2026-01-14 14:33:19.832322223,12.470293176970555,14,Wednesday
5637,2026-01-14 14:33:53.326011910,2.370423109865894,14,Wednesday
5620,2026-01-14 14:35:38.776697791,0.22789893075275056,14,Wednesday
5636,2026-01-14 14:36:24.920208815,8.190136749137144,14,Wednesday
5658,2026-01-14 14:38:49.774420057,0.3702084080823715,14,Wednesday
5635,2026-01-14 14:40:44.863792805,14.97416432393713,14,Wednesday
5611,2026-01-14 14:41:23.888443710,5.69462143750576,14,Wednesday
5621,2026-01-14 14:42:29.330404554,7.672615698656503,14,Wednesday
5633,2026-01-14 14:43:26.889523797,2.431000334114211,14,Wednesday
5651,2026-01-14 14:45:15.753439889,12.49315440095246,14,Wednesday
5656,2026-01-14 14:46:53.364875730,0.2560585183880736,14,Wednesday
5646,2026-01-14 14:48:30.112884636,17.503009222853642,14,Wednesday
5624,2026-01-14 14:48:36.249509625,11.500920656466603,14,Wednesday
5634,2026-01-14 14:48:44.062338991,9.053891683699677,14,Wednesday
5639,2026-01-14 14:49:17.927749792,2.165016692963119,14,Wednesday
5622,2026-01-14 14:49:57.931206429,5.677106047619388,14,Wednesday
5641,2026-01-14 14:50:54.915565311,0.1698174483096358,14,Wednesday
5617,2026-01-14 14:51:05.179306792,5.102063218721568,14,Wednesday
5638,2026-01-14 14:51:39.349737283,7.772060656495318,14,Wednesday
5644,2026-01-14 14:52:11.166844850,1.3655214838799639,14,Wednesday
5614,2026-01-14 14:54:04.406482720,1.443291584130142,14,Wednesday
5618,2026-01-14 14:54:22.515252256,5.449750610787186,14,Wednesday
5629,2026-01-14 14:56:42.181992220,3.6178238069093465,14,Wednesday
5631,2026-01-14 14:57:11.439137747,1.2108130589850228,14,Wednesday
5612,2026-01-14 14:58:17.046654991,8.330615143338232,14,Wednesday
5679,2026-01-14 15:00:59.533648418,2.0387657508983463,15,Wednesday
5700,2026-01-14 15:01:16.189730335,0.39500114394422936,15,Wednesday
5705,2026-01-14 15:02:12.815840078,9.999793004551899,15,Wednesday
5683,2026-01-14 15:04:26.267474175,0.47088465142447766,15,Wednesday
5676,2026-01-14 15:06:00.609574454,7.395393772813559,15,Wednesday
5702,2026-01-14 15:08:40.112507740,1.456728334452886,15,Wednesday
5684,2026-01-14 15:10:29.988583502,0.7074136084194655,15,Wednesday
5703,2026-01-14 15:13:58.699963480,1.8655146298455592,15,Wednesday
5675,2026-01-14 15:16:10.422095708,4.228505998864237,15,Wednesday
5690,2026-01-14 15:17:55.691030699,14.928457430907391,15,Wednesday
5665,2026-01-14 15:19:10.732899315,1.3511629181832354,15,Wednesday
5701,2026-01-14 15:20:12.140408031,5.943896537864593,15,Wednesday
5659,2026-01-14 15:20:34.411528856,1.2410294722385518,15,Wednesday
5677,2026-01-14 15:21:08.751691989,13.156052904363866,15,Wednesday
5696,2026-01-14 15:21:19.222949590,5.8488942106468835,15,Wednesday
5681,2026-01-14 15:21:33.096248601,13.098468740015129,15,Wednesday
5689,2026-01-14 15:22:18.696415199,5.053561416191984,15,Wednesday
5666,2026-01-14 15:22:51.993573629,3.4910963765791845,15,Wednesday
5670,2026-01-14 15:24:02.368254376,0.30297694911185313,15,Wednesday
5678,2026-01-14 15:24:10.702080444,1.5131471106831214,15,Wednesday
5660,2026-01-14 15:25:06.128076475,1.8521987444311825,15,Wednesday
5673,2026-01-14 15:26:05.928712396,5.299202593752389,15,Wednesday
5669,2026-01-14 15:28:54.119416844,3.116848484810553,15,Wednesday
5697,2026-01-14 15:34:27.373368925,2.6283738239516192,15,Wednesday
5682,2026-01-14 15:34:49.505396808,11.582753640952937,15,Wednesday
5686,2026-01-14 15:36:31.275100378,0.5637122136142307,15,Wednesday
5667,2026-01-14 15:36:49.363854675,1.5816272643157885,15,Wednesday
5668,2026-01-14 15:37:25.053410270,14.744482147000724,15,Wednesday
5693,2026-01-14 15:37:46.708443236,4.569126830868356,15,Wednesday
5699,2026-01-14 15:41:17.209954539,2.577127759054009,15,Wednesday
5663,2026-01-14 15:42:56.435328441,1.2312260252846798,15,Wednesday
5674,2026-01-14 15:43:38.252918062,1.639704256672275,15,Wednesday
5695,2026-01-14 15:46:54.285091734,0.6247675704845274,15,Wednesday
5694,2026-01-14 15:47:42.506601041,9.699012069850667,15,Wednesday
5680,2026-01-14 15:48:53.251205889,3.120591471276446,15,Wednesday
5672,2026-01-14 15:49:16.045054023,1.9937779979965313,15,Wednesday
5698,2026-01-14 15:49:59.004988551,1.154279578186829,15,Wednesday
5691,2026-01-14 15:51:30.081798572,28.620594772535174,15,Wednesday
5664,2026-01-14 15:53:04.856558718,0.8970753270150439,15,Wednesday
5685,2026-01-14 15:53:22.897411179,3.42102815148361,15,Wednesday
5704,2026-01-14 15:54:19.762118968,0.6453143752067005,15,Wednesday
5662,2026-01-14 15:54:38.706525857,3.818939438690587,15,Wednesday
5661,2026-01-14 15:55:44.208248061,4.797088257201255,15,Wednesday
5687,2026-01-14 15:57:01.022580613,2.120036331764199,15,Wednesday
5671,2026-01-14 15:59:10.249121791,6.533099944890253,15,Wednesday
5692,2026-01-14 15:59:55.001137334,2.351947578426977,15,Wednesday
5688,2026-01-14 15:59:55.500123808,0.8031058816635384,15,Wednesday
5728,2026-01-14 16:00:20.138961174,0.6815091815783657,16,Wednesday
5729,2026-01-14 16:02:34.019765690,3.943474928820084,16,Wednesday
5711,2026-01-14 16:06:13.945645003,3.5590538391722335,16,Wednesday
5731,2026-01-14 16:06:51.448629012,5.666956282854394,16,Wednesday
5710,2026-01-14 16:07:37.402555287,12.024103144000858,16,Wednesday
5727,2026-01-14 16:09:52.756877721,1.8264605782253482,16,Wednesday
5708,2026-01-14 16:11:33.107695577,8.30907606291132,16,Wednesday
5713,2026-01-14 16:12:31.813273627,0.5927937704316122,16,Wednesday
5735,2026-01-14 16:12:56.192627095,6.511687248061967,16,Wednesday
5730,2026-01-14 16:14:38.628423754,9.758143281891254,16,Wednesday
5721,2026-01-14 16:17:33.405818724,0.11204373266091905,16,Wednesday
5714,2026-01-14 16:18:24.381904870,4.165368721893145,16,Wednesday
5724,2026-01-14 16:18:26.863822920,1.3688216395294246,16,Wednesday
5722,2026-01-14 16:19:20.399922481,0.04192395919014802,16,Wednesday
5707,2026-01-14 16:24:37.775212348,3.5453078216284983,16,Wednesday
5723,2026-01-14 16:26:16.791892423,0.5846641790316701,16,Wednesday
5716,2026-01-14 16:26:57.664740226,2.82567771293653,16,Wednesday
5715,2026-01-14 16:28:30.818881206,1.429696689288808,16,Wednesday
5732,2026-01-14 16:32:00.017213613,1.7554676675421954,16,Wednesday
5706,2026-01-14 16:34:09.957659141,2.5482919930734775,16,Wednesday
5718,2026-01-14 16:37:24.354456396,1.4852015413545323,16,Wednesday
5719,2026-01-14 16:38:39.826184214,0.2679800221458772,16,Wednesday
5717,2026-01-14 16:42:30.884850233,5.026299779708968,16,Wednesday
5712,2026-01-14 16:42:36.522135347,5.9253422226035655,16,Wednesday
5720,2026-01-14 16:42:50.595590359,0.05143291176106313,16,Wednesday
5734,2026-01-14 16:44:12.300795287,6.2738043633944045,16,Wednesday
5709,2026-01-14 16:44:42.477894594,9.135532490877862,16,Wednesday
5726,2026-01-14 16:48:50.586935117,21.636402329979497,16,Wednesday
5733,2026-01-14 16:51:28.782801818,4.123302024329407,16,Wednesday
5725,2026-01-14 16:59:05.776328295,1.2501431532516574,16,Wednesday
5741,2026-01-15 08:00:20.347577428,0.8817312361558631,8,Thursday
5757,2026-01-15 08:03:06.283726808,0.2153226239121375,8,Thursday
5755,2026-01-15 08:06:53.230603178,13.740858590118101,8,Thursday
5748,2026-01-15 08:07:57.295848652,12.763657659377428,8,Thursday
5750,2026-01-15 08:10:37.687637254,2.866619531841706,8,Thursday
5743,2026-01-15 08:10:58.417580385,3.6236742367538417,8,Thursday
5746,2026-01-15 08:13:30.145436559,7.065713634229999,8,Thursday
5751,2026-01-15 08:21:49.059895576,7.801143982634723,8,Thursday
5752,2026-01-15 08:22:24.471180453,8.516398071184367,8,Thursday
5749,2026-01-15 08:23:42.274771397,5.346083612191723,8,Thursday
5738,2026-01-15 08:25:47.482928800,16.831901512199153,8,Thursday
5744,2026-01-15 08:28:12.896348375,4.216417019303314,8,Thursday
5747,2026-01-15 08:28:36.462806041,1.8520815520239267,8,Thursday
5737,2026-01-15 08:34:44.171613865,0.5565234825463904,8,Thursday
5739,2026-01-15 08:38:29.653064034,14.139538789065945,8,Thursday
5756,2026-01-15 08:43:33.487605582,0.9000673425805763,8,Thursday
5740,2026-01-15 08:49:05.563204933,1.0779099374175114,8,Thursday
5736,2026-01-15 08:52:12.379650038,0.15328590518021737,8,Thursday
5745,2026-01-15 08:52:19.307045434,1.2525315415998213,8,Thursday
5742,2026-01-15 08:59:31.189232453,1.375705774372202,8,Thursday
5753,2026-01-15 08:59:35.414842553,1.7158442843371515,8,Thursday
5754,2026-01-15 08:59:41.326905493,2.075415140638018,8,Thursday
5766,2026-01-15 09:00:44.246380160,0.10532784537686346,9,Thursday
5771,2026-01-15 09:03:46.921148999,2.0166341160794388,9,Thursday
5764,2026-01-15 09:05:35.981232971,0.6974280470477568,9,Thursday
5761,2026-01-15 09:06:00.232817639,8.280111996101558,9,Thursday
5781,2026-01-15 09:07:12.009898620,0.9299821428447373,9,Thursday
5765,2026-01-15 09:10:21.566643951,0.42386453847626837,9,Thursday
5776,2026-01-15 09:17:16.575893417,2.781503774060747,9,Thursday
5774,2026-01-15 09:18:51.269473798,13.80519435832497,9,Thursday
5783,2026-01-15 09:21:24.466520357,6.333462591039501,9,Thursday
5782,2026-01-15 09:31:55.098244187,0.0007887851052062069,9,Thursday
5760,2026-01-15 09:31:59.522391728,0.07470614373072437,9,Thursday
5780,2026-01-15 09:33:48.493705726,1.2211123171993399,9,Thursday
5762,2026-01-15 09:35:19.280307609,13.940506360432934,9,Thursday
5767,2026-01-15 09:35:37.149286008,4.954333646127727,9,Thursday
5769,2026-01-15 09:40:14.387937607,21.68095242015147,9,Thursday
5779,2026-01-15 09:45:27.567419770,3.372703678413505,9,Thursday
5758,2026-01-15 09:46:18.005182718,7.096758032753727,9,Thursday
5763,2026-01-15 09:46:42.224211671,7.7866104483974325,9,Thursday
5784,2026-01-15 09:47:31.981319359,0.5888369786521352,9,Thursday
5773,2026-01-15 09:48:50.645834592,8.732267482124389,9,Thursday
5778,2026-01-15 09:52:50.694877467,9.700114002822403,9,Thursday
5768,2026-01-15 09:53:12.243811005,4.9668396988953845,9,Thursday
5777,2026-01-15 09:53:21.497005781,5.038114906267069,9,Thursday
5772,2026-01-15 09:54:10.803906545,4.89648450077997,9,Thursday
5759,2026-01-15 09:55:10.310264086,12.073872550433894,9,Thursday
5775,2026-01-15 09:58:24.695586614,8.125910170650672,9,Thursday
5770,2026-01-15 09:58:55.344315327,2.537847770130245,9,Thursday
5806,2026-01-15 10:00:39.701103368,3.311566368458709,10,Thursday
5788,2026-01-15 10:03:20.299173583,1.3129337810194788,10,Thursday
5797,2026-01-15 10:03:54.165447853,5.853355618041535,10,Thursday
5793,2026-01-15 10:04:01.301084535,0.020678474416995767,10,Thursday
5796,2026-01-15 10:07:17.825364550,1.3637353441529316,10,Thursday
5789,2026-01-15 10:07:26.181099351,0.5181298209840253,10,Thursday
5809,2026-01-15 10:12:11.354173883,1.3696179926268626,10,Thursday
5792,2026-01-15 10:17:44.928105904,10.235521963309168,10,Thursday
5791,2026-01-15 10:20:13.073236248,1.7550589887563333,10,Thursday
5786,2026-01-15 10:23:52.646198264,9.23370574041198,10,Thursday
5800,2026-01-15 10:25:02.841855937,0.8874360832417622,10,Thursday
5805,2026-01-15 10:25:47.577929249,0.4904454546523079,10,Thursday
5804,2026-01-15 10:28:40.358300351,2.6898728487242227,10,Thursday
5790,2026-01-15 10:29:57.161412719,19.417302544632978,10,Thursday
5785,2026-01-15 10:33:37.367496492,1.403109856098377,10,Thursday
5808,2026-01-15 10:36:11.908362200,0.6902066235993014,10,Thursday
5787,2026-01-15 10:40:28.826371283,8.658827479493901,10,Thursday
5799,2026-01-15 10:40:52.221181582,0.40326253734171597,10,Thursday
5795,2026-01-15 10:41:30.546910050,3.1355923705296984,10,Thursday
5801,2026-01-15 10:42:06.231746720,2.455517531710198,10,Thursday
5802,2026-01-15 10:45:22.794431328,1.0265431166021162,10,Thursday
5803,2026-01-15 10:46:47.863928599,7.856433740893261,10,Thursday
5813,2026-01-15 10:52:26.603627300,2.0329077861619442,10,Thursday
5794,2026-01-15 10:53:44.589029092,0.10624488059269348,10,Thursday
5811,2026-01-15 10:54:53.754846373,12.925571145477413,10,Thursday
5810,2026-01-15 10:55:10.572309917,9.813725000132536,10,Thursday
5807,2026-01-15 10:55:35.605614510,0.47616091006893596,10,Thursday
5798,2026-01-15 10:58:29.541120352,4.168536951360032,10,Thursday
5812,2026-01-15 10:59:21.062991717,8.750911404455826,10,Thursday
5814,2026-01-15 10:59:52.023796152,1.5903383108869162,10,Thursday
5846,2026-01-15 11:00:13.482340960,3.4897788952387443,11,Thursday
5860,2026-01-15 11:00:16.720139105,6.481196336666384,11,Thursday
5858,2026-01-15 11:02:16.023198524,9.302513683017066,11,Thursday
5817,2026-01-15 11:02:57.451196485,0.41708505742605073,11,Thursday
5835,2026-01-15 11:05:41.951921918,0.36723549881332096,11,Thursday
5832,2026-01-15 11:06:00.114015841,0.37729535247981166,11,Thursday
5855,2026-01-15 11:06:01.585504303,1.1586581056134078,11,Thursday
5848,2026-01-15 11:06:25.764108936,7.073713376503643,11,Thursday
5816,2026-01-15 11:07:53.654562764,5.311011092032338,11,Thursday
5845,2026-01-15 11:08:30.583783275,1.8500232320651961,11,Thursday
5856,2026-01-15 11:09:20.125167786,4.8842898776648145,11,Thursday
5839,2026-01-15 11:09:29.277524589,18.29515211496172,11,Thursday
5852,2026-01-15 11:10:30.807452518,1.3607657853392163,11,Thursday
5828,2026-01-15 11:11:46.376344213,10.85443748447042,11,Thursday
5833,2026-01-15 11:15:27.864220721,9.06115965391953,11,Thursday
5844,2026-01-15 11:16:30.144932186,2.9700520651271,11,Thursday
5851,2026-01-15 11:16:32.469228849,3.9213139107469703,11,Thursday
5862,2026-01-15 11:18:26.370651555,2.521106951536612,11,Thursday
5827,2026-01-15 11:18:35.130827731,1.9959494841488576,11,Thursday
5836,2026-01-15 11:19:14.751890478,2.555954248421047,11,Thursday
5837,2026-01-15 11:23:13.759418594,4.300995236850914,11,Thursday
5849,2026-01-15 11:23:30.219949072,3.9251468745486706,11,Thursday
5841,2026-01-15 11:26:51.152047678,0.31175483382299823,11,Thursday
5830,2026-01-15 11:27:10.853101368,1.1829198353030472,11,Thursday
5843,2026-01-15 11:28:04.331689082,4.1640380870101055,11,Thursday
5823,2026-01-15 11:30:39.617148760,10.193892646237462,11,Thursday
5847,2026-01-15 11:31:55.766945945,2.067584215939327,11,Thursday
5829,2026-01-15 11:32:53.232233934,9.406606362378984,11,Thursday
5850,2026-01-15 11:35:21.378340453,10.471670401563415,11,Thursday
5838,2026-01-15 11:37:21.337667625,9.652245004518,11,Thursday
5821,2026-01-15 11:40:42.468776677,13.153297774287081,11,Thursday
5818,2026-01-15 11:41:39.681200382,1.387535477426206,11,Thursday
5834,2026-01-15 11:45:06.476200267,0.9591079992406493,11,Thursday
5853,2026-01-15 11:46:28.997841393,9.522129112626743,11,Thursday
5819,2026-01-15 11:49:56.012820614,7.429012321984474,11,Thursday
5820,2026-01-15 11:50:46.855607519,3.7611521498444804,11,Thursday
5826,2026-01-15 11:50:49.766845211,16.073719539890284,11,Thursday
5840,2026-01-15 11:51:38.176165258,2.89456339037703,11,Thursday
5861,2026-01-15 11:52:25.207160344,0.502065027510953,11,Thursday
5831,2026-01-15 11:52:39.930031893,4.8946938825553685,11,Thursday
5824,2026-01-15 11:54:49.733274010,2.979697986897051,11,Thursday
5842,2026-01-15 11:55:01.278162770,6.913814600539069,11,Thursday
5863,2026-01-15 11:56:18.919889438,20.44422947989192,11,Thursday
5854,2026-01-15 11:56:48.448220213,4.073400446515366,11,Thursday
5822,2026-01-15 11:57:14.456894829,2.7996540107227954,11,Thursday
5857,2026-01-15 11:57:36.045566109,2.2136294823980056,11,Thursday
5825,2026-01-15 11:58:04.123693169,19.375630408123705,11,Thursday
5859,2026-01-15 11:58:39.476411581,3.019272975124276,11,Thursday
5815,2026-01-15 11:59:36.142037376,1.9059015906642118,11,Thursday
5892,2026-01-15 12:01:26.260986447,3.3416921297646525,12,Thursday
5896,2026-01-15 12:03:06.195177196,1.7439881072244425,12,Thursday
5898,2026-01-15 12:04:27.591140472,0.40414128884984274,12,Thursday
5929,2026-01-15 12:04:35.831330146,3.569430221394132,12,Thursday
5924,2026-01-15 12:06:39.788799761,2.667201895931488,12,Thursday
5872,2026-01-15 12:07:25.970035064,1.5909206244792151,12,Thursday
5906,2026-01-15 12:08:13.414860731,4.759993688901632,12,Thursday
5886,2026-01-15 12:08:56.744443217,5.2276936644809044,12,Thursday
5910,2026-01-15 12:10:37.953767356,2.2493817306640014,12,Thursday
5923,2026-01-15 12:11:09.432403407,3.992409770145,12,Thursday
5909,2026-01-15 12:11:11.439645014,4.0304599982992935,12,Thursday
5890,2026-01-15 12:11:21.682419650,1.449518926782366,12,Thursday
5897,2026-01-15 12:12:39.737988751,0.06877019026818203,12,Thursday
5905,2026-01-15 12:14:40.226990439,2.1066196702412783,12,Thursday
5915,2026-01-15 12:15:43.112031402,5.458810189292452,12,Thursday
5926,2026-01-15 12:16:03.042686473,6.2609423972693605,12,Thursday
5904,2026-01-15 12:16:22.903664433,1.3144652616488273,12,Thursday
5864,2026-01-15 12:16:39.950578118,18.236880504921317,12,Thursday
5899,2026-01-15 12:17:20.091536893,2.485392545101939,12,Thursday
5921,2026-01-15 12:17:49.489979560,1.6281106379894128,12,Thursday
5918,2026-01-15 12:18:06.405203290,4.65105174516083,12,Thursday
5883,2026-01-15 12:19:22.956904626,5.546124024868188,12,Thursday
5865,2026-01-15 12:19:47.336911882,1.9841173066752495,12,Thursday
5880,2026-01-15 12:19:53.018900193,9.560712126689289,12,Thursday
5934,2026-01-15 12:20:56.381767086,4.44331130203449,12,Thursday
5888,2026-01-15 12:24:15.524752391,0.07511269789356181,12,Thursday
5914,2026-01-15 12:24:24.710787141,22.107016878823003,12,Thursday
5885,2026-01-15 12:24:54.281264428,3.210211461522889,12,Thursday
5922,2026-01-15 12:25:35.590275269,11.050688499537188,12,Thursday
5879,2026-01-15 12:25:42.034059965,0.5411819034874203,12,Thursday
5871,2026-01-15 12:26:13.481097926,4.751699766188266,12,Thursday
5935,2026-01-15 12:27:13.871720466,1.863966783203535,12,Thursday
5884,2026-01-15 12:27:49.610150499,0.9629193555918627,12,Thursday
5930,2026-01-15 12:28:22.926450301,2.8439017924031296,12,Thursday
5869,2026-01-15 12:30:35.546602703,5.547309974628599,12,Thursday
5891,2026-01-15 12:32:52.334918293,2.806641097354582,12,Thursday
5903,2026-01-15 12:32:57.304576960,3.961937071267934,12,Thursday
5873,2026-01-15 12:33:51.990629953,1.6022238299595295,12,Thursday
5901,2026-01-15 12:33:58.269543542,2.3645962268165865,12,Thursday
5876,2026-01-15 12:34:43.322331692,2.1360368987311316,12,Thursday
5894,2026-01-15 12:34:51.290033686,5.594966576496908,12,Thursday
5936,2026-01-15 12:35:41.886086429,2.986275404020844,12,Thursday
5902,2026-01-15 12:36:43.739357808,4.946762087829612,12,Thursday
5908,2026-01-15 12:36:59.325690748,6.996157201869052,12,Thursday
5895,2026-01-15 12:37:32.122500491,4.533410981494748,12,Thursday
5900,2026-01-15 12:37:38.780427655,0.8360280103221446,12,Thursday
5877,2026-01-15 12:38:48.500377256,7.195427628962966,12,Thursday
5866,2026-01-15 12:39:01.316017783,12.829101384604824,12,Thursday
5913,2026-01-15 12:39:33.836687659,0.20017181579428656,12,Thursday
5925,2026-01-15 12:43:21.943318222,0.3772944911299591,12,Thursday
5912,2026-01-15 12:44:33.831109547,10.577097697608831,12,Thursday
5868,2026-01-15 12:44:58.295791708,22.58326306152668,12,Thursday
5867,2026-01-15 12:45:25.181134162,1.569150993175009,12,Thursday
5920,2026-01-15 12:45:32.155015012,0.5590111332969003,12,Thursday
5933,2026-01-15 12:45:35.989769991,14.173092108678523,12,Thursday
5893,2026-01-15 12:45:51.193741832,0.742660188808279,12,Thursday
5932,2026-01-15 12:47:20.223227548,1.3289209650460034,12,Thursday
5875,2026-01-15 12:47:34.777145013,0.6054754970384326,12,Thursday
5917,2026-01-15 12:47:50.062470082,0.19369290097494468,12,Thursday
5931,2026-01-15 12:48:07.425213518,4.498041958021891,12,Thursday
5870,2026-01-15 12:48:38.953936217,3.113550578791631,12,Thursday
5927,2026-01-15 12:49:12.213716686,6.067604940755185,12,Thursday
5919,2026-01-15 12:50:51.233266602,3.315787599352743,12,Thursday
5907,2026-01-15 12:50:56.655149652,9.86119462822016,12,Thursday
5882,2026-01-15 12:51:48.395280637,16.20248656650881,12,Thursday
5911,2026-01-15 12:52:22.928165494,2.2710551769220286,12,Thursday
5889,2026-01-15 12:52:31.184697496,0.6928804822839703,12,Thursday
5878,2026-01-15 12:55:50.023297328,4.682099449254949,12,Thursday
5874,2026-01-15 12:57:08.284984563,0.6026784126948549,12,Thursday
5887,2026-01-15 12:57:28.149565727,0.14335918896155508,12,Thursday
5881,2026-01-15 12:58:38.069634001,4.598578288588853,12,Thursday
5916,2026-01-15 12:58:46.022747206,5.714979639613979,12,Thursday
5928,2026-01-15 12:59:44.191361451,4.760154436652854,12,Thursday
5944,2026-01-15 13:00:45.333405602,7.243221949823325,13,Thursday
5985,2026-01-15 13:01:59.426967920,7.65551381891877,13,Thursday
6005,2026-01-15 13:02:21.804586402,0.8475311825744012,13,Thursday
5980,2026-01-15 13:03:10.702461765,17.425550182877323,13,Thursday
5943,2026-01-15 13:04:06.066173462,1.7253074070100494,13,Thursday
5960,2026-01-15 13:04:24.098734260,4.451962331577814,13,Thursday
5959,2026-01-15 13:04:30.980067612,14.432028866741053,13,Thursday
6010,2026-01-15 13:04:39.620687782,9.652544771187904,13,Thursday
5966,2026-01-15 13:04:56.470765212,15.933332535401926,13,Thursday
5983,2026-01-15 13:05:26.107287165,1.121809170542346,13,Thursday
6002,2026-01-15 13:05:59.146814537,5.422330056084642,13,Thursday
5957,2026-01-15 13:06:05.668359247,0.5027975747935935,13,Thursday
5979,2026-01-15 13:06:10.198137830,2.8255553601894743,13,Thursday
5986,2026-01-15 13:06:16.227225513,0.5973374811653914,13,Thursday
5971,2026-01-15 13:06:40.731557319,2.1633051676228963,13,Thursday
5984,2026-01-15 13:06:48.338736285,7.805003980590659,13,Thursday
6008,2026-01-15 13:07:09.300603653,1.0786919382497764,13,Thursday
5941,2026-01-15 13:07:49.632553838,1.2035018111602995,13,Thursday
5961,2026-01-15 13:11:45.021270819,2.111799029502796,13,Thursday
5987,2026-01-15 13:12:33.911340481,12.155755759518387,13,Thursday
5972,2026-01-15 13:12:43.651435398,1.8835091315584416,13,Thursday
5948,2026-01-15 13:13:57.340693069,0.0574926606872709,13,Thursday
5968,2026-01-15 13:16:16.566911339,6.358830649149497,13,Thursday
5937,2026-01-15 13:17:34.208240856,5.568268043256818,13,Thursday
5995,2026-01-15 13:18:52.365951372,1.043411069717388,13,Thursday
5939,2026-01-15 13:18:55.761143336,3.345332134684029,13,Thursday
5958,2026-01-15 13:19:42.067465718,2.413753909029876,13,Thursday
6013,2026-01-15 13:19:46.963831491,3.8514452717233487,13,Thursday
5977,2026-01-15 13:20:01.373454512,0.041697592214612625,13,Thursday
5965,2026-01-15 13:20:07.715798019,3.51716669553842,13,Thursday
5947,2026-01-15 13:21:06.576829512,0.4244698285287541,13,Thursday
6006,2026-01-15 13:21:47.686242823,7.802007220786708,13,Thursday
6004,2026-01-15 13:22:17.100883175,8.357452111991853,13,Thursday
6014,2026-01-15 13:23:26.701251752,1.188576061378534,13,Thursday
6000,2026-01-15 13:24:39.753235515,1.9546877598940786,13,Thursday
5954,2026-01-15 13:26:34.333821981,11.092572894470777,13,Thursday
5973,2026-01-15 13:28:23.140337157,5.763384000692817,13,Thursday
5962,2026-01-15 13:29:06.911716535,4.913049929633986,13,Thursday
5964,2026-01-15 13:29:07.785208197,1.6009615861685051,13,Thursday
5955,2026-01-15 13:29:28.107488884,3.377203838577505,13,Thursday
5950,2026-01-15 13:30:32.407860732,2.641025498185769,13,Thursday
5997,2026-01-15 13:32:00.630910084,7.880733293033306,13,Thursday
5992,2026-01-15 13:32:06.265499205,15.682325219685412,13,Thursday
5967,2026-01-15 13:33:01.063883459,0.9461033650911967,13,Thursday
5996,2026-01-15 13:33:39.996391566,3.4706873043945707,13,Thursday
5946,2026-01-15 13:34:52.821180956,1.7297028275315662,13,Thursday
5994,2026-01-15 13:35:44.907116603,0.5578747164884271,13,Thursday
6016,2026-01-15 13:36:05.295963172,7.428069026599319,13,Thursday
6007,2026-01-15 13:36:38.313903317,0.3319558374437809,13,Thursday
5969,2026-01-15 13:36:53.763040501,4.765824109151687,13,Thursday
5949,2026-01-15 13:37:00.788819738,2.788280712349022,13,Thursday
5953,2026-01-15 13:38:06.088438109,1.4813836350551,13,Thursday
5989,2026-01-15 13:40:04.296800062,4.746360194007856,13,Thursday
5938,2026-01-15 13:40:46.228881851,2.464638887866741,13,Thursday
5956,2026-01-15 13:40:56.924638452,4.571159703331865,13,Thursday
6012,2026-01-15 13:42:25.695064568,1.9814734696407552,13,Thursday
6015,2026-01-15 13:44:26.913713037,8.334176933902942,13,Thursday
5942,2026-01-15 13:45:45.670213636,2.705188797898839,13,Thursday
6001,2026-01-15 13:45:48.206442388,2.086692131955896,13,Thursday
5975,2026-01-15 13:46:18.515194571,2.720660425293044,13,Thursday
5991,2026-01-15 13:46:34.101853289,10.70218388839658,13,Thursday
6003,2026-01-15 13:46:36.592930013,3.1461638288050677,13,Thursday
5990,2026-01-15 13:46:42.790891866,21.214322652203602,13,Thursday
5963,2026-01-15 13:47:05.187556186,12.062618671369991,13,Thursday
5940,2026-01-15 13:47:33.006054701,22.960028120628053,13,Thursday
5993,2026-01-15 13:47:50.960319766,2.0973037429985126,13,Thursday
5998,2026-01-15 13:49:24.430993533,0.8134985184991451,13,Thursday
5981,2026-01-15 13:51:20.169457394,0.7559957314337262,13,Thursday
5945,2026-01-15 13:53:53.604667795,7.219884869855948,13,Thursday
5976,2026-01-15 13:53:53.625095386,1.0423502164986351,13,Thursday
6009,2026-01-15 13:55:26.524172748,5.337744664609653,13,Thursday
5982,2026-01-15 13:55:38.153532745,4.425980832282277,13,Thursday
6011,2026-01-15 13:55:48.024191399,1.4563065363155707,13,Thursday
5974,2026-01-15 13:58:07.009735245,1.213819418677026,13,Thursday
5988,2026-01-15 13:58:12.275828076,1.082265208876205,13,Thursday
5970,2026-01-15 13:58:37.875860876,5.692097914926347,13,Thursday
5999,2026-01-15 13:58:54.217982573,5.3901018097645705,13,Thursday
5952,2026-01-15 13:58:59.577551953,3.172524500341291,13,Thursday
5951,2026-01-15 13:59:29.751991907,22.279390151287277,13,Thursday
5978,2026-01-15 13:59:31.338505602,17.542358643983334,13,Thursday
6063,2026-01-15 14:02:36.818450060,1.283054691461727,14,Thursday
6027,2026-01-15 14:03:00.518483058,19.059980693986137,14,Thursday
6020,2026-01-15 14:03:00.767237247,17.885276317212355,14,Thursday
6033,2026-01-15 14:03:50.123391090,3.0695389615200517,14,Thursday
6062,2026-01-15 14:04:18.157875185,0.8106742197733052,14,Thursday
6022,2026-01-15 14:09:09.550728002,0.533057534559614,14,Thursday
6054,2026-01-15 14:09:22.540823320,31.906060277913785,14,Thursday
6042,2026-01-15 14:12:20.266111916,15.493224495289768,14,Thursday
6064,2026-01-15 14:13:02.126641777,3.1610112090771163,14,Thursday
6056,2026-01-15 14:13:49.519098531,1.8436985280215312,14,Thursday
6046,2026-01-15 14:15:38.910337893,1.4015612174392826,14,Thursday
6060,2026-01-15 14:16:07.669546201,8.487535076029324,14,Thursday
6025,2026-01-15 14:16:53.593905821,7.592833321492737,14,Thursday
6030,2026-01-15 14:17:05.281347298,3.136485863231224,14,Thursday
6037,2026-01-15 14:18:46.604222454,21.333479755782108,14,Thursday
6018,2026-01-15 14:20:14.386311972,10.60576412443397,14,Thursday
6024,2026-01-15 14:21:19.618068889,4.256354483784085,14,Thursday
6052,2026-01-15 14:21:36.423775760,0.03053067767296535,14,Thursday
6029,2026-01-15 14:22:12.012746070,0.8152338778801347,14,Thursday
6028,2026-01-15 14:23:47.791677603,2.8495188495523145,14,Thursday
6059,2026-01-15 14:24:40.418505473,0.07767607531915113,14,Thursday
6044,2026-01-15 14:27:04.809717861,2.0150175890955997,14,Thursday
6041,2026-01-15 14:27:21.979438261,1.452421037587512,14,Thursday
6040,2026-01-15 14:29:22.419262419,4.130907800922587,14,Thursday
6039,2026-01-15 14:30:02.718989067,10.881113525278412,14,Thursday
6035,2026-01-15 14:31:38.276879263,1.5553998175317727,14,Thursday
6058,2026-01-15 14:31:41.010318811,7.609935089123202,14,Thursday
6055,2026-01-15 14:32:07.893177704,5.936648180659791,14,Thursday
6038,2026-01-15 14:34:26.983198594,0.25148775461696266,14,Thursday
6053,2026-01-15 14:36:00.446183782,3.544980952240686,14,Thursday
6021,2026-01-15 14:36:31.279537905,0.7703317093998087,14,Thursday
6019,2026-01-15 14:37:59.184561783,1.2037489962023058,14,Thursday
6049,2026-01-15 14:39:48.449962857,12.223371828090603,14,Thursday
6047,2026-01-15 14:40:57.877822657,8.944289661546053,14,Thursday
6034,2026-01-15 14:42:52.874817965,4.502170896198756,14,Thursday
6057,2026-01-15 14:44:37.452533828,10.472109262751342,14,Thursday
6032,2026-01-15 14:45:03.342216660,8.925680675192648,14,Thursday
6043,2026-01-15 14:45:20.555720972,3.301989725631111,14,Thursday
6017,2026-01-15 14:46:29.379959956,5.320007097283982,14,Thursday
6051,2026-01-15 14:49:38.931455125,0.6456402157742984,14,Thursday
6023,2026-01-15 14:49:50.099970412,0.5951089212094152,14,Thursday
6026,2026-01-15 14:50:27.200316161,2.28379604833257,14,Thursday
6050,2026-01-15 14:52:16.582467422,1.319622343792949,14,Thursday
6036,2026-01-15 14:54:03.124419845,5.191112962653542,14,Thursday
6031,2026-01-15 14:54:42.315595205,5.682149713436847,14,Thursday
6048,2026-01-15 14:56:26.581486700,4.764903371776941,14,Thursday
6045,2026-01-15 14:57:30.658590009,1.0013949226096388,14,Thursday
6065,2026-01-15 14:58:15.860851060,2.7657778625216753,14,Thursday
6066,2026-01-15 14:58:45.257405951,1.7046217585904888,14,Thursday
6061,2026-01-15 14:59:55.314534628,1.7871386877873467,14,Thursday
6092,2026-01-15 15:03:50.886908054,5.223008146275378,15,Thursday
6088,2026-01-15 15:03:53.179918290,2.7696064770250577,15,Thursday
6099,2026-01-15 15:04:27.021469025,1.0475413494516608,15,Thursday
6084,2026-01-15 15:05:17.925796386,7.871428616721334,15,Thursday
6098,2026-01-15 15:08:03.258308737,4.786847158021589,15,Thursday
6072,2026-01-15 15:08:12.102268160,1.0339395487863965,15,Thursday
6096,2026-01-15 15:12:25.505369595,0.06369310646760994,15,Thursday
6090,2026-01-15 15:12:41.503053108,0.28041669268884173,15,Thursday
6081,2026-01-15 15:12:45.443482629,22.812856808972466,15,Thursday
6071,2026-01-15 15:13:03.597153837,0.08338876540454418,15,Thursday
6087,2026-01-15 15:13:11.101080600,21.472202133427977,15,Thursday
6093,2026-01-15 15:13:34.570505130,2.5877417106061875,15,Thursday
6070,2026-01-15 15:14:41.312261083,8.217941476485217,15,Thursday
6083,2026-01-15 15:16:19.502967280,3.631863619472705,15,Thursday
6077,2026-01-15 15:17:32.399920620,15.680596560163831,15,Thursday
6069,2026-01-15 15:17:45.373083617,9.16531914057787,15,Thursday
6078,2026-01-15 15:19:49.119619428,1.1247664498051078,15,Thursday
6097,2026-01-15 15:20:09.289842384,0.006021694169918977,15,Thursday
6080,2026-01-15 15:20:58.011506821,1.9382657294700643,15,Thursday
6082,2026-01-15 15:22:27.610153308,0.8580279247407575,15,Thursday
6091,2026-01-15 15:23:36.367761972,9.232453761350989,15,Thursday
6073,2026-01-15 15:33:04.789978892,5.319682065001769,15,Thursday
6074,2026-01-15 15:36:19.441339032,2.356096621950301,15,Thursday
6101,2026-01-15 15:39:20.138224481,5.296067079518622,15,Thursday
6076,2026-01-15 15:40:48.768135361,5.474169070087563,15,Thursday
6079,2026-01-15 15:40:53.452327592,9.973922367057671,15,Thursday
6075,2026-01-15 15:42:19.809578387,20.222817605982918,15,Thursday
6089,2026-01-15 15:44:19.778774464,4.632615782623365,15,Thursday
6068,2026-01-15 15:46:40.049689510,7.251466481280601,15,Thursday
6094,2026-01-15 15:47:34.448201986,0.08150846738206612,15,Thursday
6095,2026-01-15 15:48:15.827208894,4.478383598040993,15,Thursday
6085,2026-01-15 15:49:48.500048195,2.833828141464432,15,Thursday
6086,2026-01-15 15:51:11.201000965,3.1563490499828397,15,Thursday
6067,2026-01-15 15:59:24.395221445,3.90548417922947,15,Thursday
6100,2026-01-15 15:59:31.818172014,1.0652702950173767,15,Thursday
6108,2026-01-15 16:04:43.261164990,10.656828415677355,16,Thursday
6107,2026-01-15 16:05:21.299105891,5.072148737955794,16,Thursday
6113,2026-01-15 16:06:03.199687581,11.623852822566061,16,Thursday
6119,2026-01-15 16:08:04.045346761,0.6973986689033651,16,Thursday
6102,2026-01-15 16:08:57.954847711,1.7082640783195304,16,Thursday
6111,2026-01-15 16:13:03.824523289,1.42979882215695,16,Thursday
6106,2026-01-15 16:15:18.832380906,5.743706337597311,16,Thursday
6112,2026-01-15 16:15:24.269764829,5.668854635734887,16,Thursday
6109,2026-01-15 16:25:34.145574422,4.409644325328129,16,Thursday
6118,2026-01-15 16:29:11.133006093,4.355491224911424,16,Thursday
6103,2026-01-15 16:34:48.634931267,5.429911520164355,16,Thursday
6114,2026-01-15 16:36:20.052986018,2.436622488934307,16,Thursday
6116,2026-01-15 16:38:34.552349378,6.451091486042719,16,Thursday
6104,2026-01-15 16:39:42.354557018,4.748229066290159,16,Thursday
6115,2026-01-15 16:40:47.542346209,7.5503206227335715,16,Thursday
6105,2026-01-15 16:43:16.089072956,3.7857959189202828,16,Thursday
6117,2026-01-15 16:51:40.068874961,0.3068574241275122,16,Thursday
6110,2026-01-15 16:56:45.039872625,7.5389519779265655,16,Thursday
6122,2026-01-16 08:02:05.661092663,6.308666527518753,8,Friday
6125,2026-01-16 08:06:03.875372538,2.4523371639136067,8,Friday
6132,2026-01-16 08:12:30.699145077,4.078396411755349,8,Friday
6130,2026-01-16 08:12:59.366042158,2.885084367413876,8,Friday
6131,2026-01-16 08:15:48.862623306,4.017211122280225,8,Friday
6121,2026-01-16 08:20:41.601027023,14.77459097303704,8,Friday
6124,2026-01-16 08:23:16.242358869,5.090220678323536,8,Friday
6123,2026-01-16 08:32:29.909428198,10.662809462892618,8,Friday
6120,2026-01-16 08:35:40.105877685,7.242198609888279,8,Friday
6128,2026-01-16 08:45:23.738162450,0.15981300076793717,8,Friday
6126,2026-01-16 08:48:06.913412121,2.77355331939177,8,Friday
6129,2026-01-16 08:49:20.720316058,5.945020387178861,8,Friday
6127,2026-01-16 08:54:54.276355003,0.3915454804742818,8,Friday
6142,2026-01-16 09:02:05.936957909,1.212463520223284,9,Friday
6147,2026-01-16 09:04:54.134254568,2.5878243270421617,9,Friday
6148,2026-01-16 09:08:07.362945639,5.671466190417118,9,Friday
6149,2026-01-16 09:09:20.434051951,7.219554855756975,9,Friday
6154,2026-01-16 09:12:06.136406591,1.1412393963089458,9,Friday
6156,2026-01-16 09:14:25.162370681,12.447320505320434,9,Friday
6143,2026-01-16 09:15:39.840479623,6.39904472386224,9,Friday
6141,2026-01-16 09:16:12.017987274,6.3432506278349905,9,Friday
6144,2026-01-16 09:16:43.346444234,8.321207157117815,9,Friday
6155,2026-01-16 09:18:35.180945006,5.9109750662952525,9,Friday
6134,2026-01-16 09:23:18.337996420,12.305859254798428,9,Friday
6136,2026-01-16 09:27:04.190413275,6.700717380585256,9,Friday
6133,2026-01-16 09:28:14.736798003,2.221769607967047,9,Friday
6137,2026-01-16 09:36:13.120288221,3.3678918846270545,9,Friday
6150,2026-01-16 09:37:49.518293408,24.09591419815641,9,Friday
6146,2026-01-16 09:38:57.273838216,6.860364492928226,9,Friday
6151,2026-01-16 09:44:07.490491825,2.118629088639648,9,Friday
6135,2026-01-16 09:49:14.431380243,4.279655042634775,9,Friday
6152,2026-01-16 09:51:34.718078035,2.6469916734816,9,Friday
6139,2026-01-16 09:51:58.441042292,0.3317433843952294,9,Friday
6140,2026-01-16 09:53:25.519933604,3.860119013946041,9,Friday
6138,2026-01-16 09:53:43.872433370,0.14641245577588546,9,Friday
6145,2026-01-16 09:54:33.697176209,2.654269948774105,9,Friday
6153,2026-01-16 09:56:26.291582902,0.9053320805244592,9,Friday
6162,2026-01-16 10:00:28.241716466,4.476669312644923,10,Friday
6178,2026-01-16 10:03:05.983832984,0.9981915337707402,10,Friday
6175,2026-01-16 10:04:18.507163603,6.394014036772537,10,Friday
6176,2026-01-16 10:05:39.393520436,0.7592631485021286,10,Friday
6174,2026-01-16 10:06:10.869099991,7.022766374257601,10,Friday
6188,2026-01-16 10:12:37.513741469,0.3752913665108717,10,Friday
6160,2026-01-16 10:14:00.884699238,5.740434999985409,10,Friday
6184,2026-01-16 10:14:44.977677479,5.4219281662591365,10,Friday
6165,2026-01-16 10:15:58.421830742,8.409612253861615,10,Friday
6157,2026-01-16 10:17:06.358197778,12.716764464987051,10,Friday
6159,2026-01-16 10:17:26.341185715,0.9492843663376032,10,Friday
6181,2026-01-16 10:17:39.653399455,1.9895110966071574,10,Friday
6173,2026-01-16 10:19:16.518624290,1.4980225958400404,10,Friday
6179,2026-01-16 10:20:12.936749870,7.979130515605255,10,Friday
6170,2026-01-16 10:20:47.680756352,13.736990266632255,10,Friday
6187,2026-01-16 10:23:50.834132401,0.5978486191331934,10,Friday
6169,2026-01-16 10:26:45.058683115,9.03789299985555,10,Friday
6158,2026-01-16 10:27:18.186137309,5.1029359085884884,10,Friday
6189,2026-01-16 10:31:16.574904810,6.808347239442791,10,Friday
6163,2026-01-16 10:32:21.229898411,6.622498661754487,10,Friday
6177,2026-01-16 10:34:58.329700291,10.478963328834903,10,Friday
6166,2026-01-16 10:36:11.849438203,6.403469798883981,10,Friday
6168,2026-01-16 10:39:18.088907058,0.8172604463229998,10,Friday
6167,2026-01-16 10:40:08.040380227,4.773512281975638,10,Friday
6185,2026-01-16 10:43:43.759848333,3.99732285768621,10,Friday
6161,2026-01-16 10:44:09.544159525,2.7861197420436796,10,Friday
6183,2026-01-16 10:44:43.681337545,0.9172965558350937,10,Friday
6186,2026-01-16 10:44:51.995897779,0.6510299062731921,10,Friday
6180,2026-01-16 10:45:11.518926891,3.0530489479407645,10,Friday
6172,2026-01-16 10:45:30.405445199,3.349508604009357,10,Friday
6182,2026-01-16 10:45:47.909077848,0.8612973253325971,10,Friday
6164,2026-01-16 10:47:37.560505307,3.6174892017885147,10,Friday
6171,2026-01-16 10:50:09.326662900,0.73650087989909,10,Friday
6220,2026-01-16 11:01:41.825741847,5.957973242203893,11,Friday
6223,2026-01-16 11:03:15.876459900,8.713330454036624,11,Friday
6191,2026-01-16 11:05:04.834158873,2.3592050610862985,11,Friday
6216,2026-01-16 11:05:28.711959281,5.604691024539328,11,Friday
6221,2026-01-16 11:08:13.444593145,0.2713551671924342,11,Friday
6230,2026-01-16 11:09:02.653174912,1.7675930322934377,11,Friday
6203,2026-01-16 11:10:21.563528996,8.022509855111386,11,Friday
6222,2026-01-16 11:10:23.533070735,8.493667123641913,11,Friday
6218,2026-01-16 11:10:32.215923592,4.090417039381854,11,Friday
6213,2026-01-16 11:11:11.629894684,15.226786880049934,11,Friday
6228,2026-01-16 11:12:48.047668416,1.6938500044979157,11,Friday
6200,2026-01-16 11:13:04.076814419,0.7319204207598793,11,Friday
6206,2026-01-16 11:13:58.980354688,3.033990640716071,11,Friday
6215,2026-01-16 11:14:54.729607246,3.279749560919453,11,Friday
6204,2026-01-16 11:15:31.104851894,0.18464216846831097,11,Friday
6238,2026-01-16 11:17:56.631514591,0.7940887546650787,11,Friday
6199,2026-01-16 11:18:21.813113578,11.37887226579621,11,Friday
6229,2026-01-16 11:19:31.405524820,4.48840491995653,11,Friday
6201,2026-01-16 11:19:37.920079340,1.4408979856965116,11,Friday
6239,2026-01-16 11:21:32.990179082,4.004011107367034,11,Friday
6219,2026-01-16 11:22:18.825598348,0.29899597828259133,11,Friday
6226,2026-01-16 11:22:23.935462917,3.282248033064397,11,Friday
6232,2026-01-16 11:25:11.530527133,0.012653747393167549,11,Friday
6205,2026-01-16 11:28:05.019106063,20.681507939595672,11,Friday
6212,2026-01-16 11:29:16.612473325,2.6691472634106903,11,Friday
6235,2026-01-16 11:32:44.530857718,16.27657266677153,11,Friday
6190,2026-01-16 11:33:36.972272149,0.9833169826227641,11,Friday
6198,2026-01-16 11:34:10.948262051,5.698125074176766,11,Friday
6211,2026-01-16 11:34:57.797313541,15.551695328020571,11,Friday
6207,2026-01-16 11:35:19.117210977,2.22543240442341,11,Friday
6241,2026-01-16 11:36:40.699861399,4.723635335772489,11,Friday
6233,2026-01-16 11:36:47.820048630,0.5332014372961494,11,Friday
6231,2026-01-16 11:37:14.013103508,0.28544883959216666,11,Friday
6236,2026-01-16 11:37:39.469277646,2.784052874845853,11,Friday
6202,2026-01-16 11:37:42.583548320,3.912091878791009,11,Friday
6224,2026-01-16 11:39:23.965043842,1.3529927356763012,11,Friday
6210,2026-01-16 11:39:59.135810936,7.8408538993331085,11,Friday
6194,2026-01-16 11:41:53.638763327,0.9817462825786079,11,Friday
6240,2026-01-16 11:43:03.732102153,0.7812513404786512,11,Friday
6209,2026-01-16 11:44:53.121716531,0.9579622409562548,11,Friday
6217,2026-01-16 11:45:00.054645223,2.8545077337976137,11,Friday
6234,2026-01-16 11:45:42.029659419,7.857116077380866,11,Friday
6196,2026-01-16 11:48:41.230909489,7.184124189349324,11,Friday
6197,2026-01-16 11:49:42.738873337,3.2826862097636953,11,Friday
6225,2026-01-16 11:50:13.228064891,1.9553174134959548,11,Friday
6227,2026-01-16 11:52:28.475316185,4.539913037239509,11,Friday
6214,2026-01-16 11:53:40.957639536,8.680610161428937,11,Friday
6192,2026-01-16 11:54:13.484774192,3.1540367468972668,11,Friday
6193,2026-01-16 11:54:25.622709048,2.7183786245339894,11,Friday
6208,2026-01-16 11:55:23.433702442,1.731674632102039,11,Friday
6195,2026-01-16 11:55:34.280117182,12.913485572548788,11,Friday
6237,2026-01-16 11:56:06.901131819,3.594212000825906,11,Friday
6315,2026-01-16 12:00:39.477297803,6.507117280787256,12,Friday
6243,2026-01-16 12:01:24.608722145,8.386450190740115,12,Friday
6318,2026-01-16 12:02:20.300510286,0.48949830909870085,12,Friday
6289,2026-01-16 12:04:31.277626424,1.7288835574287598,12,Friday
6264,2026-01-16 12:05:02.049150581,4.998244098539757,12,Friday
6301,2026-01-16 12:05:02.225981399,1.353456668412627,12,Friday
6311,2026-01-16 12:06:24.932168810,6.165641980141964,12,Friday
6245,2026-01-16 12:06:38.694628189,11.041171113295377,12,Friday
6300,2026-01-16 12:06:50.177459260,0.31347054700220967,12,Friday
6259,2026-01-16 12:08:58.692197432,14.023980291468707,12,Friday
6308,2026-01-16 12:10:02.523110615,8.437207462687324,12,Friday
6247,2026-01-16 12:10:24.732910699,17.155256964586908,12,Friday
6283,2026-01-16 12:10:43.342035357,1.2162568318630413,12,Friday
6254,2026-01-16 12:11:32.435363310,0.2879631377548437,12,Friday
6295,2026-01-16 12:12:18.927107050,31.593955670845855,12,Friday
6271,2026-01-16 12:12:28.398074777,6.3243189024737045,12,Friday
6275,2026-01-16 12:13:02.943673906,1.6794460792858614,12,Friday
6266,2026-01-16 12:13:30.210043852,3.0083325814893853,12,Friday
6255,2026-01-16 12:16:14.601929505,3.5307681825963098,12,Friday
6317,2026-01-16 12:16:17.343182999,3.5819436166981884,12,Friday
6261,2026-01-16 12:16:42.571212086,2.2186988767128986,12,Friday
6250,2026-01-16 12:18:02.128042011,9.470414991146924,12,Friday
6303,2026-01-16 12:18:39.046159862,6.557164101472248,12,Friday
6270,2026-01-16 12:20:03.175056134,5.364003874129511,12,Friday
6276,2026-01-16 12:20:03.286946965,1.6607870361641073,12,Friday
6302,2026-01-16 12:20:22.433444028,2.7765019108696887,12,Friday
6282,2026-01-16 12:20:24.392171410,3.7529263457559434,12,Friday
6246,2026-01-16 12:21:08.911589744,4.0231592486343635,12,Friday
6288,2026-01-16 12:22:16.226834480,4.783531420292947,12,Friday
6248,2026-01-16 12:22:23.897964442,27.794296675369008,12,Friday
6310,2026-01-16 12:22:30.146513664,20.16095228902966,12,Friday
6244,2026-01-16 12:22:31.790068757,7.716134095774563,12,Friday
6253,2026-01-16 12:24:02.143346778,4.747587253263167,12,Friday
6279,2026-01-16 12:24:02.517412475,7.046418554945751,12,Friday
6267,2026-01-16 12:24:38.797522287,8.504503230781005,12,Friday
6249,2026-01-16 12:25:03.082101987,0.6195724042777618,12,Friday
6291,2026-01-16 12:26:06.042938774,6.132700715408772,12,Friday
6260,2026-01-16 12:26:59.018309965,2.7980125209181117,12,Friday
6258,2026-01-16 12:27:18.039716305,2.7790268632189625,12,Friday
6274,2026-01-16 12:28:05.035657534,0.9309423694155412,12,Friday
6299,2026-01-16 12:29:18.820178105,1.1123606765285357,12,Friday
6312,2026-01-16 12:29:37.676024576,0.32242250987266496,12,Friday
6265,2026-01-16 12:30:59.952561340,8.064539652864859,12,Friday
6307,2026-01-16 12:31:03.533120463,13.032938478526477,12,Friday
6278,2026-01-16 12:31:12.323775381,0.09259543147291806,12,Friday
6280,2026-01-16 12:31:17.119352453,1.5417542023849902,12,Friday
6269,2026-01-16 12:31:39.052271598,2.0660791653826585,12,Friday
6294,2026-01-16 12:32:47.449351324,2.0960416378859548,12,Friday
6298,2026-01-16 12:33:10.712109662,8.68182765231254,12,Friday
6257,2026-01-16 12:34:17.903003772,1.2005681357594926,12,Friday
6284,2026-01-16 12:35:05.770026020,10.791182062734467,12,Friday
6321,2026-01-16 12:35:46.431887432,11.937015652504899,12,Friday
6292,2026-01-16 12:37:23.727034823,18.108112536959084,12,Friday
6273,2026-01-16 12:37:28.264855311,0.2914038985862484,12,Friday
6251,2026-01-16 12:39:23.839018103,3.4639587961338454,12,Friday
6306,2026-01-16 12:39:35.727462932,3.4985478108155372,12,Friday
6285,2026-01-16 12:39:54.734772531,0.4461716623171833,12,Friday
6293,2026-01-16 12:39:58.699163261,11.181118595348792,12,Friday
6286,2026-01-16 12:42:45.784810650,2.938374616436813,12,Friday
6296,2026-01-16 12:45:18.514980418,0.017554096254921707,12,Friday
6242,2026-01-16 12:45:52.429385005,4.271673305280938,12,Friday
6281,2026-01-16 12:46:44.358621238,1.8554767153740745,12,Friday
6305,2026-01-16 12:47:01.041872796,1.3565587849399197,12,Friday
6272,2026-01-16 12:48:01.169493863,4.082781038176609,12,Friday
6297,2026-01-16 12:48:13.507107494,0.14009318693620929,12,Friday
6319,2026-01-16 12:50:52.044973306,12.684337118464565,12,Friday
6256,2026-01-16 12:51:14.402964586,10.235474699259289,12,Friday
6320,2026-01-16 12:51:49.920321557,2.1076722578572045,12,Friday
6313,2026-01-16 12:52:26.392841807,0.17896866890436974,12,Friday
6268,2026-01-16 12:52:36.652793705,3.8148519264487617,12,Friday
6287,2026-01-16 12:52:55.155326758,9.466379230484165,12,Friday
6263,2026-01-16 12:53:02.652393896,3.66414877355558,12,Friday
6316,2026-01-16 12:53:10.664681105,1.0151051568429295,12,Friday
6314,2026-01-16 12:53:14.247606398,0.9220664086904178,12,Friday
6252,2026-01-16 12:55:07.867384532,2.451573249286127,12,Friday
6262,2026-01-16 12:56:35.387260272,2.903886274682379,12,Friday
6304,2026-01-16 12:57:13.163223467,4.895294459147398,12,Friday
6290,2026-01-16 12:57:30.054901071,2.730193691135521,12,Friday
6277,2026-01-16 12:57:35.436336258,5.595413938481979,12,Friday
6309,2026-01-16 12:58:42.444019863,1.9518218873519408,12,Friday
6359,2026-01-16 13:00:12.639063278,3.6914923642499224,13,Friday
6338,2026-01-16 13:00:36.325458078,11.86194714167344,13,Friday
6335,2026-01-16 13:01:01.822766384,2.2009790376702516,13,Friday
6323,2026-01-16 13:01:28.761800544,14.455769504523314,13,Friday
6391,2026-01-16 13:01:56.932759329,4.717648008741805,13,Friday
6360,2026-01-16 13:02:24.070706660,2.0091729053561393,13,Friday
6388,2026-01-16 13:02:32.168379249,0.5954537172682582,13,Friday
6368,2026-01-16 13:02:32.502955030,0.5543180403763774,13,Friday
6333,2026-01-16 13:02:35.569318379,2.5651857030151843,13,Friday
6326,2026-01-16 13:04:29.798445714,3.30815293974553,13,Friday
6367,2026-01-16 13:05:55.918818441,4.012893459922778,13,Friday
6327,2026-01-16 13:06:36.996221795,6.051001220271495,13,Friday
6342,2026-01-16 13:09:39.373240328,2.00038157245963,13,Friday
6380,2026-01-16 13:10:37.455318897,13.888365346879649,13,Friday
6347,2026-01-16 13:10:51.781297699,7.441869512712882,13,Friday
6406,2026-01-16 13:10:51.826436817,3.920717427379188,13,Friday
6343,2026-01-16 13:10:52.492101838,3.09631713191912,13,Friday
6362,2026-01-16 13:11:09.630354681,15.946700922587054,13,Friday
6396,2026-01-16 13:11:39.574873945,0.009372498482426404,13,Friday
6361,2026-01-16 13:12:03.064377784,3.909299723100772,13,Friday
6363,2026-01-16 13:15:17.131662719,1.1534686886884058,13,Friday
6390,2026-01-16 13:16:28.461704446,14.441770191656566,13,Friday
6393,2026-01-16 13:16:32.626693130,7.176787449244015,13,Friday
6395,2026-01-16 13:17:17.583298641,0.23142209319896756,13,Friday
6364,2026-01-16 13:18:17.764695711,5.318610825666283,13,Friday
6365,2026-01-16 13:21:36.235776782,0.221832459575396,13,Friday
6398,2026-01-16 13:21:41.923179918,1.3818266003264243,13,Friday
6332,2026-01-16 13:21:59.243926823,5.936684107635609,13,Friday
6337,2026-01-16 13:22:07.238725856,0.5619582216877879,13,Friday
6328,2026-01-16 13:23:00.632488173,1.2886183890094358,13,Friday
6404,2026-01-16 13:24:13.438814777,3.8571488838941086,13,Friday
6385,2026-01-16 13:24:26.405713811,1.6552147631630483,13,Friday
6352,2026-01-16 13:24:51.396651323,17.455480502620652,13,Friday
6366,2026-01-16 13:25:13.935684247,0.34362384686964775,13,Friday
6378,2026-01-16 13:25:33.602917808,5.30368609474671,13,Friday
6374,2026-01-16 13:25:39.694472818,5.517010264605031,13,Friday
6371,2026-01-16 13:26:38.919127992,4.160312873286261,13,Friday
6322,2026-01-16 13:27:50.886673915,9.143285356854738,13,Friday
6383,2026-01-16 13:31:05.934414729,0.3440222774851869,13,Friday
6325,2026-01-16 13:31:06.267161044,0.9296066285130201,13,Friday
6370,2026-01-16 13:32:14.405369435,0.9407706520379346,13,Friday
6351,2026-01-16 13:32:24.236575023,11.986728891273748,13,Friday
6407,2026-01-16 13:32:39.252327397,0.5215632921267253,13,Friday
6358,2026-01-16 13:32:56.179242667,4.358873022694333,13,Friday
6401,2026-01-16 13:33:37.704535824,0.6647943442688226,13,Friday
6381,2026-01-16 13:33:37.879865622,0.02145475405984748,13,Friday
6344,2026-01-16 13:33:55.940092630,1.145941715782563,13,Friday
6387,2026-01-16 13:34:45.192126819,0.48056263646150876,13,Friday
6354,2026-01-16 13:34:55.636934951,1.2616559913009806,13,Friday
6389,2026-01-16 13:35:12.317268088,6.48666812270517,13,Friday
6399,2026-01-16 13:36:04.954361195,0.3217205671088691,13,Friday
6400,2026-01-16 13:36:35.933374132,0.9893792553097382,13,Friday
6409,2026-01-16 13:37:31.431467569,0.2631569064657122,13,Friday
6372,2026-01-16 13:38:03.983788206,6.075858973218495,13,Friday
6345,2026-01-16 13:38:14.297375141,1.7935630342404243,13,Friday
6349,2026-01-16 13:38:19.461322641,5.038625503448405,13,Friday
6375,2026-01-16 13:38:28.030074187,1.0073771192301753,13,Friday
6379,2026-01-16 13:38:40.980616133,26.544619567359177,13,Friday
6411,2026-01-16 13:39:12.818611962,1.044964055347052,13,Friday
6369,2026-01-16 13:40:26.200016662,0.11300130611259297,13,Friday
6403,2026-01-16 13:40:27.987856920,0.7556682567029255,13,Friday
6357,2026-01-16 13:40:31.276657231,2.8674818853251622,13,Friday
6339,2026-01-16 13:41:20.966034208,30.26741975378391,13,Friday
6330,2026-01-16 13:41:34.472945645,2.0998625356719347,13,Friday
6346,2026-01-16 13:44:21.904489197,1.1211628184378157,13,Friday
6394,2026-01-16 13:47:47.574794567,1.5245770828825886,13,Friday
6410,2026-01-16 13:49:01.086421709,2.5181736524171985,13,Friday
6392,2026-01-16 13:49:15.071896900,6.291265329410086,13,Friday
6373,2026-01-16 13:49:39.645865932,1.131232829323901,13,Friday
6377,2026-01-16 13:50:22.648185101,2.6547988091432546,13,Friday
6350,2026-01-16 13:50:49.368907933,2.4487290056132154,13,Friday
6405,2026-01-16 13:51:44.569384287,4.496012297013562,13,Friday
6355,2026-01-16 13:52:00.744898077,3.7288491908006822,13,Friday
6331,2026-01-16 13:52:03.427918280,17.34620386327946,13,Friday
6324,2026-01-16 13:54:31.293958690,1.593605711136057,13,Friday
6402,2026-01-16 13:54:52.904676676,12.318371144339121,13,Friday
6384,2026-01-16 13:55:39.497877084,15.292996818604493,13,Friday
6329,2026-01-16 13:56:24.843094342,0.0205494222350831,13,Friday
6336,2026-01-16 13:56:51.545951091,0.9306807152367959,13,Friday
6408,2026-01-16 13:57:01.981338997,1.9194846262507639,13,Friday
6356,2026-01-16 13:57:11.852626918,0.47842938289995496,13,Friday
6376,2026-01-16 13:57:12.860005806,4.7525663300104934,13,Friday
6348,2026-01-16 13:57:32.425512351,6.234017812239287,13,Friday
6341,2026-01-16 13:57:56.252602215,0.2803262518660485,13,Friday
6397,2026-01-16 13:58:26.168066775,2.1589115608736598,13,Friday
6334,2026-01-16 13:58:27.543493935,1.0695323326322257,13,Friday
6353,2026-01-16 13:58:37.858463741,0.9536196662448126,13,Friday
6340,2026-01-16 13:58:49.945094512,0.8963178236815128,13,Friday
6382,2026-01-16 13:58:52.781848098,10.833228949422045,13,Friday
6386,2026-01-16 13:59:55.841377864,2.406615915007562,13,Friday
6442,2026-01-16 14:00:17.279369342,1.9686881381653378,14,Friday
6456,2026-01-16 14:01:55.975297621,1.9068421654841163,14,Friday
6423,2026-01-16 14:02:45.348116024,0.802502121993539,14,Friday
6472,2026-01-16 14:02:47.889241661,0.6065939449347221,14,Friday
6434,2026-01-16 14:04:21.662079609,1.737008775539004,14,Friday
6422,2026-01-16 14:05:35.570133213,0.5286421011435636,14,Friday
6470,2026-01-16 14:06:33.949457409,1.3355147100856257,14,Friday
6424,2026-01-16 14:06:41.771518026,6.053907462667966,14,Friday
6450,2026-01-16 14:08:53.886245307,9.912362941205322,14,Friday
6453,2026-01-16 14:10:12.838916777,0.9464398693969499,14,Friday
6441,2026-01-16 14:11:09.246161602,6.867294340564063,14,Friday
6425,2026-01-16 14:11:13.722113264,6.468737714938822,14,Friday
6454,2026-01-16 14:11:23.148809325,4.597835012645975,14,Friday
6416,2026-01-16 14:13:09.725034234,13.47783282328166,14,Friday
6467,2026-01-16 14:14:02.674334342,10.562386495204237,14,Friday
6428,2026-01-16 14:14:08.312395198,0.9303043350910191,14,Friday
6471,2026-01-16 14:16:13.688780219,3.80193868862533,14,Friday
6420,2026-01-16 14:17:50.282157212,16.38756697489966,14,Friday
6458,2026-01-16 14:18:48.511043762,5.870784901657679,14,Friday
6440,2026-01-16 14:20:42.734511743,1.031517270084589,14,Friday
6461,2026-01-16 14:21:37.361237603,7.382188138533056,14,Friday
6433,2026-01-16 14:21:49.770146871,2.0672824819641593,14,Friday
6414,2026-01-16 14:23:14.400315084,0.12486466190877166,14,Friday
6468,2026-01-16 14:24:42.708475391,2.591907178398636,14,Friday
6419,2026-01-16 14:25:09.120026174,18.464819139159378,14,Friday
6462,2026-01-16 14:25:36.847514362,0.33425553271848585,14,Friday
6413,2026-01-16 14:26:03.252107801,8.785217589737659,14,Friday
6466,2026-01-16 14:26:19.543994345,15.719820827257411,14,Friday
6457,2026-01-16 14:27:45.125795864,3.8772834957087983,14,Friday
6421,2026-01-16 14:28:13.949349765,1.3389344565350099,14,Friday
6426,2026-01-16 14:30:15.036553216,5.607919050962385,14,Friday
6446,2026-01-16 14:30:16.477084414,15.934190460106842,14,Friday
6439,2026-01-16 14:30:29.366303616,0.18627625398979494,14,Friday
6443,2026-01-16 14:30:32.809292959,5.516672357882744,14,Friday
6412,2026-01-16 14:31:55.631496736,2.8312313156269058,14,Friday
6444,2026-01-16 14:33:19.867200129,6.309495957803014,14,Friday
6436,2026-01-16 14:33:31.253198174,1.5445038676059306,14,Friday
6435,2026-01-16 14:34:07.747434359,1.1879261612993062,14,Friday
6448,2026-01-16 14:37:41.100515657,6.709524578922482,14,Friday
6459,2026-01-16 14:39:54.278783994,2.735199381568253,14,Friday
6452,2026-01-16 14:40:30.517875997,1.978714904465241,14,Friday
6469,2026-01-16 14:42:57.930904193,1.7231239008088135,14,Friday
6417,2026-01-16 14:44:03.186022303,1.3520135315497697,14,Friday
6418,2026-01-16 14:45:26.936369064,5.914887787638996,14,Friday
6464,2026-01-16 14:47:02.099434845,1.341525462703641,14,Friday
6445,2026-01-16 14:49:29.778527342,4.35163401173151,14,Friday
6432,2026-01-16 14:50:15.225844834,2.911250806482374,14,Friday
6460,2026-01-16 14:50:22.665795248,9.621275179572027,14,Friday
6449,2026-01-16 14:50:25.210457595,15.9449644947836,14,Friday
6415,2026-01-16 14:50:30.090365149,5.624630297789056,14,Friday
6427,2026-01-16 14:50:56.891890180,2.047955951516384,14,Friday
6437,2026-01-16 14:50:59.912761594,0.49816496219359596,14,Friday
6451,2026-01-16 14:51:19.210069088,0.9189693514087273,14,Friday
6465,2026-01-16 14:53:49.934871354,4.076780457351359,14,Friday
6447,2026-01-16 14:54:59.286055197,0.1083651969118162,14,Friday
6455,2026-01-16 14:55:35.402228559,6.227238635820356,14,Friday
6429,2026-01-16 14:56:06.583238688,4.34657167641477,14,Friday
6430,2026-01-16 14:57:17.668472166,3.3051470700764494,14,Friday
6431,2026-01-16 14:57:32.056577442,6.525123210306561,14,Friday
6463,2026-01-16 14:58:54.904024205,4.852748665113519,14,Friday
6438,2026-01-16 14:59:45.567783405,2.1297960056644016,14,Friday
6504,2026-01-16 15:03:02.072037884,8.367282418013847,15,Friday
6478,2026-01-16 15:05:34.242311510,1.8438900922488672,15,Friday
6494,2026-01-16 15:06:11.881720127,10.303557748872432,15,Friday
6509,2026-01-16 15:10:57.701325760,4.827508939046931,15,Friday
6491,2026-01-16 15:11:11.608483904,6.448222430075394,15,Friday
6495,2026-01-16 15:11:51.532012030,1.7644373953806007,15,Friday
6480,2026-01-16 15:12:48.412372773,4.167146536038872,15,Friday
6474,2026-01-16 15:13:11.763529790,2.494075066728075,15,Friday
6506,2026-01-16 15:17:45.573450518,9.577437032383898,15,Friday
6489,2026-01-16 15:18:20.734153716,5.16751435173213,15,Friday
6510,2026-01-16 15:18:40.482909282,3.061610728441195,15,Friday
6473,2026-01-16 15:19:25.858670685,1.8554369288070727,15,Friday
6507,2026-01-16 15:19:34.266220600,1.4194136291276864,15,Friday
6500,2026-01-16 15:20:20.502779078,1.9156559810847107,15,Friday
6477,2026-01-16 15:20:58.752169664,0.2268012903971282,15,Friday
6513,2026-01-16 15:25:00.012299542,17.52040044245033,15,Friday
6502,2026-01-16 15:26:50.567361497,0.8972105143403639,15,Friday
6490,2026-01-16 15:27:34.513221165,0.10275277306525124,15,Friday
6496,2026-01-16 15:28:46.675042318,1.4880643008040706,15,Friday
6505,2026-01-16 15:29:35.880778460,3.2359308625036953,15,Friday
6493,2026-01-16 15:30:00.332408816,29.72505567664399,15,Friday
6511,2026-01-16 15:30:35.613272631,4.186988188717938,15,Friday
6488,2026-01-16 15:30:45.803523864,10.118274868181716,15,Friday
6479,2026-01-16 15:31:00.482140886,5.687938657996981,15,Friday
6481,2026-01-16 15:32:11.146365234,2.8660710376575596,15,Friday
6485,2026-01-16 15:32:27.709040626,3.482794812135187,15,Friday
6498,2026-01-16 15:33:59.006594271,2.201579247014239,15,Friday
6501,2026-01-16 15:34:17.081014959,4.852855664132396,15,Friday
6483,2026-01-16 15:36:56.853187564,1.1006441621728675,15,Friday
6484,2026-01-16 15:38:01.638310362,2.8168847001128756,15,Friday
6492,2026-01-16 15:38:10.839535145,0.1809961753501109,15,Friday
6503,2026-01-16 15:39:32.867685443,9.35340603161513,15,Friday
6499,2026-01-16 15:40:53.526000750,2.3287659230701343,15,Friday
6476,2026-01-16 15:43:38.072350451,8.944492088248435,15,Friday
6514,2026-01-16 15:44:37.915011197,5.031803997036616,15,Friday
6482,2026-01-16 15:50:07.304475044,3.882081231567443,15,Friday
6515,2026-01-16 15:51:22.946753573,7.220795259625171,15,Friday
6512,2026-01-16 15:51:46.897013338,11.480004532921148,15,Friday
6497,2026-01-16 15:53:15.320366587,2.4018141617921938,15,Friday
6486,2026-01-16 15:55:38.156277473,11.572737893074937,15,Friday
6487,2026-01-16 15:55:54.849663914,1.5111716425720672,15,Friday
6508,2026-01-16 15:57:39.302753609,0.0886077951984132,15,Friday
6475,2026-01-16 15:58:16.387643858,2.2046031373108113,15,Friday
6533,2026-01-16 16:00:26.108740854,13.5507213567551,16,Friday
6532,2026-01-16 16:02:45.067266148,7.0260103705668495,16,Friday
6528,2026-01-16 16:03:17.832433927,3.0757366053418926,16,Friday
6524,2026-01-16 16:03:49.773724954,1.210308274959844,16,Friday
6523,2026-01-16 16:10:25.675885686,0.648019175178809,16,Friday
6529,2026-01-16 16:10:35.809293266,0.40423857599191004,16,Friday
6521,2026-01-16 16:11:06.594163498,1.017501393627865,16,Friday
6526,2026-01-16 16:13:52.105231235,0.7588368064850076,16,Friday
6519,2026-01-16 16:18:30.987653887,5.235478754578117,16,Friday
6525,2026-01-16 16:19:49.287679316,0.18941953324509092,16,Friday
6536,2026-01-16 16:21:55.462071245,5.855772915245541,16,Friday
6517,2026-01-16 16:25:52.915642996,1.5499800713904857,16,Friday
6518,2026-01-16 16:26:45.474973455,2.11463682629456,16,Friday
6531,2026-01-16 16:28:51.841887050,10.559505815817321,16,Friday
6530,2026-01-16 16:32:55.390580098,16.06034994089333,16,Friday
6520,2026-01-16 16:36:26.482980519,10.719870399184344,16,Friday
6522,2026-01-16 16:37:36.898605530,9.174217143607637,16,Friday
6535,2026-01-16 16:39:31.804921291,9.050715884443623,16,Friday
6516,2026-01-16 16:43:59.537297830,3.178470834080218,16,Friday
6527,2026-01-16 16:53:20.369898802,12.462868561538174,16,Friday
6534,2026-01-16 16:59:17.044591060,1.2431364860692478,16,Friday
6539,2026-01-17 08:06:28.460582002,8.902187604076579,8,Saturday
6553,2026-01-17 08:13:37.654916130,2.2399931683068415,8,Saturday
6537,2026-01-17 08:15:44.842690745,2.4516984002192483,8,Saturday
6541,2026-01-17 08:17:27.612108241,7.67420701925473,8,Saturday
6538,2026-01-17 08:19:42.931786900,4.292815178464706,8,Saturday
6545,2026-01-17 08:20:06.177015378,2.729520692756622,8,Saturday
6549,2026-01-17 08:22:41.418532030,23.316758250746403,8,Saturday
6543,2026-01-17 08:23:28.798211278,11.190622335120256,8,Saturday
6548,2026-01-17 08:26:08.183390931,0.5950516304030976,8,Saturday
6542,2026-01-17 08:31:14.240874617,4.533717236793452,8,Saturday
6550,2026-01-17 08:44:51.884955357,1.6452584357648803,8,Saturday
6552,2026-01-17 08:45:17.754239060,1.0077148573076942,8,Saturday
6546,2026-01-17 08:46:42.764957121,8.944111720037075,8,Saturday
6547,2026-01-17 08:51:19.498156672,0.09709519200851441,8,Saturday
6554,2026-01-17 08:53:17.907890775,6.989192586162191,8,Saturday
6551,2026-01-17 08:54:46.425529102,18.554233632510197,8,Saturday
6540,2026-01-17 08:56:06.275817529,1.0437061189360248,8,Saturday
6544,2026-01-17 08:57:35.741234100,0.9435318933500061,8,Saturday
6570,2026-01-17 09:00:29.163389930,14.569651823432778,9,Saturday
6564,2026-01-17 09:01:36.374108531,13.29521338379568,9,Saturday
6565,2026-01-17 09:05:30.976569315,4.012030681234289,9,Saturday
6572,2026-01-17 09:05:37.409517814,6.556725442586889,9,Saturday
6559,2026-01-17 09:09:19.628251763,1.2808315345501355,9,Saturday
6580,2026-01-17 09:10:02.722611886,1.394402688611679,9,Saturday
6557,2026-01-17 09:14:05.814826200,2.3165638953064174,9,Saturday
6577,2026-01-17 09:14:14.330979221,1.4875981021354014,9,Saturday
6561,2026-01-17 09:15:01.959927376,0.8969310949456298,9,Saturday
6581,2026-01-17 09:15:55.928180209,0.6916224074866115,9,Saturday
6562,2026-01-17 09:20:01.831431636,0.2880411418715065,9,Saturday
6584,2026-01-17 09:22:33.182237264,9.879471226992106,9,Saturday
6567,2026-01-17 09:25:44.291930583,2.0222368876462085,9,Saturday
6578,2026-01-17 09:26:15.351877513,1.5724131234224916,9,Saturday
6558,2026-01-17 09:26:32.895337176,6.171371863938031,9,Saturday
6582,2026-01-17 09:26:43.561231029,9.739079451914556,9,Saturday
6563,2026-01-17 09:28:16.502579844,0.6449413085846883,9,Saturday
6555,2026-01-17 09:31:47.637032898,13.136888597712764,9,Saturday
6575,2026-01-17 09:31:52.315659269,3.1460891049475785,9,Saturday
6560,2026-01-17 09:35:45.389744630,5.3415765747546775,9,Saturday
6571,2026-01-17 09:37:00.164390761,6.883198311473374,9,Saturday
6576,2026-01-17 09:40:58.006200698,13.14450407280412,9,Saturday
6566,2026-01-17 09:41:09.345194549,7.956658505397703,9,Saturday
6569,2026-01-17 09:41:40.819213119,3.4155103472798807,9,Saturday
6583,2026-01-17 09:42:44.096010638,4.085356067550733,9,Saturday
6573,2026-01-17 09:46:51.359447245,0.2373098975165583,9,Saturday
6556,2026-01-17 09:50:36.385597193,0.496102859133967,9,Saturday
6579,2026-01-17 09:51:21.943196050,2.6495856353466696,9,Saturday
6568,2026-01-17 09:51:53.244799199,4.490518710350994,9,Saturday
6574,2026-01-17 09:59:29.427677802,3.9888694831693283,9,Saturday
6599,2026-01-17 10:03:09.623994586,1.750461882121187,10,Saturday
6617,2026-01-17 10:03:49.952821902,3.197656052478309,10,Saturday
6586,2026-01-17 10:04:59.583729864,0.15116620282248677,10,Saturday
6615,2026-01-17 10:05:27.236045308,1.0332699282859792,10,Saturday
6606,2026-01-17 10:06:05.659717120,2.7409524742959768,10,Saturday
6613,2026-01-17 10:11:20.089883161,0.2679796748713565,10,Saturday
6610,2026-01-17 10:12:59.195100282,2.6457958458882826,10,Saturday
6601,2026-01-17 10:13:09.063644348,14.42761039860294,10,Saturday
6623,2026-01-17 10:13:36.370392062,1.2965645922196698,10,Saturday
6592,2026-01-17 10:15:06.333791563,3.288008070501902,10,Saturday
6590,2026-01-17 10:18:09.919334224,7.586983433453225,10,Saturday
6596,2026-01-17 10:18:15.056919462,0.7148893405374861,10,Saturday
6607,2026-01-17 10:20:49.300891172,12.653067246580411,10,Saturday
6618,2026-01-17 10:21:23.104278568,3.382564943569007,10,Saturday
6593,2026-01-17 10:22:29.468182068,17.314764996828238,10,Saturday
6589,2026-01-17 10:23:37.234262000,3.8591970867670558,10,Saturday
6612,2026-01-17 10:23:58.698536978,1.3949597854079392,10,Saturday
6588,2026-01-17 10:24:15.345774234,3.7406548018942027,10,Saturday
6621,2026-01-17 10:24:16.759504456,2.3753206083165,10,Saturday
6622,2026-01-17 10:25:44.572778299,5.755805963078765,10,Saturday
6624,2026-01-17 10:27:21.177318326,2.749690248008052,10,Saturday
6591,2026-01-17 10:27:38.389480958,1.8894124551403844,10,Saturday
6597,2026-01-17 10:28:08.451949990,1.1424437971808201,10,Saturday
6616,2026-01-17 10:30:53.162546671,1.1057322919481032,10,Saturday
6608,2026-01-17 10:32:17.709886841,10.567470742264252,10,Saturday
6585,2026-01-17 10:32:51.854799567,0.7846310431765201,10,Saturday
6604,2026-01-17 10:33:10.586693481,1.3533487138096985,10,Saturday
6620,2026-01-17 10:33:22.015949353,0.8005781502954774,10,Saturday
6603,2026-01-17 10:34:57.186106984,0.04802079393590755,10,Saturday
6619,2026-01-17 10:36:03.876476423,0.09303118575560097,10,Saturday
6602,2026-01-17 10:40:42.741279171,0.9299217816775063,10,Saturday
6614,2026-01-17 10:45:32.351185596,14.00281272663078,10,Saturday
6594,2026-01-17 10:47:59.809374905,5.575975435970392,10,Saturday
6611,2026-01-17 10:48:10.547428947,4.04850708034489,10,Saturday
6609,2026-01-17 10:48:40.639874205,3.052258940906495,10,Saturday
6595,2026-01-17 10:50:03.319812906,0.8346729208114578,10,Saturday
6626,2026-01-17 10:51:01.630504021,10.972802902692136,10,Saturday
6605,2026-01-17 10:51:33.696809110,1.3395853804170916,10,Saturday
6598,2026-01-17 10:52:25.751194608,7.277400707935433,10,Saturday
6600,2026-01-17 10:53:20.921863184,0.10810451483257416,10,Saturday
6587,2026-01-17 10:54:54.906782510,13.554595014657032,10,Saturday
6625,2026-01-17 10:57:11.717480595,4.0748236979178305,10,Saturday
6665,2026-01-17 11:00:05.105592482,14.674822780089638,11,Saturday
6631,2026-01-17 11:01:04.026508544,4.694022132104971,11,Saturday
6632,2026-01-17 11:02:00.813053930,5.820124527307731,11,Saturday
6640,2026-01-17 11:02:25.579792365,0.1315197695828466,11,Saturday
6629,2026-01-17 11:06:35.495125389,7.409721836251499,11,Saturday
6644,2026-01-17 11:07:13.378673188,4.088069233040896,11,Saturday
6645,2026-01-17 11:08:36.878868414,2.3361313047651424,11,Saturday
6643,2026-01-17 11:10:53.353649491,17.924363585513152,11,Saturday
6664,2026-01-17 11:14:30.016413501,0.44778686214679153,11,Saturday
6634,2026-01-17 11:17:53.510273343,10.451586869685219,11,Saturday
6669,2026-01-17 11:21:41.322002739,14.594059253162726,11,Saturday
6670,2026-01-17 11:23:38.879674181,6.222303135267238,11,Saturday
6638,2026-01-17 11:24:28.567335795,9.886746036565048,11,Saturday
6630,2026-01-17 11:25:28.860570109,1.4362845764816377,11,Saturday
6663,2026-01-17 11:26:58.135074667,4.991214194711254,11,Saturday
6650,2026-01-17 11:26:58.882824129,9.469547925116116,11,Saturday
6637,2026-01-17 11:27:14.158662274,11.317568251137015,11,Saturday
6654,2026-01-17 11:28:32.343544025,0.9883133161593727,11,Saturday
6633,2026-01-17 11:28:58.632107579,3.186071856197954,11,Saturday
6627,2026-01-17 11:29:21.380013231,1.1269778093262424,11,Saturday
6639,2026-01-17 11:29:50.083728682,0.8958722531166667,11,Saturday
6653,2026-01-17 11:30:45.851293026,7.789885132321074,11,Saturday
6661,2026-01-17 11:31:11.072951174,7.198884942600861,11,Saturday
6656,2026-01-17 11:33:26.908376312,20.62791402957305,11,Saturday
6666,2026-01-17 11:33:35.870929725,1.7246063572822454,11,Saturday
6667,2026-01-17 11:35:26.358815791,1.283919812674676,11,Saturday
6636,2026-01-17 11:36:07.755502055,1.676724722561295,11,Saturday
6658,2026-01-17 11:36:46.277186268,7.907954553205304,11,Saturday
6651,2026-01-17 11:36:46.279301635,9.27887864726012,11,Saturday
6660,2026-01-17 11:38:34.092631618,0.2030980084636979,11,Saturday
6657,2026-01-17 11:38:38.192299209,1.7192056151170942,11,Saturday
6655,2026-01-17 11:38:42.350804313,4.257467754821766,11,Saturday
6646,2026-01-17 11:39:39.697409643,10.978353184210503,11,Saturday
6647,2026-01-17 11:39:41.187018422,3.0177787125137847,11,Saturday
6662,2026-01-17 11:40:54.468520623,0.9230357001051548,11,Saturday
6652,2026-01-17 11:41:17.824813324,3.5901176664121897,11,Saturday
6659,2026-01-17 11:43:09.107617849,3.3714152343014927,11,Saturday
6628,2026-01-17 11:44:48.197766062,0.3657268446869652,11,Saturday
6649,2026-01-17 11:45:06.574998334,14.169728003834548,11,Saturday
6635,2026-01-17 11:50:42.386276419,2.933090308741773,11,Saturday
6648,2026-01-17 11:50:52.526984202,1.8934243202074805,11,Saturday
6641,2026-01-17 11:53:34.056083114,0.47147403726964243,11,Saturday
6668,2026-01-17 11:58:19.376273192,0.6913496033480335,11,Saturday
6642,2026-01-17 11:59:53.891360642,1.6881963766069208,11,Saturday
6727,2026-01-17 12:00:49.168211133,0.7360095906503024,12,Saturday
6729,2026-01-17 12:03:21.017595155,24.740761458999305,12,Saturday
6717,2026-01-17 12:04:43.615455614,1.4196107132396805,12,Saturday
6708,2026-01-17 12:04:51.131084995,1.8735069345296704,12,Saturday
6686,2026-01-17 12:05:04.811331391,1.443774121561109,12,Saturday
6733,2026-01-17 12:05:11.714489445,8.905135511725202,12,Saturday
6711,2026-01-17 12:05:41.755234436,1.4668403866753443,12,Saturday
6672,2026-01-17 12:06:36.076474769,2.600350741758163,12,Saturday
6680,2026-01-17 12:07:19.393561492,1.5211976362294632,12,Saturday
6678,2026-01-17 12:09:04.828531289,2.193557594455254,12,Saturday
6705,2026-01-17 12:09:49.110628780,0.657698999817196,12,Saturday
6725,2026-01-17 12:11:02.210704250,3.1624577544409203,12,Saturday
6702,2026-01-17 12:11:09.467606609,2.5204178115781515,12,Saturday
6695,2026-01-17 12:11:17.463009004,8.264683924142185,12,Saturday
6681,2026-01-17 12:11:21.601512589,1.258549705636129,12,Saturday
6736,2026-01-17 12:11:26.582110817,0.6856036486911927,12,Saturday
6721,2026-01-17 12:11:33.915558793,1.3823446285503622,12,Saturday
6682,2026-01-17 12:12:41.473863879,6.174288361014803,12,Saturday
6696,2026-01-17 12:12:43.133474877,11.253172228467,12,Saturday
6716,2026-01-17 12:12:46.502228175,0.9649601363680593,12,Saturday
6690,2026-01-17 12:13:11.728372941,10.456988182396003,12,Saturday
6689,2026-01-17 12:13:17.989835114,7.181018972344432,12,Saturday
6720,2026-01-17 12:14:04.358762692,4.5688457016878505,12,Saturday
6674,2026-01-17 12:14:48.899382391,7.818966452583708,12,Saturday
6719,2026-01-17 12:14:56.034186695,2.5304550815064926,12,Saturday
6707,2026-01-17 12:16:20.091130933,0.04642644884454704,12,Saturday
6718,2026-01-17 12:16:36.846083067,18.200106293285906,12,Saturday
6685,2026-01-17 12:18:51.533563408,5.911478009320154,12,Saturday
6698,2026-01-17 12:19:05.277112800,16.892728182710954,12,Saturday
6712,2026-01-17 12:19:07.866512171,1.4987628401556983,12,Saturday
6723,2026-01-17 12:19:41.172513030,0.3850487532962629,12,Saturday
6697,2026-01-17 12:20:24.810869480,0.05847359355805642,12,Saturday
6677,2026-01-17 12:24:46.771416694,0.06886025975378188,12,Saturday
6687,2026-01-17 12:27:52.338468687,1.4573380305255808,12,Saturday
6726,2026-01-17 12:27:52.657455126,2.5429679789606254,12,Saturday
6671,2026-01-17 12:28:29.020026973,13.877533048436936,12,Saturday
6728,2026-01-17 12:28:54.056360838,5.817377175185491,12,Saturday
6732,2026-01-17 12:29:24.401315891,16.480936856326178,12,Saturday
6683,2026-01-17 12:33:24.806297783,0.4428418875686058,12,Saturday
6673,2026-01-17 12:33:35.427944102,4.20555803661437,12,Saturday
6737,2026-01-17 12:34:05.550026834,3.588263571757175,12,Saturday
6722,2026-01-17 12:34:29.120486359,3.371229945778044,12,Saturday
6734,2026-01-17 12:35:32.803586845,3.1139303119062016,12,Saturday
6710,2026-01-17 12:39:13.696773783,4.446284074901417,12,Saturday
6709,2026-01-17 12:39:24.560303451,0.9582882735255018,12,Saturday
6714,2026-01-17 12:40:42.336001231,5.2876738005066315,12,Saturday
6701,2026-01-17 12:43:26.431651781,0.6802678207782376,12,Saturday
6715,2026-01-17 12:43:48.270599771,0.6465854525038818,12,Saturday
6688,2026-01-17 12:44:53.196868175,4.955887531100101,12,Saturday
6735,2026-01-17 12:45:31.549502526,6.687320692762499,12,Saturday
6739,2026-01-17 12:46:05.691999526,0.8786984517635376,12,Saturday
6679,2026-01-17 12:47:07.194088099,1.649663812234177,12,Saturday
6684,2026-01-17 12:47:13.403954365,6.766403473726523,12,Saturday
6700,2026-01-17 12:47:20.666338374,8.001969405653496,12,Saturday
6731,2026-01-17 12:47:26.131663141,4.898264871060107,12,Saturday
6676,2026-01-17 12:47:47.691384054,27.040915928618013,12,Saturday
6740,2026-01-17 12:48:10.771264321,2.778076930842837,12,Saturday
6694,2026-01-17 12:48:27.574565669,11.965589387449187,12,Saturday
6738,2026-01-17 12:48:51.159234178,1.6359987369167939,12,Saturday
6724,2026-01-17 12:49:13.242054171,0.1768000351914452,12,Saturday
6704,2026-01-17 12:49:40.333366222,1.7241466941288695,12,Saturday
6706,2026-01-17 12:52:16.213195059,8.193402511362715,12,Saturday
6741,2026-01-17 12:52:45.564329530,0.7021445117108721,12,Saturday
6703,2026-01-17 12:54:34.292013704,1.5835682878942816,12,Saturday
6691,2026-01-17 12:56:50.017298448,9.557432245690201,12,Saturday
6692,2026-01-17 12:57:14.953417629,16.74534884542327,12,Saturday
6699,2026-01-17 12:57:23.499896680,3.207806192031193,12,Saturday
6675,2026-01-17 12:58:37.723198081,5.972420060648252,12,Saturday
6730,2026-01-17 12:58:39.804642741,2.517982594095463,12,Saturday
6693,2026-01-17 12:59:25.676635421,4.354016929287657,12,Saturday
6713,2026-01-17 12:59:34.132064119,3.3504565480919806,12,Saturday
6781,2026-01-17 13:00:48.398558340,7.331694754040474,13,Saturday
6801,2026-01-17 13:02:10.508343053,16.086456878715197,13,Saturday
6815,2026-01-17 13:02:52.119829328,2.5444426294252414,13,Saturday
6769,2026-01-17 13:03:59.839514522,17.6663903757036,13,Saturday
6750,2026-01-17 13:04:20.179244118,19.641288572203003,13,Saturday
6747,2026-01-17 13:05:46.502099655,2.2164992655642166,13,Saturday
6777,2026-01-17 13:06:12.591012936,1.5967851318666357,13,Saturday
6791,2026-01-17 13:07:21.864196828,7.796386515210875,13,Saturday
6793,2026-01-17 13:07:22.352087618,4.57753412389886,13,Saturday
6805,2026-01-17 13:08:21.107808300,0.6351887848039529,13,Saturday
6744,2026-01-17 13:08:23.177979936,0.18326716730570156,13,Saturday
6817,2026-01-17 13:08:35.511013968,0.37995309408828287,13,Saturday
6743,2026-01-17 13:08:46.953379205,0.1985594467075199,13,Saturday
6814,2026-01-17 13:10:23.251580994,3.445158836465837,13,Saturday
6782,2026-01-17 13:12:16.651701212,6.41376850678197,13,Saturday
6803,2026-01-17 13:13:50.944026676,0.048159390552320894,13,Saturday
6816,2026-01-17 13:14:47.255530695,6.939256404267375,13,Saturday
6778,2026-01-17 13:15:12.622280130,4.306637198079541,13,Saturday
6794,2026-01-17 13:15:17.575043080,2.0186340456134673,13,Saturday
6761,2026-01-17 13:15:25.612786814,1.363828135297584,13,Saturday
6748,2026-01-17 13:17:08.633142836,11.232349244733337,13,Saturday
6786,2026-01-17 13:17:31.836492175,3.674105654901676,13,Saturday
6755,2026-01-17 13:17:49.621769260,2.8048328536536027,13,Saturday
6756,2026-01-17 13:18:20.889296818,9.889214289074953,13,Saturday
6765,2026-01-17 13:18:33.321997703,3.800696209589593,13,Saturday
6754,2026-01-17 13:18:34.850031665,7.2065256212487485,13,Saturday
6771,2026-01-17 13:20:45.500956105,16.51164600955073,13,Saturday
6799,2026-01-17 13:22:37.175647319,1.495442745983465,13,Saturday
6768,2026-01-17 13:24:07.741714301,6.999697468149813,13,Saturday
6753,2026-01-17 13:24:29.760386135,5.682647203173605,13,Saturday
6813,2026-01-17 13:26:48.603229871,12.366354050618316,13,Saturday
6763,2026-01-17 13:27:36.238460248,0.4066451538978604,13,Saturday
6775,2026-01-17 13:27:58.284828559,5.200735166123743,13,Saturday
6808,2026-01-17 13:28:24.742728836,4.497899078497603,13,Saturday
6774,2026-01-17 13:29:08.189944788,2.570155336849723,13,Saturday
6798,2026-01-17 13:30:56.650278146,9.248610249930348,13,Saturday
6770,2026-01-17 13:30:57.782960430,7.734690133320657,13,Saturday
6752,2026-01-17 13:31:27.429540149,1.0134229397245824,13,Saturday
6742,2026-01-17 13:31:52.120677232,1.0225004854228834,13,Saturday
6788,2026-01-17 13:33:10.608816880,3.9398802826290558,13,Saturday
6818,2026-01-17 13:33:28.615469164,0.4686881908847173,13,Saturday
6806,2026-01-17 13:34:48.788269285,0.5424300955497088,13,Saturday
6745,2026-01-17 13:35:00.295566936,8.906160337379328,13,Saturday
6790,2026-01-17 13:35:48.259906007,11.3009438984398,13,Saturday
6762,2026-01-17 13:37:04.954123494,12.482863628306735,13,Saturday
6796,2026-01-17 13:37:06.949061403,1.1170987959596321,13,Saturday
6766,2026-01-17 13:38:35.443020731,11.448001497586276,13,Saturday
6776,2026-01-17 13:39:16.505280689,2.159444633285488,13,Saturday
6759,2026-01-17 13:40:11.002828192,0.4907791127512215,13,Saturday
6780,2026-01-17 13:40:11.793408109,0.17804196949241183,13,Saturday
6772,2026-01-17 13:40:20.011369969,6.142535382148563,13,Saturday
6783,2026-01-17 13:40:58.214157704,16.614717187356266,13,Saturday
6789,2026-01-17 13:41:47.540480596,7.248343670990151,13,Saturday
6758,2026-01-17 13:43:25.662828629,1.634454507849806,13,Saturday
6811,2026-01-17 13:44:11.379151380,9.90314989909903,13,Saturday
6809,2026-01-17 13:44:47.640025692,1.0495803795494565,13,Saturday
6784,2026-01-17 13:45:51.837129225,13.347361621601316,13,Saturday
6764,2026-01-17 13:46:56.789886720,2.787971464312811,13,Saturday
6760,2026-01-17 13:47:55.496936227,1.1841707099666827,13,Saturday
6810,2026-01-17 13:48:16.817824280,2.2411542809152953,13,Saturday
6795,2026-01-17 13:48:49.060368802,0.046241506990354314,13,Saturday
6797,2026-01-17 13:50:17.336995354,0.6007954370404486,13,Saturday
6785,2026-01-17 13:50:23.494461626,7.182311172402781,13,Saturday
6804,2026-01-17 13:50:55.450779914,1.669301292463114,13,Saturday
6802,2026-01-17 13:51:22.068793270,2.382819287214956,13,Saturday
6749,2026-01-17 13:52:10.052819536,0.36391062650462574,13,Saturday
6751,2026-01-17 13:52:33.188596921,4.7893644284831165,13,Saturday
6767,2026-01-17 13:52:55.964682542,30.3660172284642,13,Saturday
6757,2026-01-17 13:53:05.291091456,0.8169047828964404,13,Saturday
6807,2026-01-17 13:53:17.188508441,0.40327062765870825,13,Saturday
6779,2026-01-17 13:55:08.325571801,13.552907764038988,13,Saturday
6800,2026-01-17 13:55:18.643798372,1.6752520217326698,13,Saturday
6812,2026-01-17 13:55:31.187052748,2.7611741946198203,13,Saturday
6787,2026-01-17 13:55:51.702946599,1.1424613589606465,13,Saturday
6773,2026-01-17 13:57:03.718529094,0.4156224787332257,13,Saturday
6792,2026-01-17 13:57:47.212773785,1.086223265322397,13,Saturday
6746,2026-01-17 13:59:06.035092186,4.475704026729207,13,Saturday
6842,2026-01-17 14:00:56.330344591,15.686544600786894,14,Saturday
6864,2026-01-17 14:01:09.476876017,1.0345645117465523,14,Saturday
6832,2026-01-17 14:01:09.495900184,1.0362194241137013,14,Saturday
6855,2026-01-17 14:01:33.536257412,1.8082845094974267,14,Saturday
6843,2026-01-17 14:03:51.749580654,2.4819586060834427,14,Saturday
6858,2026-01-17 14:04:25.025741521,4.136480342423351,14,Saturday
6861,2026-01-17 14:04:40.332231502,0.5854864548209006,14,Saturday
6844,2026-01-17 14:05:58.780149832,2.7247959616318536,14,Saturday
6854,2026-01-17 14:08:05.549447068,1.7153462003784816,14,Saturday
6834,2026-01-17 14:08:57.342829159,17.905780377339234,14,Saturday
6856,2026-01-17 14:09:10.100913545,7.638935943313055,14,Saturday
6859,2026-01-17 14:11:22.906913460,1.434094298347145,14,Saturday
6862,2026-01-17 14:11:30.117376181,8.843535339733302,14,Saturday
6830,2026-01-17 14:12:31.473120342,1.9724703811102364,14,Saturday
6838,2026-01-17 14:13:00.327760759,6.886975925355955,14,Saturday
6869,2026-01-17 14:13:24.595515676,0.3270638330797551,14,Saturday
6848,2026-01-17 14:14:41.318664219,4.135702031877204,14,Saturday
6827,2026-01-17 14:15:15.624315279,5.003811617914973,14,Saturday
6829,2026-01-17 14:15:55.703609991,0.6433638043394342,14,Saturday
6836,2026-01-17 14:16:33.321191045,1.0345794545311118,14,Saturday
6851,2026-01-17 14:17:19.785947710,11.27053448765512,14,Saturday
6860,2026-01-17 14:20:16.273988503,8.490891575065923,14,Saturday
6840,2026-01-17 14:20:53.143971028,0.10040086339781301,14,Saturday
6837,2026-01-17 14:21:02.528378750,3.034251785491034,14,Saturday
6866,2026-01-17 14:23:03.872151294,1.6599035511549283,14,Saturday
6821,2026-01-17 14:23:18.120759617,1.1826993990893595,14,Saturday
6873,2026-01-17 14:24:21.645130277,2.319930039568459,14,Saturday
6852,2026-01-17 14:24:32.427852250,6.009522485963173,14,Saturday
6845,2026-01-17 14:25:08.377267116,17.353013369956273,14,Saturday
6878,2026-01-17 14:28:25.288076246,5.8648364169489255,14,Saturday
6871,2026-01-17 14:29:30.985377393,0.1602127558447292,14,Saturday
6823,2026-01-17 14:30:02.507860063,0.9913288550080441,14,Saturday
6877,2026-01-17 14:30:51.575324075,6.532529372820298,14,Saturday
6853,2026-01-17 14:31:26.307129668,6.642313117051978,14,Saturday
6849,2026-01-17 14:34:27.731007260,18.366844015678826,14,Saturday
6839,2026-01-17 14:35:07.850552931,1.6536480571555257,14,Saturday
6868,2026-01-17 14:35:19.290193308,2.1656825843253165,14,Saturday
6822,2026-01-17 14:35:47.076095704,3.9436047897151956,14,Saturday
6857,2026-01-17 14:37:36.673036512,1.759903390398407,14,Saturday
6865,2026-01-17 14:39:12.354927027,3.9048167939156024,14,Saturday
6841,2026-01-17 14:39:26.614942180,3.8959292778830235,14,Saturday
6867,2026-01-17 14:40:21.535461956,1.9538727342334394,14,Saturday
6879,2026-01-17 14:45:19.633713570,0.6049770943335147,14,Saturday
6850,2026-01-17 14:46:06.113973693,5.837665742007713,14,Saturday
6875,2026-01-17 14:46:13.761690604,2.2022105667875893,14,Saturday
6828,2026-01-17 14:46:21.095123385,4.4941487416039045,14,Saturday
6819,2026-01-17 14:47:25.494901149,1.9618948272051628,14,Saturday
6846,2026-01-17 14:48:53.266221575,5.930789049874469,14,Saturday
6835,2026-01-17 14:49:09.977094455,1.20882555648602,14,Saturday
6872,2026-01-17 14:49:21.129668088,5.43090252036647,14,Saturday
6825,2026-01-17 14:49:51.903866483,13.394280181503353,14,Saturday
6870,2026-01-17 14:50:49.954155264,21.329824295962837,14,Saturday
6880,2026-01-17 14:52:49.048546848,5.348568055110441,14,Saturday
6847,2026-01-17 14:53:17.440477362,6.35006310975332,14,Saturday
6863,2026-01-17 14:54:40.571240340,4.615693132724475,14,Saturday
6826,2026-01-17 14:54:42.255749798,0.789651483285454,14,Saturday
6820,2026-01-17 14:54:58.575014436,8.01490834058911,14,Saturday
6831,2026-01-17 14:56:39.358174759,4.138898805092391,14,Saturday
6881,2026-01-17 14:57:50.924865116,1.6424338734834174,14,Saturday
6833,2026-01-17 14:57:55.399333188,8.062805332352259,14,Saturday
6876,2026-01-17 14:57:57.420738405,5.600466506086304,14,Saturday
6824,2026-01-17 14:58:53.798360312,2.133934260780778,14,Saturday
6874,2026-01-17 14:59:04.867994094,5.192437183709089,14,Saturday
6907,2026-01-17 15:00:55.493850414,3.157687259122399,15,Saturday
6919,2026-01-17 15:01:49.520331815,1.6228411533212377,15,Saturday
6885,2026-01-17 15:03:37.988122468,0.4022203622797178,15,Saturday
6911,2026-01-17 15:04:10.494420756,8.390251639125069,15,Saturday
6909,2026-01-17 15:05:33.273841387,7.277103861188934,15,Saturday
6908,2026-01-17 15:06:26.048886370,10.960848535352582,15,Saturday
6896,2026-01-17 15:08:26.676108208,4.935235646982564,15,Saturday
6897,2026-01-17 15:09:23.883052285,2.724176161393242,15,Saturday
6901,2026-01-17 15:10:10.272577186,0.519879421743339,15,Saturday
6916,2026-01-17 15:10:13.559526767,0.12046993071371832,15,Saturday
6895,2026-01-17 15:17:20.248148906,1.7559818102332265,15,Saturday
6883,2026-01-17 15:18:31.837712912,1.9237859009079474,15,Saturday
6914,2026-01-17 15:18:38.532684809,10.0004816353065,15,Saturday
6884,2026-01-17 15:18:55.009847174,4.413846303085106,15,Saturday
6888,2026-01-17 15:20:57.930405697,1.8930494719405861,15,Saturday
6917,2026-01-17 15:21:08.866023837,0.26465671979915345,15,Saturday
6900,2026-01-17 15:24:34.186602043,8.392421669053794,15,Saturday
6891,2026-01-17 15:28:09.281805133,4.126518770566426,15,Saturday
6913,2026-01-17 15:28:21.744835090,3.0625813001962827,15,Saturday
6912,2026-01-17 15:29:46.911740878,5.146137636338024,15,Saturday
6892,2026-01-17 15:30:40.768357180,2.840339453680581,15,Saturday
6890,2026-01-17 15:32:14.487897216,2.1321683977740036,15,Saturday
6887,2026-01-17 15:34:04.173929038,0.49480727111706,15,Saturday
6905,2026-01-17 15:36:24.593144089,6.4366884464578265,15,Saturday
6893,2026-01-17 15:38:10.853250961,3.070908565726125,15,Saturday
6898,2026-01-17 15:38:21.807189250,0.315477446299656,15,Saturday
6894,2026-01-17 15:39:36.009376468,17.461968727146942,15,Saturday
6920,2026-01-17 15:40:22.621440886,10.332407027140409,15,Saturday
6886,2026-01-17 15:41:12.556377572,1.4911542689268644,15,Saturday
6882,2026-01-17 15:42:17.366995406,10.449344207178932,15,Saturday
6889,2026-01-17 15:42:18.680324102,10.404701860174546,15,Saturday
6910,2026-01-17 15:42:45.376863317,8.355030946969356,15,Saturday
6902,2026-01-17 15:45:23.768993857,0.3606595767217483,15,Saturday
6918,2026-01-17 15:46:27.017400082,15.939708401068057,15,Saturday
6921,2026-01-17 15:48:59.031814901,2.4616152758462233,15,Saturday
6903,2026-01-17 15:49:56.962107910,0.8340022955589856,15,Saturday
6906,2026-01-17 15:51:38.622813797,4.16225048393891,15,Saturday
6915,2026-01-17 15:52:13.458611791,13.018952143419426,15,Saturday
6899,2026-01-17 15:52:22.343828761,3.3601665922677784,15,Saturday
6904,2026-01-17 15:52:50.096795235,7.228101499973706,15,Saturday
6922,2026-01-17 15:55:56.164219817,0.634056161323407,15,Saturday
6933,2026-01-17 16:00:06.209359595,27.073429846946844,16,Saturday
6932,2026-01-17 16:00:31.589118222,2.770016487709192,16,Saturday
6934,2026-01-17 16:05:51.598745254,0.511571444249554,16,Saturday
6935,2026-01-17 16:06:05.603772345,9.676798856413916,16,Saturday
6937,2026-01-17 16:12:17.697717057,8.77666121838023,16,Saturday
6923,2026-01-17 16:14:59.615501522,0.9646176189726985,16,Saturday
6942,2026-01-17 16:16:18.797958906,0.8224099243163565,16,Saturday
6927,2026-01-17 16:26:29.424275841,2.840216802976108,16,Saturday
6924,2026-01-17 16:29:18.666074150,8.204892005288679,16,Saturday
6943,2026-01-17 16:30:35.196640932,0.42761938801975996,16,Saturday
6931,2026-01-17 16:31:03.866365576,6.996622718292096,16,Saturday
6928,2026-01-17 16:31:05.465792435,7.108030423174684,16,Saturday
6929,2026-01-17 16:31:18.536524979,0.5133715757256438,16,Saturday
6930,2026-01-17 16:32:21.963679756,0.20538498212765166,16,Saturday
6925,2026-01-17 16:42:05.392442036,10.965591828355901,16,Saturday
6936,2026-01-17 16:42:17.628872237,3.269469508232668,16,Saturday
6938,2026-01-17 16:53:40.970777120,8.494824495595028,16,Saturday
6939,2026-01-17 16:55:42.982786477,12.38421631396054,16,Saturday
6941,2026-01-17 16:56:20.692697593,14.958636865622116,16,Saturday
6940,2026-01-17 16:58:33.216016425,1.7680411932079143,16,Saturday
6926,2026-01-17 16:59:11.034875347,9.528746865856132,16,Saturday
6949,2026-01-18 08:03:38.812207065,0.36128245546364557,8,Sunday
6954,2026-01-18 08:10:18.604404900,0.06361599557755637,8,Sunday
6958,2026-01-18 08:11:13.404609694,7.050357063977425,8,Sunday
6956,2026-01-18 08:11:34.563970654,0.33677769896875553,8,Sunday
6957,2026-01-18 08:12:13.991311657,7.575798520507307,8,Sunday
6947,2026-01-18 08:12:33.942190100,2.984270993716506,8,Sunday
6951,2026-01-18 08:18:15.996416365,7.52116027116375,8,Sunday
6955,2026-01-18 08:21:29.328719046,1.224687699840324,8,Sunday
6953,2026-01-18 08:25:20.466741722,7.3057890306371345,8,Sunday
6944,2026-01-18 08:28:24.316070280,5.06049189490407,8,Sunday
6959,2026-01-18 08:29:20.462569247,8.400268280736721,8,Sunday
6952,2026-01-18 08:30:00.533099391,1.4067107828323238,8,Sunday
6961,2026-01-18 08:34:08.292121540,3.478078390757653,8,Sunday
6946,2026-01-18 08:43:46.872500859,5.507189831593086,8,Sunday
6960,2026-01-18 08:47:52.552923040,0.022458831100386642,8,Sunday
6945,2026-01-18 08:49:45.432039109,5.8452829231919345,8,Sunday
6962,2026-01-18 08:53:35.543718783,6.101124070452429,8,Sunday
6950,2026-01-18 08:53:53.806947157,9.825262519285973,8,Sunday
6948,2026-01-18 08:56:55.973849638,5.845262105733773,8,Sunday
6982,2026-01-18 09:01:19.679792009,14.509315458154957,9,Sunday
6978,2026-01-18 09:02:55.829843954,3.0590032247158816,9,Sunday
6980,2026-01-18 09:04:47.391839626,1.0098933968691974,9,Sunday
6963,2026-01-18 09:05:02.796357514,21.677114842513838,9,Sunday
6977,2026-01-18 09:07:35.496890576,2.329794682877945,9,Sunday
6967,2026-01-18 09:08:45.128857034,1.7609396588270034,9,Sunday
6981,2026-01-18 09:08:54.021050590,0.7725478498056392,9,Sunday
6964,2026-01-18 09:10:52.773081975,10.898846882388378,9,Sunday
6968,2026-01-18 09:11:06.803990991,0.8267730844721153,9,Sunday
6969,2026-01-18 09:12:16.006921436,0.7429853122516407,9,Sunday
6971,2026-01-18 09:13:35.593854694,0.6058392977501535,9,Sunday
6970,2026-01-18 09:14:19.322896916,0.7094523514767546,9,Sunday
6972,2026-01-18 09:23:42.536790591,1.375554063869193,9,Sunday
6974,2026-01-18 09:26:16.914419284,16.29575170043851,9,Sunday
6965,2026-01-18 09:28:32.868533980,2.645314393073563,9,Sunday
6984,2026-01-18 09:34:56.534027370,0.2297458746896544,9,Sunday
6983,2026-01-18 09:37:42.010915075,21.641740020846694,9,Sunday
6966,2026-01-18 09:39:12.834549651,2.322779204442316,9,Sunday
6973,2026-01-18 09:39:13.642743012,1.8312361357063658,9,Sunday
6976,2026-01-18 09:43:09.366621415,21.94859049680192,9,Sunday
6975,2026-01-18 09:46:33.506071499,4.319360210555403,9,Sunday
6979,2026-01-18 09:52:40.589630398,1.9620928710137924,9,Sunday
7001,2026-01-18 10:04:32.320850366,0.45746720036996213,10,Sunday
6991,2026-01-18 10:05:39.525545265,1.7701277915127942,10,Sunday
6987,2026-01-18 10:07:44.746859494,1.8161961165441198,10,Sunday
6985,2026-01-18 10:11:10.800514839,9.285810719494037,10,Sunday
6989,2026-01-18 10:16:18.100618209,13.717490296105668,10,Sunday
6994,2026-01-18 10:19:43.798968772,9.055329048570457,10,Sunday
6990,2026-01-18 10:21:06.858200731,4.410900225076891,10,Sunday
6986,2026-01-18 10:21:49.969417056,5.589114700817419,10,Sunday
6992,2026-01-18 10:25:41.260982556,0.8075096332058542,10,Sunday
6988,2026-01-18 10:27:23.442324198,0.18140014206918162,10,Sunday
7002,2026-01-18 10:27:46.190365915,4.98147446658843,10,Sunday
7010,2026-01-18 10:31:23.440835422,2.8089957073270986,10,Sunday
6999,2026-01-18 10:39:34.548577411,0.042957861016460264,10,Sunday
7008,2026-01-18 10:42:23.506676291,0.26728025397025923,10,Sunday
7009,2026-01-18 10:45:37.807215902,0.1945025729755193,10,Sunday
7004,2026-01-18 10:46:10.560544661,3.740016797989327,10,Sunday
7006,2026-01-18 10:46:46.683682080,0.16062777572287493,10,Sunday
6998,2026-01-18 10:47:24.394244161,1.8125330381330613,10,Sunday
7012,2026-01-18 10:49:30.140078244,7.782898059745108,10,Sunday
6996,2026-01-18 10:50:35.516909845,5.179352258790137,10,Sunday
7000,2026-01-18 10:51:23.703999218,8.967030882179516,10,Sunday
7007,2026-01-18 10:52:29.575082791,7.422673088882201,10,Sunday
6995,2026-01-18 10:52:35.145389432,8.42371676369403,10,Sunday
7011,2026-01-18 10:55:27.255722930,0.32576114358356884,10,Sunday
6997,2026-01-18 10:57:07.410305869,2.278652977445473,10,Sunday
7005,2026-01-18 10:57:43.471360934,13.066849641950357,10,Sunday
6993,2026-01-18 10:58:59.727399461,8.845779297645404,10,Sunday
7003,2026-01-18 10:59:21.322459014,3.506652330872603,10,Sunday
7039,2026-01-18 11:01:15.890377542,4.125374757362633,11,Sunday
7034,2026-01-18 11:02:24.501797395,12.314706858537603,11,Sunday
7013,2026-01-18 11:02:25.802471334,2.3226778996963455,11,Sunday
7036,2026-01-18 11:05:17.801494686,1.520167899373184,11,Sunday
7030,2026-01-18 11:05:58.061750827,0.45333695755388376,11,Sunday
7049,2026-01-18 11:08:44.043931149,6.857345232599363,11,Sunday
7058,2026-01-18 11:10:10.080151998,6.902734262099876,11,Sunday
7026,2026-01-18 11:11:50.237911381,4.3985875355725454,11,Sunday
7020,2026-01-18 11:13:29.136855571,1.3942889000339127,11,Sunday
7047,2026-01-18 11:19:21.213251879,1.9897821721232534,11,Sunday
7046,2026-01-18 11:20:25.142655473,1.1769600033371912,11,Sunday
7051,2026-01-18 11:20:55.312423301,0.37307583500910063,11,Sunday
7042,2026-01-18 11:21:12.773601228,0.3810802834506704,11,Sunday
7061,2026-01-18 11:22:20.518673622,3.712858912595415,11,Sunday
7031,2026-01-18 11:22:50.073388961,9.911633258633449,11,Sunday
7052,2026-01-18 11:24:00.538394061,6.288165134982314,11,Sunday
7048,2026-01-18 11:25:27.961999887,10.20295050681965,11,Sunday
7016,2026-01-18 11:26:16.078312589,6.741233038767219,11,Sunday
7044,2026-01-18 11:26:31.573486348,0.2037568041660786,11,Sunday
7059,2026-01-18 11:28:23.574107705,11.625190761479418,11,Sunday
7054,2026-01-18 11:29:47.845730627,7.263880493255747,11,Sunday
7028,2026-01-18 11:32:18.022165260,10.995462526370122,11,Sunday
7055,2026-01-18 11:32:39.314073663,2.946592138637042,11,Sunday
7035,2026-01-18 11:32:47.739348590,18.130311275843198,11,Sunday
7017,2026-01-18 11:33:16.490417528,7.349042257247513,11,Sunday
7019,2026-01-18 11:36:37.822226550,7.423246497421513,11,Sunday
7014,2026-01-18 11:36:45.606707062,1.0847527864318203,11,Sunday
7021,2026-01-18 11:36:46.987293130,0.204717188056862,11,Sunday
7024,2026-01-18 11:37:15.147075204,1.869625395803168,11,Sunday
7022,2026-01-18 11:37:41.806052634,21.14648803703449,11,Sunday
7045,2026-01-18 11:39:18.836944474,9.01563701847866,11,Sunday
7029,2026-01-18 11:40:19.042105781,25.073860485452563,11,Sunday
7033,2026-01-18 11:42:24.879654356,3.7124481743879363,11,Sunday
7043,2026-01-18 11:43:10.205958171,2.5978670628024685,11,Sunday
7023,2026-01-18 11:44:02.785131172,2.0809927463036972,11,Sunday
7032,2026-01-18 11:46:09.764927267,2.475710427059957,11,Sunday
7018,2026-01-18 11:47:59.386034579,17.370931697368594,11,Sunday
7015,2026-01-18 11:48:22.002543570,0.6070154175708056,11,Sunday
7050,2026-01-18 11:49:52.100271967,1.2361462448430158,11,Sunday
7040,2026-01-18 11:51:31.138484049,0.06848891597459833,11,Sunday
7057,2026-01-18 11:53:12.214979321,3.0001552861672187,11,Sunday
7053,2026-01-18 11:53:38.596605727,2.4772435399813624,11,Sunday
7038,2026-01-18 11:53:50.267718719,0.41971621678021104,11,Sunday
7041,2026-01-18 11:55:09.946562010,2.654276913957605,11,Sunday
7027,2026-01-18 11:57:03.926446441,1.2095373245896728,11,Sunday
7056,2026-01-18 11:57:23.393249197,2.1232580854590024,11,Sunday
7025,2026-01-18 11:58:09.271669648,11.819920590852824,11,Sunday
7060,2026-01-18 11:58:16.666418742,0.25524134093185025,11,Sunday
7037,2026-01-18 11:59:45.083145041,1.1966871547699887,11,Sunday
7113,2026-01-18 12:02:29.771640079,1.0199841925754085,12,Sunday
7135,2026-01-18 12:02:32.895277758,5.768687203078066,12,Sunday
7086,2026-01-18 12:03:35.925379889,3.6073887659052097,12,Sunday
7115,2026-01-18 12:03:43.095625125,2.6295821275750724,12,Sunday
7066,2026-01-18 12:06:12.366599935,4.47003784189553,12,Sunday
7105,2026-01-18 12:07:35.134417758,1.6194482474208616,12,Sunday
7132,2026-01-18 12:08:26.503525898,3.229350724244189,12,Sunday
7119,2026-01-18 12:08:56.723095565,7.3139452863218875,12,Sunday
7089,2026-01-18 12:09:04.183049477,9.203961386406275,12,Sunday
7069,2026-01-18 12:10:12.384775243,26.25114968616743,12,Sunday
7096,2026-01-18 12:11:00.826469231,7.517345726741431,12,Sunday
7124,2026-01-18 12:11:01.844616801,10.653654320275558,12,Sunday
7077,2026-01-18 12:12:31.203448241,23.507015093510443,12,Sunday
7133,2026-01-18 12:13:10.828840780,9.042884613749184,12,Sunday
7067,2026-01-18 12:13:52.144923225,0.4699014560369155,12,Sunday
7091,2026-01-18 12:14:22.073206324,5.983408884482118,12,Sunday
7108,2026-01-18 12:15:25.222436000,10.571102543255053,12,Sunday
7097,2026-01-18 12:17:05.599100051,3.393745620459811,12,Sunday
7104,2026-01-18 12:18:27.898259788,2.0230552296331963,12,Sunday
7093,2026-01-18 12:19:37.558795440,10.824081513405531,12,Sunday
7094,2026-01-18 12:19:44.626140843,1.4518599931677256,12,Sunday
7129,2026-01-18 12:20:07.037941486,3.9089098675548395,12,Sunday
7128,2026-01-18 12:20:31.542020733,1.2323055555744116,12,Sunday
7079,2026-01-18 12:20:51.863216265,1.4621317165214232,12,Sunday
7099,2026-01-18 12:21:13.096307304,2.126293473411878,12,Sunday
7081,2026-01-18 12:21:38.904574484,1.5854755731109773,12,Sunday
7068,2026-01-18 12:23:39.013636500,6.6187388126043185,12,Sunday
7080,2026-01-18 12:23:59.491302493,0.4661504095801696,12,Sunday
7109,2026-01-18 12:24:25.531042168,7.552560855219107,12,Sunday
7123,2026-01-18 12:24:41.441770437,2.034305721410881,12,Sunday
7098,2026-01-18 12:24:59.874660429,11.000774938075775,12,Sunday
7137,2026-01-18 12:25:08.187031488,20.754500439352903,12,Sunday
7073,2026-01-18 12:26:01.420378425,9.009957025026301,12,Sunday
7118,2026-01-18 12:27:04.375127802,3.7989446014445036,12,Sunday
7083,2026-01-18 12:27:07.700598440,9.584041271673133,12,Sunday
7136,2026-01-18 12:27:45.122347361,1.2241049258176246,12,Sunday
7116,2026-01-18 12:28:05.838843622,6.007258844796581,12,Sunday
7071,2026-01-18 12:28:16.925360525,4.056316191413499,12,Sunday
7134,2026-01-18 12:28:54.999405813,5.667144761719639,12,Sunday
7087,2026-01-18 12:29:16.647503246,6.167081697555846,12,Sunday
7070,2026-01-18 12:29:41.681777195,8.55012247819095,12,Sunday
7078,2026-01-18 12:29:45.707619312,0.8475770463126964,12,Sunday
7110,2026-01-18 12:29:54.849181068,1.0582262030918634,12,Sunday
7131,2026-01-18 12:31:18.598974581,5.978354074310426,12,Sunday
7084,2026-01-18 12:31:25.299596080,7.545534633225963,12,Sunday
7100,2026-01-18 12:31:29.557984820,2.3048640016158792,12,Sunday
7126,2026-01-18 12:31:56.464055461,8.640080146393506,12,Sunday
7111,2026-01-18 12:31:59.976633910,5.9211768079372185,12,Sunday
7102,2026-01-18 12:34:00.002833500,3.121561262759425,12,Sunday
7095,2026-01-18 12:35:53.497962664,2.399442850341681,12,Sunday
7101,2026-01-18 12:35:58.704518648,10.979238151213789,12,Sunday
7090,2026-01-18 12:36:41.513740613,5.65345827626473,12,Sunday
7063,2026-01-18 12:37:50.190497942,2.192074943490205,12,Sunday
7103,2026-01-18 12:39:15.005923170,3.6296390538849717,12,Sunday
7112,2026-01-18 12:39:34.164615915,4.614473969905112,12,Sunday
7114,2026-01-18 12:43:17.317497842,1.5955438321319821,12,Sunday
7065,2026-01-18 12:45:25.799851485,0.9969515288382607,12,Sunday
7106,2026-01-18 12:45:38.907149151,5.334822681612396,12,Sunday
7122,2026-01-18 12:46:16.729079610,7.7320827873884745,12,Sunday
7088,2026-01-18 12:46:26.622145006,2.4783186525030576,12,Sunday
7074,2026-01-18 12:47:08.256495436,13.742336755940503,12,Sunday
7082,2026-01-18 12:49:34.893156630,7.303743847381839,12,Sunday
7117,2026-01-18 12:49:39.616088049,5.090557167267172,12,Sunday
7107,2026-01-18 12:51:02.809377470,0.6382616073499119,12,Sunday
7127,2026-01-18 12:51:08.479657394,3.951365191244089,12,Sunday
7092,2026-01-18 12:52:02.654807608,3.838663952135079,12,Sunday
7076,2026-01-18 12:52:37.159791506,2.525371203319998,12,Sunday
7121,2026-01-18 12:53:21.427663467,4.809830158439219,12,Sunday
7062,2026-01-18 12:55:56.821515890,7.555576493739132,12,Sunday
7064,2026-01-18 12:56:02.959237654,20.241723304546795,12,Sunday
7125,2026-01-18 12:56:29.080253106,4.7713921429488915,12,Sunday
7075,2026-01-18 12:56:30.877961465,22.644067840215143,12,Sunday
7072,2026-01-18 12:57:22.533112898,3.3154314287330013,12,Sunday
7085,2026-01-18 12:58:56.810485369,4.985684557244926,12,Sunday
7120,2026-01-18 12:59:06.121842021,7.09280155780068,12,Sunday
7130,2026-01-18 12:59:07.945730426,2.319007819591044,12,Sunday
7177,2026-01-18 13:00:43.232987103,4.338021380864854,13,Sunday
7211,2026-01-18 13:01:06.477257615,2.252861416859152,13,Sunday
7157,2026-01-18 13:01:20.101266934,2.5974998854489426,13,Sunday
7151,2026-01-18 13:02:12.148738096,4.704139801731429,13,Sunday
7187,2026-01-18 13:03:09.329296466,5.601804847348173,13,Sunday
7185,2026-01-18 13:03:21.704879696,2.2575487559516962,13,Sunday
7212,2026-01-18 13:03:43.110129562,0.08537146031987378,13,Sunday
7197,2026-01-18 13:05:44.470346301,0.7576378065104133,13,Sunday
7148,2026-01-18 13:06:30.827320930,2.897492177327385,13,Sunday
7159,2026-01-18 13:06:36.838471396,2.1782382818266814,13,Sunday
7207,2026-01-18 13:07:31.363982789,1.3667713361999636,13,Sunday
7172,2026-01-18 13:07:54.375198949,3.266750115351087,13,Sunday
7191,2026-01-18 13:08:03.469071822,1.0331773498730488,13,Sunday
7140,2026-01-18 13:08:13.571477067,3.0559911284706103,13,Sunday
7142,2026-01-18 13:08:45.201287339,0.5579142431004385,13,Sunday
7208,2026-01-18 13:09:38.008118747,4.459129744321294,13,Sunday
7161,2026-01-18 13:10:05.169179298,19.96112257805204,13,Sunday
7150,2026-01-18 13:10:14.716383586,3.635116773773733,13,Sunday
7152,2026-01-18 13:11:08.068569882,6.43217970869536,13,Sunday
7194,2026-01-18 13:11:23.987433128,16.827922349765355,13,Sunday
7167,2026-01-18 13:11:26.852155713,3.609865154497913,13,Sunday
7170,2026-01-18 13:11:33.876625964,1.5404376221269285,13,Sunday
7174,2026-01-18 13:12:13.135108043,11.30887997391252,13,Sunday
7199,2026-01-18 13:15:04.004232548,4.078888302014583,13,Sunday
7184,2026-01-18 13:16:08.055496421,3.040378346567627,13,Sunday
7171,2026-01-18 13:18:09.014257265,0.08518837736922692,13,Sunday
7189,2026-01-18 13:18:26.257115672,9.068149816623777,13,Sunday
7138,2026-01-18 13:19:48.774810576,0.6017973503900191,13,Sunday
7195,2026-01-18 13:20:36.399419858,8.284777622957186,13,Sunday
7162,2026-01-18 13:20:43.606988899,1.1114936598140526,13,Sunday
7198,2026-01-18 13:21:16.444156018,0.3691843461008605,13,Sunday
7215,2026-01-18 13:21:26.175319185,0.00660370389292402,13,Sunday
7165,2026-01-18 13:22:17.162222328,10.142424485832484,13,Sunday
7173,2026-01-18 13:22:58.681239831,9.791868905509087,13,Sunday
7145,2026-01-18 13:23:24.705482099,1.1066784545022426,13,Sunday
7154,2026-01-18 13:24:18.453864012,4.227346462543512,13,Sunday
7186,2026-01-18 13:24:31.167655955,4.965418770409689,13,Sunday
7219,2026-01-18 13:25:38.751856176,0.7069653000722986,13,Sunday
7183,2026-01-18 13:28:17.950084782,13.023950356673454,13,Sunday
7146,2026-01-18 13:29:54.761561992,3.7412165761576883,13,Sunday
7181,2026-01-18 13:30:21.619205160,3.8625044541160225,13,Sunday
7203,2026-01-18 13:31:13.246812737,17.655647267096477,13,Sunday
7156,2026-01-18 13:31:28.947148256,0.08770851448502655,13,Sunday
7190,2026-01-18 13:32:00.968645491,1.7120085619802106,13,Sunday
7139,2026-01-18 13:32:08.273950250,2.8433954776844734,13,Sunday
7141,2026-01-18 13:32:18.513515985,4.003040545379662,13,Sunday
7178,2026-01-18 13:32:27.311327834,2.940383928040215,13,Sunday
7210,2026-01-18 13:32:29.164115795,2.9594694439606157,13,Sunday
7182,2026-01-18 13:32:37.325110721,0.45689015330035715,13,Sunday
7188,2026-01-18 13:33:01.772890077,1.1829674696107015,13,Sunday
7143,2026-01-18 13:33:10.936238362,23.781048664334428,13,Sunday
7179,2026-01-18 13:34:25.199751176,7.454938753092644,13,Sunday
7202,2026-01-18 13:34:47.397868560,5.573523469248545,13,Sunday
7217,2026-01-18 13:35:37.230267832,1.633003932146003,13,Sunday
7196,2026-01-18 13:36:48.573978667,14.0961696666297,13,Sunday
7175,2026-01-18 13:38:38.392633069,15.64359873649221,13,Sunday
7144,2026-01-18 13:38:55.398768557,1.3994744954237912,13,Sunday
7169,2026-01-18 13:39:26.978613322,6.707742738103077,13,Sunday
7209,2026-01-18 13:40:36.252115247,2.928518054544695,13,Sunday
7158,2026-01-18 13:43:00.168994566,13.033842852881483,13,Sunday
7163,2026-01-18 13:45:40.577146651,0.3374085824547881,13,Sunday
7153,2026-01-18 13:45:54.155483893,0.12671776754706204,13,Sunday
7160,2026-01-18 13:47:21.766680462,3.0691743827564695,13,Sunday
7149,2026-01-18 13:47:30.238414798,7.389683597219511,13,Sunday
7218,2026-01-18 13:48:21.260329268,2.499825345237281,13,Sunday
7168,2026-01-18 13:48:25.847172728,9.033544372711367,13,Sunday
7166,2026-01-18 13:49:45.840792716,3.194032101545517,13,Sunday
7201,2026-01-18 13:51:09.038290641,8.802902317707037,13,Sunday
7214,2026-01-18 13:52:07.934863941,2.041704965271755,13,Sunday
7155,2026-01-18 13:52:21.073860646,10.77921485420534,13,Sunday
7147,2026-01-18 13:52:32.352195628,3.8523897876645212,13,Sunday
7213,2026-01-18 13:53:17.089376131,3.691719033745981,13,Sunday
7216,2026-01-18 13:53:27.782220949,1.840439896818168,13,Sunday
7193,2026-01-18 13:53:40.276476779,6.557049240855941,13,Sunday
7180,2026-01-18 13:54:51.151642850,6.731939307505642,13,Sunday
7200,2026-01-18 13:54:55.860223380,1.7145469347528115,13,Sunday
7204,2026-01-18 13:55:50.612860363,1.4704619114889734,13,Sunday
7205,2026-01-18 13:55:56.740018723,3.3255604536242807,13,Sunday
7192,2026-01-18 13:55:57.467876661,2.607746696211844,13,Sunday
7164,2026-01-18 13:57:15.232886915,9.809984936021767,13,Sunday
7206,2026-01-18 13:58:09.588451265,3.4781560903941666,13,Sunday
7176,2026-01-18 13:59:40.218375194,10.583152286353897,13,Sunday
7268,2026-01-18 14:01:21.672631856,7.4218101932800495,14,Sunday
7271,2026-01-18 14:02:03.103619716,7.152924947410748,14,Sunday
7257,2026-01-18 14:02:34.214356280,1.5440414419446475,14,Sunday
7279,2026-01-18 14:04:31.238823263,2.909313624990126,14,Sunday
7254,2026-01-18 14:07:23.644804835,12.693405586315045,14,Sunday
7260,2026-01-18 14:07:26.748753994,0.6824860131137827,14,Sunday
7230,2026-01-18 14:10:29.412895678,0.0388015036724428,14,Sunday
7262,2026-01-18 14:11:39.238546904,0.6794036091955953,14,Sunday
7245,2026-01-18 14:11:46.101659041,4.644386321669584,14,Sunday
7273,2026-01-18 14:12:00.958156984,1.122494148984496,14,Sunday
7232,2026-01-18 14:13:27.020196288,0.7379616819911073,14,Sunday
7234,2026-01-18 14:13:49.349360517,0.40014616530465985,14,Sunday
7252,2026-01-18 14:17:04.419023141,6.709704476343719,14,Sunday
7231,2026-01-18 14:20:18.909498989,2.750548096571283,14,Sunday
7233,2026-01-18 14:21:32.795794683,0.8748358254389922,14,Sunday
7238,2026-01-18 14:21:52.203472375,3.0122713473072738,14,Sunday
7264,2026-01-18 14:23:03.620500650,4.1194182970573765,14,Sunday
7241,2026-01-18 14:23:57.841086401,0.3591788006875038,14,Sunday
7259,2026-01-18 14:24:52.884554996,3.061700753271892,14,Sunday
7263,2026-01-18 14:24:56.014315643,3.49111705680242,14,Sunday
7228,2026-01-18 14:25:03.850300241,3.8542880104023185,14,Sunday
7276,2026-01-18 14:25:11.419616478,0.7399027550177045,14,Sunday
7261,2026-01-18 14:25:11.667171714,2.834378389375684,14,Sunday
7225,2026-01-18 14:25:39.724214949,7.82108289193216,14,Sunday
7227,2026-01-18 14:26:04.568527384,0.3553375293480985,14,Sunday
7278,2026-01-18 14:26:14.500649625,0.25219982042414496,14,Sunday
7222,2026-01-18 14:27:07.229836753,5.766916372654993,14,Sunday
7275,2026-01-18 14:27:59.883731820,2.1159885472496427,14,Sunday
7246,2026-01-18 14:28:05.967506526,2.4889535346838434,14,Sunday
7248,2026-01-18 14:30:14.536827463,7.5882431387274,14,Sunday
7223,2026-01-18 14:31:08.730229223,3.154548976266529,14,Sunday
7253,2026-01-18 14:34:31.711000390,11.891371035301244,14,Sunday
7274,2026-01-18 14:34:45.196282455,0.6643630592395477,14,Sunday
7235,2026-01-18 14:34:45.860271911,1.147655502470447,14,Sunday
7250,2026-01-18 14:35:16.561438923,6.660053985414588,14,Sunday
7240,2026-01-18 14:35:37.875712940,0.16600054696512626,14,Sunday
7267,2026-01-18 14:36:25.303155784,14.367886101836264,14,Sunday
7220,2026-01-18 14:37:48.668048596,14.653350124329998,14,Sunday
7258,2026-01-18 14:40:32.847469060,13.728747220676622,14,Sunday
7249,2026-01-18 14:41:00.429876315,2.261101876769615,14,Sunday
7270,2026-01-18 14:41:10.439808347,2.285384852635844,14,Sunday
7255,2026-01-18 14:41:24.758796118,3.829737670873494,14,Sunday
7226,2026-01-18 14:42:05.757659638,0.3923916961443292,14,Sunday
7243,2026-01-18 14:43:47.546445513,3.9251986634072806,14,Sunday
7256,2026-01-18 14:43:55.084218069,3.582164655073326,14,Sunday
7265,2026-01-18 14:44:18.209892969,2.0606042537243283,14,Sunday
7244,2026-01-18 14:44:57.391212566,6.72674392689241,14,Sunday
7229,2026-01-18 14:45:36.740248304,0.8725303284301477,14,Sunday
7266,2026-01-18 14:46:27.176009398,0.37173561883355655,14,Sunday
7237,2026-01-18 14:47:11.807020384,8.275506664294634,14,Sunday
7236,2026-01-18 14:47:53.414889424,6.284832099209367,14,Sunday
7221,2026-01-18 14:48:13.517811249,12.662207578966305,14,Sunday
7224,2026-01-18 14:48:37.446987092,0.4872895237658459,14,Sunday
7272,2026-01-18 14:49:07.798437170,3.321563544360741,14,Sunday
7242,2026-01-18 14:50:07.941405269,1.4891181273071152,14,Sunday
7251,2026-01-18 14:50:32.484435786,3.59723855541091,14,Sunday
7247,2026-01-18 14:51:42.581270968,0.6296536010147704,14,Sunday
7277,2026-01-18 14:53:22.969392447,31.795211279775636,14,Sunday
7269,2026-01-18 14:55:51.680204655,9.128062781239416,14,Sunday
7239,2026-01-18 14:59:19.537461219,3.5317073773001058,14,Sunday
7304,2026-01-18 15:02:32.459090915,9.444187453792539,15,Sunday
7293,2026-01-18 15:06:13.614941436,1.0263968313478036,15,Sunday
7281,2026-01-18 15:08:59.917286945,1.3555599695957699,15,Sunday
7303,2026-01-18 15:09:46.247671004,10.100036552801592,15,Sunday
7307,2026-01-18 15:12:18.842136409,1.0706217989653755,15,Sunday
7302,2026-01-18 15:12:30.580109835,3.160702098053709,15,Sunday
7310,2026-01-18 15:15:32.753539375,8.920804957215534,15,Sunday
7297,2026-01-18 15:19:56.019950638,3.505551811747774,15,Sunday
7283,2026-01-18 15:19:56.811785691,7.100408152077707,15,Sunday
7311,2026-01-18 15:20:38.759150507,0.4371889746036805,15,Sunday
7313,2026-01-18 15:22:27.352084262,0.5264520715116939,15,Sunday
7294,2026-01-18 15:23:05.482544974,1.2380021374110515,15,Sunday
7289,2026-01-18 15:23:18.215449381,3.4624394270043806,15,Sunday
7298,2026-01-18 15:24:40.761708563,1.1355071065699534,15,Sunday
7296,2026-01-18 15:25:53.946345338,4.1666850797721295,15,Sunday
7315,2026-01-18 15:27:09.811535867,1.8134975486229492,15,Sunday
7301,2026-01-18 15:29:34.772744776,20.796435862916685,15,Sunday
7290,2026-01-18 15:30:11.536812269,6.8668269583024575,15,Sunday
7306,2026-01-18 15:32:40.459529359,6.132586980695869,15,Sunday
7305,2026-01-18 15:33:31.742045705,3.582279220243509,15,Sunday
7280,2026-01-18 15:34:16.865636545,4.337304276419738,15,Sunday
7284,2026-01-18 15:35:28.833323275,5.261747794915629,15,Sunday
7299,2026-01-18 15:36:10.241088430,0.34972471275522465,15,Sunday
7288,2026-01-18 15:36:29.912501172,1.4456090353913107,15,Sunday
7318,2026-01-18 15:40:03.921690714,2.2809229299758464,15,Sunday
7308,2026-01-18 15:41:43.185863229,5.830121951762289,15,Sunday
7285,2026-01-18 15:42:56.301249841,0.9788479190095,15,Sunday
7309,2026-01-18 15:44:27.985349866,1.5899131929353558,15,Sunday
7314,2026-01-18 15:45:38.886018321,10.651116388123194,15,Sunday
7291,2026-01-18 15:46:07.445256163,4.135299293966748,15,Sunday
7317,2026-01-18 15:46:08.483659617,3.342295070339043,15,Sunday
7295,2026-01-18 15:46:34.019754288,1.4911155298857488,15,Sunday
7282,2026-01-18 15:47:02.084570114,2.5427158331383004,15,Sunday
7316,2026-01-18 15:47:36.041380299,5.312270216254646,15,Sunday
7287,2026-01-18 15:50:08.834771227,5.743661782124656,15,Sunday
7319,2026-01-18 15:51:17.202046664,5.184414325910389,15,Sunday
7292,2026-01-18 15:52:39.163953214,0.4348891592802596,15,Sunday
7286,2026-01-18 15:53:20.551623684,0.26299463254236993,15,Sunday
7320,2026-01-18 15:56:21.186581559,14.736899649997516,15,Sunday
7312,2026-01-18 15:59:25.698020450,7.417081709700513,15,Sunday
7300,2026-01-18 15:59:59.298518881,0.9402830811170958,15,Sunday
7345,2026-01-18 16:01:00.706332295,3.0532510602672653,16,Sunday
7326,2026-01-18 16:01:12.701723103,0.14202473622481934,16,Sunday
7351,2026-01-18 16:01:44.543647953,5.535721563713098,16,Sunday
7337,2026-01-18 16:05:02.362205000,1.4047839940567663,16,Sunday
7347,2026-01-18 16:05:31.489775245,4.492892676457078,16,Sunday
7349,2026-01-18 16:06:00.065124087,1.8083240672218246,16,Sunday
7341,2026-01-18 16:08:24.141232551,4.523952648966756,16,Sunday
7331,2026-01-18 16:08:35.916130592,0.3998148060152056,16,Sunday
7346,2026-01-18 16:09:05.798296549,2.5553404931745556,16,Sunday
7327,2026-01-18 16:09:30.952821016,13.425713688947718,16,Sunday
7343,2026-01-18 16:14:10.773663394,1.2807773949013366,16,Sunday
7348,2026-01-18 16:14:23.079022577,3.37916596710137,16,Sunday
7333,2026-01-18 16:21:18.341158907,5.542197219282602,16,Sunday
7321,2026-01-18 16:23:01.949832363,0.7582314386659899,16,Sunday
7324,2026-01-18 16:24:53.452691315,1.2777081248525164,16,Sunday
7344,2026-01-18 16:26:18.171229707,5.10087889801977,16,Sunday
7332,2026-01-18 16:26:43.459542880,2.4956747947699034,16,Sunday
7339,2026-01-18 16:28:18.361744139,8.238262682397183,16,Sunday
7322,2026-01-18 16:28:18.634709415,14.516809980416859,16,Sunday
7334,2026-01-18 16:29:44.380838526,3.1733528666519657,16,Sunday
7325,2026-01-18 16:32:04.774440296,4.765049758760423,16,Sunday
7330,2026-01-18 16:34:57.363372424,2.0965525214810294,16,Sunday
7352,2026-01-18 16:37:03.865802249,0.13527945242274247,16,Sunday
7328,2026-01-18 16:38:30.071428709,3.7010609044161042,16,Sunday
7342,2026-01-18 16:40:14.590292545,2.098381149198177,16,Sunday
7350,2026-01-18 16:41:30.876095830,4.094246938587626,16,Sunday
7329,2026-01-18 16:43:01.116843829,0.22092546397210577,16,Sunday
7340,2026-01-18 16:44:37.903721589,0.7265153413955499,16,Sunday
7336,2026-01-18 16:46:33.101179171,0.6343796360553384,16,Sunday
7323,2026-01-18 16:52:07.862706484,13.522338612481928,16,Sunday
7335,2026-01-18 16:52:13.184524394,2.4202870102976037,16,Sunday
7338,2026-01-18 16:53:25.113111988,0.5275986846551421,16,Sunday
7364,2026-01-19 08:00:30.549643500,12.103227905501194,8,Monday
7369,2026-01-19 08:03:25.846756308,1.5989297629266983,8,Monday
7357,2026-01-19 08:04:11.798436499,1.5964112552140466,8,Monday
7360,2026-01-19 08:08:49.451656381,9.760122030325572,8,Monday
7353,2026-01-19 08:11:11.059490645,0.18163149514556026,8,Monday
7365,2026-01-19 08:13:00.063278360,0.1471066951949631,8,Monday
7358,2026-01-19 08:25:08.778310632,5.113082820636049,8,Monday
7354,2026-01-19 08:33:37.831442680,3.6028187872265676,8,Monday
7371,2026-01-19 08:34:08.567669617,8.555104591233361,8,Monday
7359,2026-01-19 08:34:58.823338816,3.15838820340683,8,Monday
7370,2026-01-19 08:35:49.070276579,1.5690754498880635,8,Monday
7367,2026-01-19 08:40:14.088182976,0.584550186918211,8,Monday
7362,2026-01-19 08:44:39.246930374,1.5507268580307143,8,Monday
7361,2026-01-19 08:45:55.555980281,2.09565353768183,8,Monday
7366,2026-01-19 08:49:37.872171283,7.364244455452411,8,Monday
7355,2026-01-19 08:51:58.280094956,4.701896623264539,8,Monday
7356,2026-01-19 08:52:58.100445078,1.061594092292946,8,Monday
7368,2026-01-19 08:53:39.803473314,0.13934989889788657,8,Monday
7363,2026-01-19 08:54:12.027649344,20.954037344602405,8,Monday
7394,2026-01-19 09:02:50.459918376,12.201121123586915,9,Monday
7399,2026-01-19 09:06:30.799287981,2.8464809098393404,9,Monday
7377,2026-01-19 09:06:49.144540722,0.6259826225458474,9,Monday
7393,2026-01-19 09:09:32.274338481,8.521759933957341,9,Monday
7398,2026-01-19 09:10:09.291350794,3.688918396589304,9,Monday
7395,2026-01-19 09:11:45.523400970,1.1295812550976303,9,Monday
7381,2026-01-19 09:12:39.489442962,0.053116756414025953,9,Monday
7384,2026-01-19 09:14:50.883826204,3.575454614670457,9,Monday
7386,2026-01-19 09:15:27.283616992,4.0123803366979915,9,Monday
7392,2026-01-19 09:17:54.919522637,2.3797572732346235,9,Monday
7401,2026-01-19 09:18:18.569989934,3.3492959084177016,9,Monday
7387,2026-01-19 09:20:00.445273913,19.35278363287538,9,Monday
7388,2026-01-19 09:26:29.467307439,0.3814076916833864,9,Monday
7390,2026-01-19 09:26:57.717137850,1.3919442285468029,9,Monday
7391,2026-01-19 09:29:35.503871236,1.4287484418866452,9,Monday
7382,2026-01-19 09:30:14.144427807,5.596879758379321,9,Monday
7389,2026-01-19 09:31:45.084355487,1.669798775390978,9,Monday
7396,2026-01-19 09:34:54.997109420,3.914811745581188,9,Monday
7385,2026-01-19 09:36:01.702307700,1.204731949364785,9,Monday
7383,2026-01-19 09:40:49.997451520,2.755549393120834,9,Monday
7372,2026-01-19 09:41:56.139579402,6.264379360025175,9,Monday
7378,2026-01-19 09:42:17.223456411,0.9670614490689198,9,Monday
7374,2026-01-19 09:42:36.510777225,1.7092324952244433,9,Monday
7400,2026-01-19 09:44:57.445297977,1.0658145319493577,9,Monday
7375,2026-01-19 09:45:42.052881529,3.7085199156503124,9,Monday
7397,2026-01-19 09:47:10.015612091,5.065370849228059,9,Monday
7379,2026-01-19 09:51:02.901448682,7.4521357826639,9,Monday
7376,2026-01-19 09:56:18.114054684,0.4122616622848423,9,Monday
7402,2026-01-19 09:57:05.397981218,2.5642619456011264,9,Monday
7380,2026-01-19 09:57:15.762960795,3.60626599348965,9,Monday
7373,2026-01-19 09:59:58.052641871,1.9782376474821453,9,Monday
7417,2026-01-19 10:00:21.390321039,3.638845550158627,10,Monday
7418,2026-01-19 10:02:51.750029233,1.0950507413261057,10,Monday
7406,2026-01-19 10:03:29.344034039,25.57809058350471,10,Monday
7410,2026-01-19 10:05:51.395993626,0.8471867841126747,10,Monday
7427,2026-01-19 10:06:12.756859030,8.926786612972199,10,Monday
7419,2026-01-19 10:08:51.384548967,7.090913006391244,10,Monday
7423,2026-01-19 10:11:12.603862660,0.996988365632947,10,Monday
7411,2026-01-19 10:14:25.604029233,1.0489012128528832,10,Monday
7420,2026-01-19 10:20:55.903548372,5.124945632955367,10,Monday
7429,2026-01-19 10:22:32.861648237,3.1368301061450787,10,Monday
7412,2026-01-19 10:24:23.537929993,8.251683639701712,10,Monday
7428,2026-01-19 10:27:28.129140304,4.264515174211361,10,Monday
7426,2026-01-19 10:27:49.434249352,5.527454084381676,10,Monday
7407,2026-01-19 10:31:35.456219477,3.921273634100653,10,Monday
7404,2026-01-19 10:32:07.830200272,2.8871307638585586,10,Monday
7408,2026-01-19 10:32:21.935452474,3.208761633752428,10,Monday
7424,2026-01-19 10:37:10.790945830,8.051147044543962,10,Monday
7421,2026-01-19 10:49:47.704911553,12.859037522981776,10,Monday
7405,2026-01-19 10:51:28.083374217,0.08749065040802717,10,Monday
7409,2026-01-19 10:51:38.527317151,15.46312939702559,10,Monday
7413,2026-01-19 10:51:57.029311511,1.511144025134883,10,Monday
7422,2026-01-19 10:53:33.562303207,7.639021368638328,10,Monday
7403,2026-01-19 10:54:29.354195619,4.309699286547004,10,Monday
7425,2026-01-19 10:55:02.503146234,5.132440252552294,10,Monday
7414,2026-01-19 10:56:19.979934254,8.027904458842013,10,Monday
7416,2026-01-19 10:57:33.096551250,0.16875417840230417,10,Monday
7415,2026-01-19 10:59:33.808630537,1.5840680792119954,10,Monday
7434,2026-01-19 11:00:01.995064506,6.855068611664132,11,Monday
7477,2026-01-19 11:00:44.697921009,9.26105039679984,11,Monday
7480,2026-01-19 11:01:17.901569802,3.0007237202058334,11,Monday
7473,2026-01-19 11:04:03.624731968,10.908124380488628,11,Monday
7469,2026-01-19 11:04:33.921736858,4.552624803917357,11,Monday
7433,2026-01-19 11:04:47.694393647,7.6332037095139595,11,Monday
7476,2026-01-19 11:09:44.210967530,0.4299927299301303,11,Monday
7478,2026-01-19 11:10:16.617490651,0.053320415588732385,11,Monday
7430,2026-01-19 11:10:57.349671913,1.3273027385623415,11,Monday
7461,2026-01-19 11:13:06.774461474,1.291824431804747,11,Monday
7466,2026-01-19 11:13:41.952625668,12.516887343333966,11,Monday
7432,2026-01-19 11:14:01.854128707,4.410781678646722,11,Monday
7458,2026-01-19 11:19:33.008141441,8.973097040973826,11,Monday
7454,2026-01-19 11:20:54.620879393,2.501600123761487,11,Monday
7442,2026-01-19 11:21:22.100983253,3.348676510380926,11,Monday
7436,2026-01-19 11:21:43.735620528,11.151853305941222,11,Monday
7438,2026-01-19 11:22:30.635033927,4.030375061670664,11,Monday
7467,2026-01-19 11:22:54.687450798,2.4009633452861574,11,Monday
7463,2026-01-19 11:23:31.685384769,0.06105859381419745,11,Monday
7440,2026-01-19 11:24:25.505902135,0.923390922615745,11,Monday
7447,2026-01-19 11:26:56.902878453,3.7240531375877866,11,Monday
7465,2026-01-19 11:28:43.798136994,5.167009554768345,11,Monday
7439,2026-01-19 11:29:09.612413657,5.168171521715051,11,Monday
7448,2026-01-19 11:32:11.149428442,9.001114559979085,11,Monday
7470,2026-01-19 11:36:12.966912796,13.087308910411435,11,Monday
7435,2026-01-19 11:36:29.949845040,0.25963266958485637,11,Monday
7431,2026-01-19 11:36:59.716217056,7.079761105235861,11,Monday
7462,2026-01-19 11:37:31.788613620,4.8669204693283366,11,Monday
7441,2026-01-19 11:39:02.069247993,18.696919341057324,11,Monday
7468,2026-01-19 11:39:13.818203339,7.244897334728163,11,Monday
7457,2026-01-19 11:41:28.991202774,6.361799149550667,11,Monday
7450,2026-01-19 11:41:46.125329778,1.5624589555545119,11,Monday
7456,2026-01-19 11:41:51.485362197,0.0169228400114166,11,Monday
7475,2026-01-19 11:41:55.416925333,0.7331433316356806,11,Monday
7452,2026-01-19 11:42:58.791698124,0.3984834260969863,11,Monday
7449,2026-01-19 11:44:31.533333209,0.1684740489992664,11,Monday
7437,2026-01-19 11:45:08.319494424,1.2875870700705916,11,Monday
7459,2026-01-19 11:47:08.166452722,2.512969121612075,11,Monday
7455,2026-01-19 11:49:58.791872061,1.5918611052963392,11,Monday
7479,2026-01-19 11:50:17.433314468,9.89010147170035,11,Monday
7445,2026-01-19 11:50:52.900449566,4.412682393817196,11,Monday
7472,2026-01-19 11:51:01.306035568,1.9216649122350262,11,Monday
7451,2026-01-19 11:53:26.442944179,3.1710750697751333,11,Monday
7460,2026-01-19 11:54:01.353680451,4.153065539863341,11,Monday
7446,2026-01-19 11:55:13.080974061,6.00643537034148,11,Monday
7471,2026-01-19 11:55:52.409133044,2.5406269937806507,11,Monday
7444,2026-01-19 11:56:10.129151754,13.84394334022793,11,Monday
7443,2026-01-19 11:57:49.563539792,0.29685386143313813,11,Monday
7464,2026-01-19 11:59:22.373229461,3.35344528460322,11,Monday
7474,2026-01-19 11:59:36.203563460,0.2524912179278619,11,Monday
7453,2026-01-19 11:59:52.384949622,6.119290553752893,11,Monday
7491,2026-01-19 12:00:48.257331307,0.11594178514330672,12,Monday
7483,2026-01-19 12:02:25.870291582,19.342942870225478,12,Monday
7536,2026-01-19 12:04:08.157727646,6.406147373712166,12,Monday
7499,2026-01-19 12:08:58.551562131,1.865588032353215,12,Monday
7525,2026-01-19 12:09:05.335606907,0.3602079088992457,12,Monday
7510,2026-01-19 12:09:10.399844321,5.690209376243338,12,Monday
7512,2026-01-19 12:11:44.790401087,0.9289859151774872,12,Monday
7488,2026-01-19 12:12:01.834284783,7.987530637953665,12,Monday
7531,2026-01-19 12:12:57.119031574,1.0114094566455676,12,Monday
7495,2026-01-19 12:13:53.171869668,4.545963717542499,12,Monday
7514,2026-01-19 12:15:02.056649119,2.3013329215156597,12,Monday
7496,2026-01-19 12:15:06.280071417,3.0582544864903483,12,Monday
7516,2026-01-19 12:17:04.759416576,8.804944634101288,12,Monday
7501,2026-01-19 12:17:28.690111338,2.2229504590029228,12,Monday
7522,2026-01-19 12:18:26.541789134,0.2814743594038182,12,Monday
7518,2026-01-19 12:18:36.006670016,11.426628665450412,12,Monday
7517,2026-01-19 12:19:04.027470912,5.087812619272823,12,Monday
7529,2026-01-19 12:19:19.605345488,3.953818943508728,12,Monday
7490,2026-01-19 12:19:19.896422332,6.030839874551796,12,Monday
7528,2026-01-19 12:21:20.474603619,6.658031011796034,12,Monday
7505,2026-01-19 12:21:54.182354779,3.4744430136003537,12,Monday
7526,2026-01-19 12:24:02.121686351,3.5522594543112183,12,Monday
7504,2026-01-19 12:25:38.977939179,22.39557613675224,12,Monday
7497,2026-01-19 12:27:59.734344368,2.08336457808687,12,Monday
7527,2026-01-19 12:28:58.142979661,0.43028504263308626,12,Monday
7482,2026-01-19 12:29:15.099253457,4.773224255013984,12,Monday
7507,2026-01-19 12:31:46.138376565,3.2415072564904652,12,Monday
7520,2026-01-19 12:33:24.534424689,6.751117207813559,12,Monday
7534,2026-01-19 12:33:54.711076239,4.76043138953263,12,Monday
7535,2026-01-19 12:36:41.163252262,6.41236979663948,12,Monday
7509,2026-01-19 12:37:22.185253060,0.11024037707906068,12,Monday
7494,2026-01-19 12:39:20.009510702,3.6105272188640503,12,Monday
7484,2026-01-19 12:39:22.063695721,4.5255498580442515,12,Monday
7481,2026-01-19 12:40:45.691643717,1.6804960414237327,12,Monday
7508,2026-01-19 12:41:04.016574467,10.065091346192869,12,Monday
7530,2026-01-19 12:41:11.111618391,15.349428339636145,12,Monday
7523,2026-01-19 12:41:31.173079404,7.481639086986859,12,Monday
7532,2026-01-19 12:42:33.806682904,4.657446390814416,12,Monday
7486,2026-01-19 12:43:13.167398375,2.946816099073657,12,Monday
7515,2026-01-19 12:44:01.971503785,1.739298341772459,12,Monday
7519,2026-01-19 12:44:52.412114493,4.969690041640632,12,Monday
7524,2026-01-19 12:45:10.614958787,4.755788943830867,12,Monday
7506,2026-01-19 12:48:07.996748296,1.079363226500714,12,Monday
7502,2026-01-19 12:48:30.910209944,4.175913999234993,12,Monday
7500,2026-01-19 12:49:33.505210500,2.8823557611027395,12,Monday
7487,2026-01-19 12:49:47.848508239,0.3113233735149577,12,Monday
7485,2026-01-19 12:50:31.339620979,6.449641648513339,12,Monday
7492,2026-01-19 12:50:36.209926784,9.913579514249392,12,Monday
7511,2026-01-19 12:50:41.245297042,3.9700092782832557,12,Monday
7537,2026-01-19 12:51:52.116853024,8.438997417703643,12,Monday
7521,2026-01-19 12:52:58.628841050,9.053057168281194,12,Monday
7489,2026-01-19 12:53:19.996582763,0.17812988440581445,12,Monday
7498,2026-01-19 12:53:52.191886565,3.153813916106591,12,Monday
7503,2026-01-19 12:55:12.976311365,1.3585460181742695,12,Monday
7513,2026-01-19 12:55:56.215718654,8.504380072965875,12,Monday
7533,2026-01-19 12:56:06.159107006,1.1886352179908863,12,Monday
7493,2026-01-19 12:56:30.556568273,0.8577154832843483,12,Monday
7570,2026-01-19 13:00:23.362276993,4.508973517621068,13,Monday
7598,2026-01-19 13:01:20.441761558,2.7961442973745436,13,Monday
7547,2026-01-19 13:01:35.236219729,6.957686318772779,13,Monday
7592,2026-01-19 13:02:54.720422626,3.11092453058773,13,Monday
7566,2026-01-19 13:03:25.012615314,6.869925269362316,13,Monday
7548,2026-01-19 13:03:29.028020007,14.259127157828315,13,Monday
7603,2026-01-19 13:03:45.797727244,0.13201704151206445,13,Monday
7565,2026-01-19 13:05:11.433368183,9.25666852975851,13,Monday
7580,2026-01-19 13:05:14.926580703,1.5735707182081704,13,Monday
7583,2026-01-19 13:05:35.681709196,1.847101980548568,13,Monday
7602,2026-01-19 13:06:06.954864410,2.614882548950703,13,Monday
7575,2026-01-19 13:07:49.582036320,5.789780910088487,13,Monday
7618,2026-01-19 13:09:14.961778651,0.13187157210557815,13,Monday
7559,2026-01-19 13:11:10.075755725,4.711235747987696,13,Monday
7541,2026-01-19 13:11:26.433408317,1.0899852432799795,13,Monday
7613,2026-01-19 13:12:49.366709469,14.000616338204502,13,Monday
7611,2026-01-19 13:13:09.896298804,1.7016066272689956,13,Monday
7615,2026-01-19 13:13:59.715558561,8.591399993858332,13,Monday
7597,2026-01-19 13:14:37.381675803,0.574239926689575,13,Monday
7584,2026-01-19 13:15:48.641222336,3.9517009440413746,13,Monday
7614,2026-01-19 13:16:01.946196323,8.283848916929657,13,Monday
7586,2026-01-19 13:17:03.638075351,47.47858107420586,13,Monday
7560,2026-01-19 13:17:31.250761586,6.161157329247825,13,Monday
7591,2026-01-19 13:17:59.969293993,6.566630137035948,13,Monday
7601,2026-01-19 13:18:24.617270529,5.6659878480691,13,Monday
7617,2026-01-19 13:19:18.579029408,0.773314004708252,13,Monday
7538,2026-01-19 13:20:35.761765460,10.353687213876562,13,Monday
7604,2026-01-19 13:20:55.920198462,4.166475328147781,13,Monday
7572,2026-01-19 13:21:50.179980254,1.5366425961512213,13,Monday
7552,2026-01-19 13:21:51.725858760,0.5868456577079735,13,Monday
7567,2026-01-19 13:22:27.572032606,1.125270644768301,13,Monday
7557,2026-01-19 13:22:44.901536781,0.1617985901551015,13,Monday
7544,2026-01-19 13:23:24.137799555,3.11184925858762,13,Monday
7543,2026-01-19 13:24:26.768349958,4.285124878587103,13,Monday
7546,2026-01-19 13:24:27.354001795,7.914632117130614,13,Monday
7590,2026-01-19 13:24:56.840045678,8.186695561231232,13,Monday
7619,2026-01-19 13:27:11.424282817,1.3527582571503287,13,Monday
7568,2026-01-19 13:27:49.758187563,2.0875055590389833,13,Monday
7564,2026-01-19 13:27:54.625307963,0.6935904438268092,13,Monday
7558,2026-01-19 13:28:43.327923062,5.347122212470988,13,Monday
7600,2026-01-19 13:29:28.098728504,18.99690302864401,13,Monday
7540,2026-01-19 13:29:54.910634608,10.532444463851572,13,Monday
7579,2026-01-19 13:30:52.391128801,6.653305092724531,13,Monday
7616,2026-01-19 13:30:53.936653304,1.085768968136699,13,Monday
7610,2026-01-19 13:31:38.009105761,11.381613228087824,13,Monday
7578,2026-01-19 13:31:38.769905745,4.145731996265541,13,Monday
7588,2026-01-19 13:32:05.345393795,2.7938933625399196,13,Monday
7574,2026-01-19 13:32:05.880140395,7.660461782799265,13,Monday
7542,2026-01-19 13:33:09.754452600,0.9134513658427402,13,Monday
7589,2026-01-19 13:35:46.779378013,9.244455587376935,13,Monday
7569,2026-01-19 13:36:32.834239967,16.998241749789578,13,Monday
7596,2026-01-19 13:38:37.081637230,10.761242310289777,13,Monday
7587,2026-01-19 13:39:14.197219847,2.8572265589212353,13,Monday
7581,2026-01-19 13:39:21.056214865,2.1752559523540227,13,Monday
7554,2026-01-19 13:39:46.091110952,1.1652627639558408,13,Monday
7595,2026-01-19 13:40:14.612664283,10.446380438699903,13,Monday
7539,2026-01-19 13:41:13.641073295,4.226283033568483,13,Monday
7551,2026-01-19 13:41:18.273611240,4.002689221738651,13,Monday
7577,2026-01-19 13:42:35.377469711,4.02189764008389,13,Monday
7563,2026-01-19 13:43:28.057523705,1.720055079344783,13,Monday
7593,2026-01-19 13:44:39.411381458,1.9573607403019146,13,Monday
7594,2026-01-19 13:44:45.936463899,4.691793268024088,13,Monday
7556,2026-01-19 13:45:57.068294533,0.5895084478648666,13,Monday
7561,2026-01-19 13:46:41.252380631,5.39973448406228,13,Monday
7576,2026-01-19 13:47:51.235989124,5.712474955833469,13,Monday
7612,2026-01-19 13:47:52.967698212,1.4318810413635061,13,Monday
7605,2026-01-19 13:48:17.053433160,0.5050498298479085,13,Monday
7599,2026-01-19 13:48:31.375428787,3.124844795239305,13,Monday
7545,2026-01-19 13:48:35.113382768,5.396587799402085,13,Monday
7555,2026-01-19 13:50:39.600777117,2.525574114019678,13,Monday
7573,2026-01-19 13:50:53.140789684,1.1789466166678904,13,Monday
7549,2026-01-19 13:51:22.478550089,2.5396192661950554,13,Monday
7562,2026-01-19 13:53:38.322210779,0.6068549046297357,13,Monday
7607,2026-01-19 13:53:48.304912607,6.9821004802985955,13,Monday
7585,2026-01-19 13:54:08.308704391,6.064049752441609,13,Monday
7609,2026-01-19 13:54:27.811235265,2.8036763926461106,13,Monday
7582,2026-01-19 13:54:40.482560715,10.26445651753072,13,Monday
7606,2026-01-19 13:55:07.405497601,8.99240878674654,13,Monday
7608,2026-01-19 13:55:12.003005098,3.08564736470927,13,Monday
7553,2026-01-19 13:56:18.961136861,1.7043674028293498,13,Monday
7550,2026-01-19 13:57:38.162916045,1.155795086572746,13,Monday
7571,2026-01-19 13:59:23.002405678,8.076163280417298,13,Monday
7680,2026-01-19 14:00:01.115034894,5.738620895689197,14,Monday
7648,2026-01-19 14:00:13.128130024,0.19327247660717972,14,Monday
7647,2026-01-19 14:00:34.110472542,0.502769244496314,14,Monday
7682,2026-01-19 14:01:10.991035935,2.487746666003462,14,Monday
7669,2026-01-19 14:01:42.666578080,2.3190716424743374,14,Monday
7633,2026-01-19 14:01:55.907119514,3.528647378394771,14,Monday
7673,2026-01-19 14:02:39.463551589,19.483639480248055,14,Monday
7635,2026-01-19 14:03:19.406628075,1.4858468197536412,14,Monday
7676,2026-01-19 14:04:41.175494475,5.146483951773902,14,Monday
7659,2026-01-19 14:04:59.497236665,0.5659032479089162,14,Monday
7678,2026-01-19 14:05:57.778004223,28.664900514646515,14,Monday
7627,2026-01-19 14:06:34.649950788,2.4981630396343344,14,Monday
7653,2026-01-19 14:07:04.462722553,12.010762570253013,14,Monday
7667,2026-01-19 14:07:09.281680749,4.001053798839608,14,Monday
7656,2026-01-19 14:10:38.050311980,1.5517096068314762,14,Monday
7638,2026-01-19 14:11:51.963459423,2.7943879198082566,14,Monday
7670,2026-01-19 14:12:39.801201360,0.5084458517154447,14,Monday
7654,2026-01-19 14:13:55.145945941,9.067064467653976,14,Monday
7624,2026-01-19 14:14:41.322232622,0.26159560600666953,14,Monday
7621,2026-01-19 14:15:06.869755322,7.294469258843973,14,Monday
7660,2026-01-19 14:17:06.949182989,1.7307698741643465,14,Monday
7666,2026-01-19 14:17:55.262341730,4.782827388365256,14,Monday
7626,2026-01-19 14:18:03.913849674,6.419310398104586,14,Monday
7642,2026-01-19 14:18:18.393084763,5.494402542789903,14,Monday
7645,2026-01-19 14:19:14.393014402,5.121765082933768,14,Monday
7684,2026-01-19 14:21:42.086920680,2.867827477730787,14,Monday
7625,2026-01-19 14:22:34.934258273,3.2631488287034403,14,Monday
7629,2026-01-19 14:22:43.286387998,7.116679249579237,14,Monday
7622,2026-01-19 14:23:43.052992622,0.36959287141435104,14,Monday
7686,2026-01-19 14:24:06.282739529,2.035678916132329,14,Monday
7668,2026-01-19 14:24:32.673724437,1.4417543115155933,14,Monday
7672,2026-01-19 14:25:06.978668418,11.399483484966101,14,Monday
7671,2026-01-19 14:25:56.940153141,1.2838933891326971,14,Monday
7628,2026-01-19 14:29:23.618911670,1.2246040350590381,14,Monday
7665,2026-01-19 14:29:45.718403789,4.998118408128166,14,Monday
7661,2026-01-19 14:31:13.339979187,4.0124677412407355,14,Monday
7658,2026-01-19 14:31:49.666800146,0.08094581431592522,14,Monday
7632,2026-01-19 14:32:39.298972184,2.359347728376415,14,Monday
7675,2026-01-19 14:32:58.863321071,12.433939612767384,14,Monday
7643,2026-01-19 14:35:11.914844804,3.189343849429509,14,Monday
7674,2026-01-19 14:35:20.616552691,5.215787422307557,14,Monday
7636,2026-01-19 14:36:58.882764956,6.95217383466453,14,Monday
7634,2026-01-19 14:37:08.120482444,2.2559364043123162,14,Monday
7664,2026-01-19 14:37:18.779381237,0.9988486880037557,14,Monday
7657,2026-01-19 14:40:56.025363275,0.6223852937192378,14,Monday
7637,2026-01-19 14:41:06.107817369,2.0749403774739825,14,Monday
7630,2026-01-19 14:41:41.593508906,7.669210884627792,14,Monday
7663,2026-01-19 14:42:27.138562612,0.732230886241041,14,Monday
7620,2026-01-19 14:43:44.771820941,0.3677371512972032,14,Monday
7685,2026-01-19 14:44:17.580480490,1.4420520810227277,14,Monday
7683,2026-01-19 14:45:28.123314811,5.19136232243837,14,Monday
7649,2026-01-19 14:45:34.961977220,3.051538793987147,14,Monday
7650,2026-01-19 14:45:41.211295657,8.73929001472169,14,Monday
7651,2026-01-19 14:47:20.317876268,1.877710278675705,14,Monday
7641,2026-01-19 14:48:47.113070809,12.492733840016296,14,Monday
7631,2026-01-19 14:49:03.340369025,12.799982174324615,14,Monday
7639,2026-01-19 14:49:09.646135398,2.584836037239274,14,Monday
7646,2026-01-19 14:49:12.100160155,0.31262465348926466,14,Monday
7662,2026-01-19 14:51:08.460420061,0.33069945457609334,14,Monday
7679,2026-01-19 14:51:17.402944454,0.5209854173520596,14,Monday
7681,2026-01-19 14:52:56.211942163,1.4573542244693984,14,Monday
7655,2026-01-19 14:54:13.409713345,5.468841882618461,14,Monday
7640,2026-01-19 14:54:39.906473666,6.235466804508084,14,Monday
7644,2026-01-19 14:54:53.334537088,7.55260564712888,14,Monday
7652,2026-01-19 14:55:48.096616397,2.4238419337601105,14,Monday
7677,2026-01-19 14:56:35.386988857,0.16879997798712992,14,Monday
7623,2026-01-19 14:58:59.384243681,12.762958481761402,14,Monday
7708,2026-01-19 15:03:12.300018964,0.9731644283429073,15,Monday
7715,2026-01-19 15:03:53.545096206,3.0667619963562958,15,Monday
7717,2026-01-19 15:04:06.693555349,3.411889403021618,15,Monday
7721,2026-01-19 15:05:01.188276184,1.4821519220099897,15,Monday
7702,2026-01-19 15:06:43.102693753,0.23272268175685695,15,Monday
7707,2026-01-19 15:06:48.457805489,2.9363656347390474,15,Monday
7696,2026-01-19 15:07:20.043094276,14.187293820080306,15,Monday
7695,2026-01-19 15:07:54.432007082,3.4206553710340364,15,Monday
7703,2026-01-19 15:08:27.778884899,4.4482550412118655,15,Monday
7691,2026-01-19 15:09:25.856897790,0.6829181439935457,15,Monday
7716,2026-01-19 15:11:32.250203631,0.12144269342152078,15,Monday
7689,2026-01-19 15:11:59.355313228,1.776809115549827,15,Monday
7692,2026-01-19 15:12:37.663981711,8.111306493519328,15,Monday
7706,2026-01-19 15:14:04.860718386,0.811514093939844,15,Monday
7725,2026-01-19 15:15:28.958018532,12.973254055592314,15,Monday
7722,2026-01-19 15:16:23.924491153,4.147328606064707,15,Monday
7698,2026-01-19 15:16:35.077947937,4.295534897197668,15,Monday
7723,2026-01-19 15:17:51.791453010,0.3999103575442345,15,Monday
7693,2026-01-19 15:21:57.648210624,4.168163507901678,15,Monday
7711,2026-01-19 15:22:22.115961131,11.72556791980286,15,Monday
7701,2026-01-19 15:26:05.852782864,2.2757103581353317,15,Monday
7700,2026-01-19 15:27:05.892064859,1.9510755186208057,15,Monday
7688,2026-01-19 15:27:30.775577325,6.560803266619369,15,Monday
7697,2026-01-19 15:29:38.309957898,11.122022330262869,15,Monday
7724,2026-01-19 15:33:38.675505655,8.044472907046117,15,Monday
7699,2026-01-19 15:34:07.420589933,13.582436327456398,15,Monday
7720,2026-01-19 15:34:28.711454238,4.435013841914094,15,Monday
7709,2026-01-19 15:36:29.871409470,5.425431131267816,15,Monday
7712,2026-01-19 15:40:46.833122966,1.3109465956557809,15,Monday
7713,2026-01-19 15:42:46.651736014,1.722336424087929,15,Monday
7710,2026-01-19 15:42:55.271565000,0.8595578802874416,15,Monday
7719,2026-01-19 15:47:33.313776120,21.114772546617942,15,Monday
7687,2026-01-19 15:47:55.006857324,0.3787920880189004,15,Monday
7690,2026-01-19 15:48:39.657996945,3.0108151501926117,15,Monday
7704,2026-01-19 15:49:15.882878808,6.399303566093288,15,Monday
7718,2026-01-19 15:52:04.778160009,0.4416612559642916,15,Monday
7694,2026-01-19 15:52:49.253505067,11.59284205244419,15,Monday
7705,2026-01-19 15:53:09.177855258,7.425475313895616,15,Monday
7714,2026-01-19 15:56:07.232213028,9.515902300981423,15,Monday
7733,2026-01-19 16:00:34.798560084,9.048900601416602,16,Monday
7736,2026-01-19 16:01:59.827977348,4.287162858668044,16,Monday
7727,2026-01-19 16:02:06.315400378,1.1433173828276566,16,Monday
7746,2026-01-19 16:02:14.465885336,9.883515547738869,16,Monday
7754,2026-01-19 16:02:27.838945487,0.15951583412560244,16,Monday
7755,2026-01-19 16:04:17.539758805,2.317511445031905,16,Monday
7734,2026-01-19 16:04:23.939227634,2.6228742450789113,16,Monday
7761,2026-01-19 16:07:50.246280729,4.4499285380136,16,Monday
7732,2026-01-19 16:10:04.364043898,0.5533074805185297,16,Monday
7739,2026-01-19 16:10:49.738829045,11.036260139127606,16,Monday
7760,2026-01-19 16:11:44.970175878,1.5996352705182524,16,Monday
7741,2026-01-19 16:12:16.024774437,1.3598446742637886,16,Monday
7759,2026-01-19 16:13:16.571995053,2.863941509492844,16,Monday
7735,2026-01-19 16:13:24.137176178,1.5246364418140892,16,Monday
7757,2026-01-19 16:13:58.006863974,1.4532215662460386,16,Monday
7758,2026-01-19 16:15:53.751190400,10.502238089136801,16,Monday
7750,2026-01-19 16:16:36.733861074,1.9791493059682876,16,Monday
7738,2026-01-19 16:18:50.725638840,7.540099189156856,16,Monday
7756,2026-01-19 16:19:30.185484994,0.9475807241120207,16,Monday
7726,2026-01-19 16:19:32.765230716,0.7785313183893063,16,Monday
7743,2026-01-19 16:20:57.353661051,0.07368295671348735,16,Monday
7751,2026-01-19 16:23:51.652086522,10.962544295228708,16,Monday
7730,2026-01-19 16:27:33.646936778,7.0470807792766035,16,Monday
7747,2026-01-19 16:30:00.952226918,1.9978176982546434,16,Monday
7737,2026-01-19 16:30:10.237358315,8.634999088803628,16,Monday
7744,2026-01-19 16:30:42.579938385,10.573133070409773,16,Monday
7729,2026-01-19 16:32:05.657223083,13.516423356275693,16,Monday
7749,2026-01-19 16:35:16.707294133,0.19959250606983645,16,Monday
7728,2026-01-19 16:39:05.041291323,1.413576960805182,16,Monday
7752,2026-01-19 16:40:48.956263422,0.12939701348441823,16,Monday
7742,2026-01-19 16:41:15.378363577,2.7570046860142257,16,Monday
7740,2026-01-19 16:45:00.302669815,13.164633821040983,16,Monday
7748,2026-01-19 16:51:15.922657179,2.2953864186544277,16,Monday
7753,2026-01-19 16:53:26.922819529,2.6071370653373127,16,Monday
7731,2026-01-19 16:54:27.471432004,7.796087436818825,16,Monday
7745,2026-01-19 16:56:01.921343464,0.839562250754453,16,Monday
7762,2026-01-19 16:56:02.234874462,0.7663792453732027,16,Monday
7776,2026-01-20 08:03:34.358896808,3.147142092111222,8,Tuesday
7768,2026-01-20 08:06:56.897601650,2.399663809416592,8,Tuesday
7771,2026-01-20 08:09:04.258509614,0.026130755226697604,8,Tuesday
7763,2026-01-20 08:14:15.082950653,1.541508483814607,8,Tuesday
7770,2026-01-20 08:19:10.376626362,10.765488288302281,8,Tuesday
7769,2026-01-20 08:20:04.794035944,6.344832352138164,8,Tuesday
7774,2026-01-20 08:29:03.931695003,6.032076931063072,8,Tuesday
7765,2026-01-20 08:29:29.368688134,2.2430774151207356,8,Tuesday
7775,2026-01-20 08:32:15.974800060,9.67669096434092,8,Tuesday
7777,2026-01-20 08:33:19.826468377,9.008263431517404,8,Tuesday
7779,2026-01-20 08:34:25.779264901,0.8668142375500487,8,Tuesday
7764,2026-01-20 08:40:44.859854643,5.506303046893758,8,Tuesday
7773,2026-01-20 08:45:35.563334539,3.582233963982928,8,Tuesday
7766,2026-01-20 08:46:19.160652916,3.9358970136435643,8,Tuesday
7778,2026-01-20 08:47:28.829486470,0.9777624205186932,8,Tuesday
7772,2026-01-20 08:48:37.091294400,13.56153518520694,8,Tuesday
7767,2026-01-20 08:56:53.680328600,3.342910571042343,8,Tuesday
7799,2026-01-20 09:00:01.188573334,1.1797833467863414,9,Tuesday
7798,2026-01-20 09:00:15.845792413,3.07928680913713,9,Tuesday
7793,2026-01-20 09:00:27.329098226,3.519375810394289,9,Tuesday
7801,2026-01-20 09:01:45.457338019,2.704867749946988,9,Tuesday
7808,2026-01-20 09:02:40.776103958,0.58041043608376,9,Tuesday
7805,2026-01-20 09:03:40.095468044,8.300404855526489,9,Tuesday
7803,2026-01-20 09:13:19.434628349,3.9707313522935177,9,Tuesday
7785,2026-01-20 09:19:10.904471998,7.851547747054976,9,Tuesday
7783,2026-01-20 09:19:53.015115707,3.9348680773627684,9,Tuesday
7809,2026-01-20 09:20:06.447360106,11.290225156103231,9,Tuesday
7807,2026-01-20 09:22:47.842050530,2.4760911301324287,9,Tuesday
7789,2026-01-20 09:23:36.529982119,5.959823453716956,9,Tuesday
7800,2026-01-20 09:28:20.148458862,10.027829306089469,9,Tuesday
7804,2026-01-20 09:28:21.593025713,2.4052966119886547,9,Tuesday
7806,2026-01-20 09:31:19.374298216,4.391001503126722,9,Tuesday
7782,2026-01-20 09:31:31.761228753,1.1652489821868972,9,Tuesday
7787,2026-01-20 09:31:55.134479658,17.256927171088904,9,Tuesday
7791,2026-01-20 09:34:18.056373957,2.9093603785224404,9,Tuesday
7794,2026-01-20 09:34:21.614099488,6.065051478809113,9,Tuesday
7788,2026-01-20 09:36:30.644433091,3.3622105097827824,9,Tuesday
7781,2026-01-20 09:38:37.465650158,22.986749856130796,9,Tuesday
7795,2026-01-20 09:43:01.872803010,6.847212375385442,9,Tuesday
7786,2026-01-20 09:44:39.069986033,25.07886802473662,9,Tuesday
7796,2026-01-20 09:44:42.288616183,1.4615916246875658,9,Tuesday
7780,2026-01-20 09:53:32.734239129,2.483266143258778,9,Tuesday
7797,2026-01-20 09:54:17.916774414,10.425261178841724,9,Tuesday
7792,2026-01-20 09:56:16.035469651,8.277894677892109,9,Tuesday
7790,2026-01-20 09:57:53.363251700,0.5851591784326979,9,Tuesday
7802,2026-01-20 09:58:28.317193184,6.937724481159828,9,Tuesday
7784,2026-01-20 09:58:48.001496157,21.836891909953152,9,Tuesday
7823,2026-01-20 10:01:28.072929932,4.523287626172593,10,Tuesday
7828,2026-01-20 10:03:12.151779038,3.403815813897257,10,Tuesday
7833,2026-01-20 10:03:47.403831250,0.2290280675943402,10,Tuesday
7830,2026-01-20 10:04:26.359983126,3.192707213166483,10,Tuesday
7841,2026-01-20 10:04:35.015940463,0.8630931278064212,10,Tuesday
7832,2026-01-20 10:05:34.438972178,5.184789346632519,10,Tuesday
7826,2026-01-20 10:07:17.193416622,10.589165061757218,10,Tuesday
7825,2026-01-20 10:07:40.018636465,2.4956160332322987,10,Tuesday
7811,2026-01-20 10:09:06.143815814,0.3618659352802195,10,Tuesday
7839,2026-01-20 10:10:33.841329735,8.014250943758078,10,Tuesday
7831,2026-01-20 10:12:11.842399569,9.577667242470113,10,Tuesday
7840,2026-01-20 10:15:53.665896592,0.23781088302465186,10,Tuesday
7834,2026-01-20 10:16:03.905995942,3.906285736026423,10,Tuesday
7827,2026-01-20 10:16:53.526144384,19.511146380754692,10,Tuesday
7820,2026-01-20 10:21:14.417795452,5.185101227709791,10,Tuesday
7824,2026-01-20 10:21:45.421025707,5.8580338715633316,10,Tuesday
7822,2026-01-20 10:26:04.209697389,1.6518247230847596,10,Tuesday
7815,2026-01-20 10:31:32.274892558,23.402193135607433,10,Tuesday
7812,2026-01-20 10:34:01.021712299,4.067493857393996,10,Tuesday
7835,2026-01-20 10:34:18.836283577,0.08725759257767059,10,Tuesday
7816,2026-01-20 10:37:29.062055663,7.068940509105426,10,Tuesday
7829,2026-01-20 10:41:18.643878274,2.4767356374767155,10,Tuesday
7817,2026-01-20 10:45:27.097178878,9.068165561695062,10,Tuesday
7814,2026-01-20 10:45:27.301797788,1.3949044160267945,10,Tuesday
7819,2026-01-20 10:45:42.527148753,10.240268178722777,10,Tuesday
7813,2026-01-20 10:45:51.958304532,1.4242675319225386,10,Tuesday
7818,2026-01-20 10:50:27.699495926,4.242958147074525,10,Tuesday
7837,2026-01-20 10:52:32.003955658,1.989808696168285,10,Tuesday
7838,2026-01-20 10:52:33.362131603,3.1933658302652033,10,Tuesday
7810,2026-01-20 10:55:19.919005808,7.5359488239550565,10,Tuesday
7836,2026-01-20 10:57:52.868003208,7.5374619537573615,10,Tuesday
7821,2026-01-20 10:59:48.215043807,14.609965863928265,10,Tuesday
7863,2026-01-20 11:03:25.030322264,0.8566289057553493,11,Tuesday
7887,2026-01-20 11:04:01.866707486,18.524734759961255,11,Tuesday
7875,2026-01-20 11:06:14.437071821,0.23428594984265247,11,Tuesday
7869,2026-01-20 11:06:44.656960600,5.75634558403459,11,Tuesday
7871,2026-01-20 11:11:32.679736393,12.014158530039865,11,Tuesday
7864,2026-01-20 11:12:20.535461915,9.694906089051383,11,Tuesday
7849,2026-01-20 11:14:02.624973259,8.986024231314218,11,Tuesday
7852,2026-01-20 11:14:10.219136938,2.8956760545177893,11,Tuesday
7848,2026-01-20 11:17:49.477048067,2.73424828402358,11,Tuesday
7883,2026-01-20 11:17:51.048618409,7.233399303936619,11,Tuesday
7886,2026-01-20 11:18:07.887696940,1.2827431180933715,11,Tuesday
7842,2026-01-20 11:20:16.445132790,1.4564954278813924,11,Tuesday
7847,2026-01-20 11:20:27.369169131,2.456593967780344,11,Tuesday
7878,2026-01-20 11:21:16.814975797,25.631900521230474,11,Tuesday
7853,2026-01-20 11:22:37.177785157,5.243127698000661,11,Tuesday
7857,2026-01-20 11:22:50.038078609,14.276186784854374,11,Tuesday
7866,2026-01-20 11:25:53.595443831,2.9861101595561195,11,Tuesday
7885,2026-01-20 11:26:22.712353889,7.350807662023807,11,Tuesday
7859,2026-01-20 11:26:28.923217151,1.6576727549435257,11,Tuesday
7870,2026-01-20 11:27:06.691194483,1.8715173701547894,11,Tuesday
7865,2026-01-20 11:28:36.859531916,12.01583761754822,11,Tuesday
7874,2026-01-20 11:28:43.326054805,4.098113234682289,11,Tuesday
7854,2026-01-20 11:30:24.162350158,0.2583773580576889,11,Tuesday
7855,2026-01-20 11:31:41.304206185,5.297052942210714,11,Tuesday
7881,2026-01-20 11:33:28.273856868,0.2892556337248311,11,Tuesday
7882,2026-01-20 11:33:56.620480839,4.994778434325269,11,Tuesday
7884,2026-01-20 11:35:04.221729539,7.536986140799577,11,Tuesday
7867,2026-01-20 11:38:27.209993413,1.6455063761434683,11,Tuesday
7851,2026-01-20 11:40:46.386704226,22.020679112128793,11,Tuesday
7877,2026-01-20 11:41:49.708861772,4.943467050296749,11,Tuesday
7860,2026-01-20 11:44:46.941629252,4.2826861506953,11,Tuesday
7876,2026-01-20 11:47:07.060800201,13.43553786086172,11,Tuesday
7844,2026-01-20 11:49:31.491975265,3.904888842008041,11,Tuesday
7850,2026-01-20 11:49:48.420880709,3.2335399699856286,11,Tuesday
7845,2026-01-20 11:53:02.046533856,4.602372630787911,11,Tuesday
7879,2026-01-20 11:53:14.666906288,3.8539914702533884,11,Tuesday
7856,2026-01-20 11:53:19.419822786,9.533373915167328,11,Tuesday
7872,2026-01-20 11:53:38.787354232,5.558677231986307,11,Tuesday
7862,2026-01-20 11:54:27.272534267,4.148472503485291,11,Tuesday
7858,2026-01-20 11:54:30.686509801,29.610833671506708,11,Tuesday
7861,2026-01-20 11:55:48.915551946,2.995716409048029,11,Tuesday
7846,2026-01-20 11:56:13.396680836,4.689764920909696,11,Tuesday
7868,2026-01-20 11:56:40.952582971,0.7589623076977975,11,Tuesday
7873,2026-01-20 11:57:52.488668885,5.187849243797164,11,Tuesday
7880,2026-01-20 11:58:32.994803217,6.191284075066178,11,Tuesday
7843,2026-01-20 11:59:53.429056412,1.10232726360394,11,Tuesday
7938,2026-01-20 12:01:12.897767244,2.41850003832646,12,Tuesday
7968,2026-01-20 12:02:08.788886570,0.29193480835590313,12,Tuesday
7911,2026-01-20 12:02:17.273810729,0.18427850716870003,12,Tuesday
7904,2026-01-20 12:02:44.615813144,4.470959572649871,12,Tuesday
7929,2026-01-20 12:02:45.312201928,1.0347232310119028,12,Tuesday
7934,2026-01-20 12:03:05.910470001,17.581986184371196,12,Tuesday
7908,2026-01-20 12:05:00.895999201,2.682406667598391,12,Tuesday
7937,2026-01-20 12:05:14.820563409,3.915496313367174,12,Tuesday
7932,2026-01-20 12:05:48.811780191,13.12872808494706,12,Tuesday
7891,2026-01-20 12:06:05.413889892,8.38460267309075,12,Tuesday
7916,2026-01-20 12:06:31.706604828,6.528876505127484,12,Tuesday
7896,2026-01-20 12:07:51.800676318,11.950667472846792,12,Tuesday
7906,2026-01-20 12:08:37.626622858,0.808763470476,12,Tuesday
7910,2026-01-20 12:09:07.065093161,12.297876882228373,12,Tuesday
7955,2026-01-20 12:10:17.886062695,0.2987371370810795,12,Tuesday
7958,2026-01-20 12:10:35.595092074,9.272937041286033,12,Tuesday
7964,2026-01-20 12:10:50.918286135,2.47385184980018,12,Tuesday
7944,2026-01-20 12:11:13.590322502,3.6937516131860164,12,Tuesday
7923,2026-01-20 12:12:01.297094412,11.821659240838294,12,Tuesday
7956,2026-01-20 12:12:43.052724928,4.37969882774228,12,Tuesday
7933,2026-01-20 12:14:09.243120113,5.204456672328962,12,Tuesday
7913,2026-01-20 12:16:48.955080627,1.07659584815225,12,Tuesday
7960,2026-01-20 12:17:29.951467420,1.5088210028289044,12,Tuesday
7922,2026-01-20 12:18:09.984932484,7.41978186733776,12,Tuesday
7902,2026-01-20 12:19:29.591783332,2.0751417352542525,12,Tuesday
7894,2026-01-20 12:19:33.684428200,1.9699913486940361,12,Tuesday
7949,2026-01-20 12:20:14.908902132,0.41713263719284027,12,Tuesday
7889,2026-01-20 12:20:17.199314650,1.9309746604325915,12,Tuesday
7930,2026-01-20 12:20:19.480179277,5.065985086006966,12,Tuesday
7901,2026-01-20 12:21:34.692275444,2.4376241788618445,12,Tuesday
7950,2026-01-20 12:22:53.499700777,7.042680805316847,12,Tuesday
7926,2026-01-20 12:23:24.407568362,0.032546114402704183,12,Tuesday
7931,2026-01-20 12:24:42.352380814,6.861163639031914,12,Tuesday
7893,2026-01-20 12:25:40.972050991,1.4962015366074901,12,Tuesday
7940,2026-01-20 12:26:21.091796457,6.579590037053552,12,Tuesday
7925,2026-01-20 12:26:24.788302695,1.100621471497226,12,Tuesday
7918,2026-01-20 12:27:08.331029148,4.513151876122888,12,Tuesday
7963,2026-01-20 12:27:49.634840719,0.08488305251835164,12,Tuesday
7892,2026-01-20 12:29:51.888541042,9.315385931534527,12,Tuesday
7920,2026-01-20 12:30:03.674059256,12.077522745658706,12,Tuesday
7903,2026-01-20 12:31:01.374076884,5.032172409586135,12,Tuesday
7957,2026-01-20 12:31:55.324872600,2.1487406120416663,12,Tuesday
7924,2026-01-20 12:32:33.252732269,1.3363319693750422,12,Tuesday
7915,2026-01-20 12:33:18.306901702,2.8079707797051885,12,Tuesday
7947,2026-01-20 12:34:48.832633415,4.132809371643579,12,Tuesday
7943,2026-01-20 12:35:57.481400458,2.1157579796085533,12,Tuesday
7921,2026-01-20 12:36:15.701309860,15.944717103510008,12,Tuesday
7967,2026-01-20 12:37:21.327232593,2.8280600808883163,12,Tuesday
7953,2026-01-20 12:37:44.358194007,3.6206652532525885,12,Tuesday
7959,2026-01-20 12:38:05.982252795,2.240997269052324,12,Tuesday
7895,2026-01-20 12:38:43.922367168,1.3475539912288554,12,Tuesday
7965,2026-01-20 12:38:48.389859894,5.314135461486261,12,Tuesday
7927,2026-01-20 12:40:21.241902340,6.135258038449739,12,Tuesday
7948,2026-01-20 12:40:55.190810210,0.6605800656427351,12,Tuesday
7888,2026-01-20 12:41:21.422694303,0.08722631672832779,12,Tuesday
7928,2026-01-20 12:41:25.823875240,13.860319325106708,12,Tuesday
7914,2026-01-20 12:42:52.186150023,3.488732794452826,12,Tuesday
7897,2026-01-20 12:42:59.984705281,3.492299687692948,12,Tuesday
7939,2026-01-20 12:43:09.436080548,0.007133728025841085,12,Tuesday
7912,2026-01-20 12:43:10.162020933,1.396328035967136,12,Tuesday
7919,2026-01-20 12:44:04.010200075,10.76467679048113,12,Tuesday
7951,2026-01-20 12:44:04.756192271,0.04775837384675956,12,Tuesday
7936,2026-01-20 12:44:11.605930691,2.1533648704615462,12,Tuesday
7945,2026-01-20 12:46:55.898529767,2.2312286281775258,12,Tuesday
7941,2026-01-20 12:47:12.468152632,6.965931107195312,12,Tuesday
7954,2026-01-20 12:47:23.452470547,20.37754457213158,12,Tuesday
7961,2026-01-20 12:47:29.517427200,9.743930852712587,12,Tuesday
7899,2026-01-20 12:48:16.411372087,2.684839256595528,12,Tuesday
7962,2026-01-20 12:48:29.197247811,2.3472436493804456,12,Tuesday
7909,2026-01-20 12:49:21.449739642,4.953513624211135,12,Tuesday
7900,2026-01-20 12:51:36.060310474,4.984985502316629,12,Tuesday
7907,2026-01-20 12:54:10.846941005,2.298893958290787,12,Tuesday
7942,2026-01-20 12:55:24.513736146,6.871327092799456,12,Tuesday
7952,2026-01-20 12:55:39.975954264,15.971945875814882,12,Tuesday
7917,2026-01-20 12:55:55.668263884,1.3881037060897459,12,Tuesday
7905,2026-01-20 12:56:43.289284043,1.7373582237852772,12,Tuesday
7946,2026-01-20 12:57:20.922275427,0.08083187257581824,12,Tuesday
7890,2026-01-20 12:58:03.915564143,1.0894357450483911,12,Tuesday
7898,2026-01-20 12:58:50.131645697,5.337560424720352,12,Tuesday
7966,2026-01-20 12:59:34.033265748,1.467558752303968,12,Tuesday
7935,2026-01-20 12:59:46.471555021,2.1131057323087274,12,Tuesday
7986,2026-01-20 13:01:03.323698365,5.976024555009403,13,Tuesday
7983,2026-01-20 13:02:26.783787628,0.2209086671744628,13,Tuesday
7995,2026-01-20 13:02:43.815256045,1.6771418512378884,13,Tuesday
7977,2026-01-20 13:04:23.633415398,0.38870862813837753,13,Tuesday
7971,2026-01-20 13:05:17.816994905,11.858004892399991,13,Tuesday
8041,2026-01-20 13:05:35.479629500,6.359288521438931,13,Tuesday
7973,2026-01-20 13:09:16.831091260,9.376816058219417,13,Tuesday
8039,2026-01-20 13:09:24.601319626,3.277151622291302,13,Tuesday
7990,2026-01-20 13:10:21.308858577,0.9273498007291567,13,Tuesday
8004,2026-01-20 13:11:57.270762904,7.80113680755032,13,Tuesday
7972,2026-01-20 13:12:06.987112243,2.6263553830481694,13,Tuesday
7982,2026-01-20 13:12:19.938494503,5.602225403745961,13,Tuesday
8003,2026-01-20 13:14:19.279973152,2.329450078238703,13,Tuesday
8019,2026-01-20 13:14:42.348903103,2.0633230999984025,13,Tuesday
7987,2026-01-20 13:15:04.946426245,1.2711107660176444,13,Tuesday
8038,2026-01-20 13:15:17.343445119,3.95859675129588,13,Tuesday
8018,2026-01-20 13:15:28.071583790,2.833983487607823,13,Tuesday
8030,2026-01-20 13:15:35.699305887,2.1597118996651203,13,Tuesday
8023,2026-01-20 13:16:09.978566693,1.7980309326740684,13,Tuesday
8027,2026-01-20 13:17:27.167036079,1.365778049987993,13,Tuesday
8031,2026-01-20 13:18:02.234015480,1.20969819074693,13,Tuesday
7988,2026-01-20 13:18:33.576387180,0.35454407918015085,13,Tuesday
8007,2026-01-20 13:19:20.478336262,2.4084050433693527,13,Tuesday
8016,2026-01-20 13:20:41.938244505,1.9014282594114764,13,Tuesday
7985,2026-01-20 13:20:42.566870889,0.929383903788824,13,Tuesday
8036,2026-01-20 13:23:34.107781029,3.370747534159943,13,Tuesday
8037,2026-01-20 13:23:41.473227853,10.300803815672555,13,Tuesday
8012,2026-01-20 13:24:08.838641804,1.7994676968447212,13,Tuesday
7991,2026-01-20 13:24:46.995652632,6.536380674731962,13,Tuesday
7969,2026-01-20 13:24:47.925221043,8.763260264524183,13,Tuesday
7970,2026-01-20 13:25:12.837478085,9.742267802432531,13,Tuesday
7999,2026-01-20 13:25:49.413424857,0.42888754431005977,13,Tuesday
8025,2026-01-20 13:26:38.161138931,4.734356430225937,13,Tuesday
8000,2026-01-20 13:27:13.816372525,1.9901474929833705,13,Tuesday
7993,2026-01-20 13:27:33.254608910,2.0963438811800477,13,Tuesday
7974,2026-01-20 13:28:54.075967181,0.8602403529341243,13,Tuesday
7992,2026-01-20 13:28:56.911599904,1.3561956310372894,13,Tuesday
8005,2026-01-20 13:29:46.446625931,0.2005668931789906,13,Tuesday
7980,2026-01-20 13:30:58.439152568,7.00094645531332,13,Tuesday
8021,2026-01-20 13:31:17.021050546,1.7557165768833278,13,Tuesday
7979,2026-01-20 13:31:35.394698381,5.616519611418724,13,Tuesday
7975,2026-01-20 13:31:45.319947422,0.10939706411771173,13,Tuesday
8011,2026-01-20 13:33:50.128048515,21.666885998877653,13,Tuesday
7997,2026-01-20 13:34:54.973970378,8.453830195200556,13,Tuesday
8026,2026-01-20 13:35:49.057032643,2.785928885097846,13,Tuesday
8024,2026-01-20 13:35:55.404027804,6.258038087587989,13,Tuesday
7978,2026-01-20 13:35:59.524703358,22.337777661253373,13,Tuesday
8014,2026-01-20 13:36:40.790711890,0.905590411158786,13,Tuesday
7989,2026-01-20 13:37:00.618156423,3.2840152979121378,13,Tuesday
8008,2026-01-20 13:39:07.252615220,5.214636752399274,13,Tuesday
8032,2026-01-20 13:39:40.155370988,0.61910912500226,13,Tuesday
8017,2026-01-20 13:40:11.817051611,0.5104633653999711,13,Tuesday
7984,2026-01-20 13:40:20.177427483,9.095418595351543,13,Tuesday
8035,2026-01-20 13:40:57.714617193,4.906924660102636,13,Tuesday
8022,2026-01-20 13:40:59.795797520,10.876946058826773,13,Tuesday
8040,2026-01-20 13:41:33.278565828,12.924805698104898,13,Tuesday
8033,2026-01-20 13:41:44.106627492,10.591616178570881,13,Tuesday
8034,2026-01-20 13:42:14.758863830,2.9018876837939485,13,Tuesday
8009,2026-01-20 13:42:29.346075866,16.947764991651702,13,Tuesday
8020,2026-01-20 13:42:52.999926513,0.6540709832079737,13,Tuesday
8028,2026-01-20 13:42:55.623469136,2.302363560153598,13,Tuesday
8015,2026-01-20 13:43:42.834761879,2.5136663168702675,13,Tuesday
8010,2026-01-20 13:46:43.228793618,3.5705815874344333,13,Tuesday
7998,2026-01-20 13:47:44.619773891,0.9874390229507434,13,Tuesday
8029,2026-01-20 13:48:21.345718174,4.483754586127475,13,Tuesday
7981,2026-01-20 13:52:23.373434578,1.4105140362078892,13,Tuesday
8001,2026-01-20 13:52:45.575396456,2.761509708541138,13,Tuesday
8002,2026-01-20 13:53:45.364186650,3.9116330628153655,13,Tuesday
8006,2026-01-20 13:54:00.997297659,2.8261234012580587,13,Tuesday
8042,2026-01-20 13:56:16.052232432,0.5913840165239088,13,Tuesday
7976,2026-01-20 13:56:56.184472623,7.6830611864845935,13,Tuesday
7996,2026-01-20 13:57:03.485471228,2.3739804032685234,13,Tuesday
8013,2026-01-20 13:58:01.257559676,0.1567729511137833,13,Tuesday
7994,2026-01-20 13:58:26.186760000,4.1901625148480335,13,Tuesday
8081,2026-01-20 14:00:00.908836166,1.3206650525548849,14,Tuesday
8061,2026-01-20 14:01:34.625180415,5.294035706980193,14,Tuesday
8068,2026-01-20 14:03:16.637531360,7.439081461393381,14,Tuesday
8070,2026-01-20 14:05:29.099576812,6.410646537801905,14,Tuesday
8049,2026-01-20 14:06:30.532527239,5.996556542115742,14,Tuesday
8073,2026-01-20 14:09:19.944329401,1.2111873424810309,14,Tuesday
8071,2026-01-20 14:09:35.228023608,5.759754142991984,14,Tuesday
8054,2026-01-20 14:09:39.439754844,9.441418223552564,14,Tuesday
8092,2026-01-20 14:10:57.986049588,11.681467845835476,14,Tuesday
8090,2026-01-20 14:17:55.752845321,8.430749319347893,14,Tuesday
8053,2026-01-20 14:18:58.759405234,2.3447174606301906,14,Tuesday
8091,2026-01-20 14:19:28.622072321,2.750589409473094,14,Tuesday
8076,2026-01-20 14:20:09.994726394,33.03042598578968,14,Tuesday
8058,2026-01-20 14:22:57.508158236,2.266140139634024,14,Tuesday
8072,2026-01-20 14:22:58.938061505,16.53763068041038,14,Tuesday
8055,2026-01-20 14:24:33.634669784,0.8891549013017557,14,Tuesday
8047,2026-01-20 14:26:20.816787417,0.24674324362381972,14,Tuesday
8062,2026-01-20 14:27:02.235772548,2.8699149015813674,14,Tuesday
8069,2026-01-20 14:29:27.761358380,2.579188809971551,14,Tuesday
8084,2026-01-20 14:30:35.001740039,2.046268748735771,14,Tuesday
8066,2026-01-20 14:31:00.035013379,4.930185354148565,14,Tuesday
8087,2026-01-20 14:31:26.082036135,0.25267949298792214,14,Tuesday
8078,2026-01-20 14:32:01.511954137,3.70347978750377,14,Tuesday
8044,2026-01-20 14:32:42.686984725,20.022707008885487,14,Tuesday
8064,2026-01-20 14:32:46.120093668,0.2711371871315857,14,Tuesday
8045,2026-01-20 14:33:16.038820319,6.564507803337492,14,Tuesday
8088,2026-01-20 14:36:28.757632307,15.02308150865032,14,Tuesday
8059,2026-01-20 14:36:47.831017799,2.38944958069869,14,Tuesday
8080,2026-01-20 14:37:38.804195340,3.7316108904572354,14,Tuesday
8052,2026-01-20 14:37:52.227134432,8.515284364519973,14,Tuesday
8046,2026-01-20 14:37:54.958666265,9.503033937112638,14,Tuesday
8057,2026-01-20 14:38:01.355076323,0.22156551054331233,14,Tuesday
8077,2026-01-20 14:38:23.091763335,1.123124127838683,14,Tuesday
8065,2026-01-20 14:39:05.313916544,0.9939106752455567,14,Tuesday
8056,2026-01-20 14:39:41.676266066,1.579626280343556,14,Tuesday
8048,2026-01-20 14:40:48.716844542,3.5155928394898917,14,Tuesday
8094,2026-01-20 14:44:40.158203817,4.265937946537564,14,Tuesday
8083,2026-01-20 14:44:48.653236666,4.249770554301178,14,Tuesday
8051,2026-01-20 14:45:00.557365661,5.492773437124628,14,Tuesday
8063,2026-01-20 14:45:30.798822480,5.279401888182519,14,Tuesday
8082,2026-01-20 14:45:47.427788195,0.24391580771406485,14,Tuesday
8060,2026-01-20 14:48:49.493864043,8.18072181060522,14,Tuesday
8079,2026-01-20 14:48:56.113129856,2.124656564013208,14,Tuesday
8043,2026-01-20 14:50:09.064756247,0.558250428393293,14,Tuesday
8093,2026-01-20 14:53:45.120980968,3.301640547780724,14,Tuesday
8085,2026-01-20 14:54:10.508303638,1.0041065447038309,14,Tuesday
8086,2026-01-20 14:54:30.406340485,1.957334455144423,14,Tuesday
8075,2026-01-20 14:56:48.443196210,4.603557973902011,14,Tuesday
8050,2026-01-20 14:57:40.605272522,3.9147750607161367,14,Tuesday
8074,2026-01-20 14:57:49.273797443,4.011235213812948,14,Tuesday
8067,2026-01-20 14:59:30.748360856,5.127275967196818,14,Tuesday
8089,2026-01-20 14:59:47.479458928,4.351187202075733,14,Tuesday
8124,2026-01-20 15:00:21.360588285,0.41580515851095684,15,Tuesday
8118,2026-01-20 15:01:14.764392157,0.963809409347744,15,Tuesday
8126,2026-01-20 15:01:29.186856963,0.2857480113872728,15,Tuesday
8117,2026-01-20 15:01:49.739737120,7.617781152583522,15,Tuesday
8104,2026-01-20 15:04:33.963801000,2.51336574800829,15,Tuesday
8100,2026-01-20 15:05:45.512508106,2.751811171351786,15,Tuesday
8115,2026-01-20 15:08:26.084863187,6.321036136102133,15,Tuesday
8097,2026-01-20 15:08:43.942312761,35.348823330762976,15,Tuesday
8128,2026-01-20 15:08:44.324865695,4.299430402189885,15,Tuesday
8132,2026-01-20 15:09:27.793141499,18.173405190540596,15,Tuesday
8125,2026-01-20 15:12:55.804161001,9.537573012761134,15,Tuesday
8131,2026-01-20 15:13:45.907235456,12.676674063432053,15,Tuesday
8096,2026-01-20 15:16:17.756124889,1.860840987405283,15,Tuesday
8108,2026-01-20 15:17:23.849958493,10.81383808232755,15,Tuesday
8116,2026-01-20 15:19:32.400236201,1.9029191373272485,15,Tuesday
8105,2026-01-20 15:20:54.583253685,13.330762936090053,15,Tuesday
8136,2026-01-20 15:20:54.767945772,1.9901442709876052,15,Tuesday
8114,2026-01-20 15:21:30.717660131,3.3806023522363744,15,Tuesday
8119,2026-01-20 15:23:43.879690505,7.63055967398342,15,Tuesday
8101,2026-01-20 15:23:44.222876855,4.813667077323774,15,Tuesday
8099,2026-01-20 15:29:21.047861569,4.7645355132029135,15,Tuesday
8110,2026-01-20 15:29:35.856890025,1.3970452297322613,15,Tuesday
8111,2026-01-20 15:29:54.066808717,1.7626389818498662,15,Tuesday
8122,2026-01-20 15:30:41.194202103,3.2845912023387607,15,Tuesday
8102,2026-01-20 15:30:53.195119201,2.0898351306546297,15,Tuesday
8123,2026-01-20 15:33:54.814972214,5.498086958287623,15,Tuesday
8095,2026-01-20 15:33:59.961879367,4.426184598641551,15,Tuesday
8098,2026-01-20 15:36:22.047799978,6.908309307907178,15,Tuesday
8133,2026-01-20 15:37:39.448923322,4.656389566163617,15,Tuesday
8130,2026-01-20 15:38:35.967529232,0.39657750097388095,15,Tuesday
8107,2026-01-20 15:38:54.326154377,0.43845278192183923,15,Tuesday
8135,2026-01-20 15:43:06.096788091,6.762266853798538,15,Tuesday
8127,2026-01-20 15:45:16.342317703,0.8051972392445638,15,Tuesday
8106,2026-01-20 15:49:21.562041757,4.921524360238743,15,Tuesday
8103,2026-01-20 15:49:36.815641772,0.1464481155763399,15,Tuesday
8109,2026-01-20 15:50:43.206439281,1.565853145775231,15,Tuesday
8129,2026-01-20 15:52:08.569568916,6.724062866324161,15,Tuesday
8121,2026-01-20 15:52:16.886428435,5.747554245092012,15,Tuesday
8134,2026-01-20 15:54:03.013129016,3.281602956878869,15,Tuesday
8120,2026-01-20 15:56:27.671361710,5.450395578588881,15,Tuesday
8113,2026-01-20 15:56:49.619411650,3.933862929743994,15,Tuesday
8112,2026-01-20 15:58:35.714421121,4.304306569252301,15,Tuesday
8149,2026-01-20 16:01:55.863851575,2.786505311931591,16,Tuesday
8150,2026-01-20 16:02:51.841642843,11.481351810749931,16,Tuesday
8154,2026-01-20 16:03:09.312696771,12.762955517982151,16,Tuesday
8140,2026-01-20 16:13:56.888544780,0.5891217120499661,16,Tuesday
8155,2026-01-20 16:15:19.129684216,0.9747036353556682,16,Tuesday
8139,2026-01-20 16:15:44.813041069,9.240764375301211,16,Tuesday
8141,2026-01-20 16:17:51.592221345,7.915493142585486,16,Tuesday
8143,2026-01-20 16:18:51.002686051,8.254393069312776,16,Tuesday
8144,2026-01-20 16:22:27.166064660,4.7337617787273185,16,Tuesday
8142,2026-01-20 16:26:28.720004598,1.0104180310661386,16,Tuesday
8159,2026-01-20 16:30:01.510185006,3.7472469931271886,16,Tuesday
8163,2026-01-20 16:31:00.690691934,9.68887178655334,16,Tuesday
8152,2026-01-20 16:31:59.083760368,3.5247558570384854,16,Tuesday
8162,2026-01-20 16:32:15.448562690,4.154479185320583,16,Tuesday
8160,2026-01-20 16:32:43.707237857,1.3766922418491212,16,Tuesday
8153,2026-01-20 16:34:41.306425543,0.32136259561730973,16,Tuesday
8145,2026-01-20 16:37:14.293027634,1.0736204203339277,16,Tuesday
8156,2026-01-20 16:38:18.075497587,3.7575342144372708,16,Tuesday
8147,2026-01-20 16:44:08.009513764,5.727028609917461,16,Tuesday
8146,2026-01-20 16:45:45.092437538,3.2061351171211543,16,Tuesday
8151,2026-01-20 16:47:21.778658479,3.6621789907669857,16,Tuesday
8165,2026-01-20 16:47:23.757795801,5.231050171866714,16,Tuesday
8148,2026-01-20 16:48:51.924841484,5.023600580853836,16,Tuesday
8161,2026-01-20 16:49:58.978671848,7.129231599883029,16,Tuesday
8157,2026-01-20 16:51:33.054804398,8.13718467173173,16,Tuesday
8164,2026-01-20 16:54:18.302535939,11.247971337815354,16,Tuesday
8166,2026-01-20 16:54:32.661094900,6.462039538191645,16,Tuesday
8158,2026-01-20 16:55:01.140229853,1.213245754229745,16,Tuesday
8138,2026-01-20 16:55:37.448817784,3.715632867789995,16,Tuesday
8137,2026-01-20 16:57:20.359530869,1.2310825759117014,16,Tuesday
8182,2026-01-21 08:02:33.327434293,11.814891159501586,8,Wednesday
8173,2026-01-21 08:04:24.819704319,7.84006465073438,8,Wednesday
8187,2026-01-21 08:08:36.307004050,0.32132599864651784,8,Wednesday
8186,2026-01-21 08:08:49.767723469,2.017898748928194,8,Wednesday
8170,2026-01-21 08:18:51.876094945,3.8910012849329254,8,Wednesday
8185,2026-01-21 08:20:09.469134793,0.06131214106660085,8,Wednesday
8177,2026-01-21 08:21:46.152109696,15.012321078410697,8,Wednesday
8171,2026-01-21 08:23:18.372978789,6.019187612615279,8,Wednesday
8169,2026-01-21 08:25:00.049369553,11.621811964666314,8,Wednesday
8172,2026-01-21 08:26:07.431468761,8.804459345442648,8,Wednesday
8175,2026-01-21 08:29:39.531292980,17.094967363314694,8,Wednesday
8174,2026-01-21 08:29:54.390625565,10.711081375127272,8,Wednesday
8181,2026-01-21 08:35:01.003978107,5.803236285231642,8,Wednesday
8176,2026-01-21 08:35:18.397779505,2.8908012718119673,8,Wednesday
8178,2026-01-21 08:36:47.187345440,6.423925329673873,8,Wednesday
8167,2026-01-21 08:38:53.224522875,0.9180784058966649,8,Wednesday
8184,2026-01-21 08:42:21.103419226,4.396317645647125,8,Wednesday
8179,2026-01-21 08:52:41.578716987,0.3664471763527165,8,Wednesday
8168,2026-01-21 08:54:29.839044554,0.23321808672445388,8,Wednesday
8180,2026-01-21 08:57:19.695565782,5.725110599490206,8,Wednesday
8183,2026-01-21 08:58:09.249590161,2.333502512662147,8,Wednesday
8199,2026-01-21 09:01:44.352948337,1.6747763226023402,9,Wednesday
8195,2026-01-21 09:01:52.814858436,25.507168627029525,9,Wednesday
8206,2026-01-21 09:02:14.032326308,8.387277753100967,9,Wednesday
8193,2026-01-21 09:04:44.935035419,15.480808438309918,9,Wednesday
8196,2026-01-21 09:06:24.173898726,5.816472589109209,9,Wednesday
8191,2026-01-21 09:07:14.478484246,0.08635181848382316,9,Wednesday
8203,2026-01-21 09:07:52.266374114,2.8229405544574977,9,Wednesday
8190,2026-01-21 09:12:14.431091438,11.367921959119977,9,Wednesday
8188,2026-01-21 09:12:23.193691664,1.985453532605757,9,Wednesday
8192,2026-01-21 09:30:39.588450963,6.000245581076826,9,Wednesday
8189,2026-01-21 09:31:38.787764008,2.357712881378265,9,Wednesday
8197,2026-01-21 09:32:59.990947754,0.17483661022672764,9,Wednesday
8200,2026-01-21 09:34:24.156436805,2.9534694649668576,9,Wednesday
8194,2026-01-21 09:35:14.476672096,6.124759506241543,9,Wednesday
8198,2026-01-21 09:35:29.066686436,8.772604027310546,9,Wednesday
8204,2026-01-21 09:35:32.908731229,2.380120165340294,9,Wednesday
8212,2026-01-21 09:38:00.355312615,0.08037093379687645,9,Wednesday
8215,2026-01-21 09:39:44.994450100,4.855082303919095,9,Wednesday
8205,2026-01-21 09:40:20.109000267,5.0165821154119286,9,Wednesday
8213,2026-01-21 09:40:43.057217957,9.58799671752663,9,Wednesday
8202,2026-01-21 09:43:20.338238258,1.5636601368393943,9,Wednesday
8211,2026-01-21 09:44:41.874714459,11.569809788266195,9,Wednesday
8214,2026-01-21 09:48:23.023056005,3.6802960900407196,9,Wednesday
8210,2026-01-21 09:49:28.673284760,5.548164958162211,9,Wednesday
8201,2026-01-21 09:50:18.609091165,1.8705002433802456,9,Wednesday
8209,2026-01-21 09:51:01.628184104,5.496491682780911,9,Wednesday
8207,2026-01-21 09:51:19.251607261,1.7626225103780035,9,Wednesday
8208,2026-01-21 09:54:22.562630243,1.2022189103299605,9,Wednesday
8230,2026-01-21 10:00:27.712090636,2.013536620873371,10,Wednesday
8234,2026-01-21 10:04:07.610367711,0.8888095886547518,10,Wednesday
8239,2026-01-21 10:09:25.411982756,0.9134754261091259,10,Wednesday
8216,2026-01-21 10:13:38.288666058,2.1989660019803763,10,Wednesday
8227,2026-01-21 10:13:48.326851344,0.2077560686267302,10,Wednesday
8226,2026-01-21 10:15:14.279033923,1.1135912503941292,10,Wednesday
8217,2026-01-21 10:15:15.210108297,5.732080130701197,10,Wednesday
8238,2026-01-21 10:17:07.954576330,12.937083473768885,10,Wednesday
8235,2026-01-21 10:21:43.401060620,6.6273776514002405,10,Wednesday
8223,2026-01-21 10:25:38.301755644,15.263195646715976,10,Wednesday
8240,2026-01-21 10:26:56.716645806,1.5553510243788269,10,Wednesday
8218,2026-01-21 10:30:14.742412833,16.97132881730568,10,Wednesday
8229,2026-01-21 10:31:22.179098319,2.9948556233383967,10,Wednesday
8222,2026-01-21 10:32:21.905493912,0.19344287106895097,10,Wednesday
8225,2026-01-21 10:33:36.693195243,14.209840494218135,10,Wednesday
8221,2026-01-21 10:35:27.599852709,11.395026879766695,10,Wednesday
8228,2026-01-21 10:36:40.870910790,3.3492042594178772,10,Wednesday
8233,2026-01-21 10:39:42.585442841,5.417367621693066,10,Wednesday
8232,2026-01-21 10:42:14.840475236,8.646282559267192,10,Wednesday
8220,2026-01-21 10:44:37.611348521,0.32122174286477334,10,Wednesday
8219,2026-01-21 10:48:44.841421451,2.2549394984016087,10,Wednesday
8231,2026-01-21 10:49:48.235339904,15.809698738492877,10,Wednesday
8237,2026-01-21 10:51:45.321268828,2.7675190401217997,10,Wednesday
8236,2026-01-21 10:56:07.376138638,6.491645532242925,10,Wednesday
8224,2026-01-21 10:58:21.755904820,5.461850478911963,10,Wednesday
8250,2026-01-21 11:02:08.559416501,3.1866216715598084,11,Wednesday
8242,2026-01-21 11:02:24.531972103,9.510015592870284,11,Wednesday
8257,2026-01-21 11:04:43.704112963,6.0782892212784665,11,Wednesday
8260,2026-01-21 11:04:59.382239276,5.6744423707413185,11,Wednesday
8287,2026-01-21 11:05:58.197891323,5.414709068933039,11,Wednesday
8254,2026-01-21 11:07:12.689549203,1.906905481873653,11,Wednesday
8265,2026-01-21 11:09:45.896788016,2.8849102192872444,11,Wednesday
8241,2026-01-21 11:09:49.729188939,15.410600612213027,11,Wednesday
8283,2026-01-21 11:09:55.589904067,7.787145866268742,11,Wednesday
8243,2026-01-21 11:10:00.284047053,1.7450810189876529,11,Wednesday
8253,2026-01-21 11:11:11.100678756,2.370039852748403,11,Wednesday
8266,2026-01-21 11:12:07.503533918,2.399407801166453,11,Wednesday
8276,2026-01-21 11:14:13.042905317,0.4894693571336616,11,Wednesday
8285,2026-01-21 11:14:39.262085117,9.612636916107874,11,Wednesday
8245,2026-01-21 11:14:49.837088438,1.759554238000849,11,Wednesday
8246,2026-01-21 11:15:32.335838755,1.6516291161940049,11,Wednesday
8279,2026-01-21 11:17:41.250062427,1.6805655475854135,11,Wednesday
8258,2026-01-21 11:20:56.467365152,0.7352838107394692,11,Wednesday
8290,2026-01-21 11:21:17.704225312,2.942397842903816,11,Wednesday
8251,2026-01-21 11:21:54.588080440,3.9740393952811366,11,Wednesday
8244,2026-01-21 11:27:11.824726815,0.037848352591151595,11,Wednesday
8264,2026-01-21 11:28:16.403991253,10.041156220461753,11,Wednesday
8278,2026-01-21 11:28:24.376324217,6.621374824267402,11,Wednesday
8252,2026-01-21 11:28:45.009650623,0.4875771853017322,11,Wednesday
8248,2026-01-21 11:30:54.495624459,17.074632722173256,11,Wednesday
8275,2026-01-21 11:32:02.408300690,1.9240649345103853,11,Wednesday
8269,2026-01-21 11:36:28.366717944,13.17251284219841,11,Wednesday
8261,2026-01-21 11:38:37.108942363,10.994501155903864,11,Wednesday
8284,2026-01-21 11:38:57.081424691,1.906952119352646,11,Wednesday
8288,2026-01-21 11:39:22.182503201,1.9642861160780645,11,Wednesday
8272,2026-01-21 11:39:42.557752760,0.615658441800515,11,Wednesday
8274,2026-01-21 11:41:07.463842945,17.343486552954758,11,Wednesday
8281,2026-01-21 11:41:48.168961270,3.1639587208183,11,Wednesday
8249,2026-01-21 11:43:45.307103262,0.36521953988645,11,Wednesday
8271,2026-01-21 11:44:23.752505293,4.6990436139350455,11,Wednesday
8277,2026-01-21 11:44:37.997318827,6.147365211744788,11,Wednesday
8270,2026-01-21 11:45:58.235038091,7.972125328825939,11,Wednesday
8289,2026-01-21 11:47:27.908597500,3.63162319635219,11,Wednesday
8280,2026-01-21 11:48:07.006592670,1.7667735910128983,11,Wednesday
8273,2026-01-21 11:49:38.197037538,1.7228897043573164,11,Wednesday
8255,2026-01-21 11:52:13.093602599,3.839960937115332,11,Wednesday
8247,2026-01-21 11:52:32.074920003,11.034766074742064,11,Wednesday
8267,2026-01-21 11:53:22.565022447,13.501304208194359,11,Wednesday
8286,2026-01-21 11:54:12.898747085,8.113386376540756,11,Wednesday
8268,2026-01-21 11:54:42.058815587,6.279221408767168,11,Wednesday
8282,2026-01-21 11:56:14.422427248,0.1101491721960429,11,Wednesday
8256,2026-01-21 11:56:21.953857559,5.411592281348133,11,Wednesday
8259,2026-01-21 11:57:29.828261320,8.38183516241112,11,Wednesday
8262,2026-01-21 11:58:19.996935481,2.983152820650932,11,Wednesday
8263,2026-01-21 11:58:41.605206892,11.216383754748897,11,Wednesday
8310,2026-01-21 12:01:51.990903074,5.262966544965364,12,Wednesday
8320,2026-01-21 12:01:58.506912350,3.3118111986842886,12,Wednesday
8316,2026-01-21 12:04:38.682027211,1.250231970923969,12,Wednesday
8312,2026-01-21 12:05:04.317415056,0.4357985500355424,12,Wednesday
8301,2026-01-21 12:05:05.210245427,6.993001040401973,12,Wednesday
8347,2026-01-21 12:05:22.684361354,3.04152527972498,12,Wednesday
8308,2026-01-21 12:05:28.779519715,2.7840545755293284,12,Wednesday
8339,2026-01-21 12:06:10.933671510,5.057166366164961,12,Wednesday
8293,2026-01-21 12:06:18.786506910,1.315456673590322,12,Wednesday
8306,2026-01-21 12:08:13.425705507,6.851211791269158,12,Wednesday
8294,2026-01-21 12:08:27.689238961,2.032333438807702,12,Wednesday
8333,2026-01-21 12:08:36.152415845,6.001606925959909,12,Wednesday
8309,2026-01-21 12:12:13.657807079,11.619927721413003,12,Wednesday
8299,2026-01-21 12:12:54.967586518,2.173397499342292,12,Wednesday
8317,2026-01-21 12:13:27.155323951,3.7474609521491105,12,Wednesday
8332,2026-01-21 12:14:11.959366126,4.1421401760986,12,Wednesday
8344,2026-01-21 12:15:23.329894925,2.3202423750604146,12,Wednesday
8350,2026-01-21 12:18:02.077588994,7.719300201663883,12,Wednesday
8330,2026-01-21 12:19:17.702185304,22.218299993853158,12,Wednesday
8327,2026-01-21 12:21:14.384050360,1.2614296952872341,12,Wednesday
8334,2026-01-21 12:22:26.292933398,8.083077604953168,12,Wednesday
8337,2026-01-21 12:27:27.770585393,15.916820478356646,12,Wednesday
8313,2026-01-21 12:28:09.819762712,1.7174177842455263,12,Wednesday
8291,2026-01-21 12:29:00.625468479,13.564626229854643,12,Wednesday
8297,2026-01-21 12:30:35.170824596,9.472656243153727,12,Wednesday
8311,2026-01-21 12:30:47.856896854,2.540441218774106,12,Wednesday
8298,2026-01-21 12:31:23.361827318,5.008021980781131,12,Wednesday
8305,2026-01-21 12:31:34.258116377,8.82154674183496,12,Wednesday
8345,2026-01-21 12:31:45.028031454,0.7967453570640333,12,Wednesday
8323,2026-01-21 12:32:45.928771067,1.9620756704030426,12,Wednesday
8328,2026-01-21 12:33:15.710546982,4.787895967624351,12,Wednesday
8322,2026-01-21 12:33:42.529969217,0.797225748469388,12,Wednesday
8341,2026-01-21 12:34:06.975168851,5.54165987866287,12,Wednesday
8331,2026-01-21 12:34:12.893249810,15.195691992290705,12,Wednesday
8303,2026-01-21 12:34:14.767667709,12.18644424792368,12,Wednesday
8307,2026-01-21 12:34:21.911733293,4.980556329546363,12,Wednesday
8302,2026-01-21 12:34:23.965367170,6.482747167946185,12,Wednesday
8296,2026-01-21 12:35:15.966465381,8.902710130633327,12,Wednesday
8329,2026-01-21 12:36:55.460438739,1.3949752887871505,12,Wednesday
8338,2026-01-21 12:38:34.165277791,4.537350074012966,12,Wednesday
8318,2026-01-21 12:40:25.184711616,0.9305657544277095,12,Wednesday
8348,2026-01-21 12:40:58.979632906,29.324713307944133,12,Wednesday
8300,2026-01-21 12:43:07.334218207,0.3996066415844458,12,Wednesday
8315,2026-01-21 12:43:11.141086869,1.6123019040121167,12,Wednesday
8335,2026-01-21 12:44:21.442663487,6.382689171276571,12,Wednesday
8325,2026-01-21 12:44:51.520605348,8.25684507029884,12,Wednesday
8342,2026-01-21 12:46:49.217691450,6.601271502114994,12,Wednesday
8343,2026-01-21 12:47:39.988323317,1.3339667522987928,12,Wednesday
8321,2026-01-21 12:48:44.824074194,4.264969288681208,12,Wednesday
8292,2026-01-21 12:49:57.803152069,6.873532984593789,12,Wednesday
8326,2026-01-21 12:51:00.427925002,7.351848946656614,12,Wednesday
8351,2026-01-21 12:51:41.212517055,2.0324381842450876,12,Wednesday
8319,2026-01-21 12:53:40.926699687,8.057451669181074,12,Wednesday
8340,2026-01-21 12:54:16.069530788,9.461284160634648,12,Wednesday
8304,2026-01-21 12:54:51.078326880,6.556528560193669,12,Wednesday
8336,2026-01-21 12:54:58.273733065,6.01700968788053,12,Wednesday
8314,2026-01-21 12:55:58.602127166,3.9233169161621397,12,Wednesday
8324,2026-01-21 12:57:28.127457912,2.638923795818804,12,Wednesday
8346,2026-01-21 12:57:37.727105619,3.523725306974206,12,Wednesday
8349,2026-01-21 12:57:44.150680926,4.723562309137559,12,Wednesday
8295,2026-01-21 12:58:38.353098406,0.1823308828467277,12,Wednesday
8382,2026-01-21 13:00:03.073310774,2.7602979366351112,13,Wednesday
8368,2026-01-21 13:00:14.618110632,7.625095352178118,13,Wednesday
8366,2026-01-21 13:00:15.109778990,2.0385470099286045,13,Wednesday
8414,2026-01-21 13:01:50.617846741,3.963486971583251,13,Wednesday
8407,2026-01-21 13:04:49.163180482,4.116834432861369,13,Wednesday
8423,2026-01-21 13:05:27.838881554,4.385814752533696,13,Wednesday
8392,2026-01-21 13:05:52.578115378,1.2526327609357035,13,Wednesday
8398,2026-01-21 13:05:53.552000575,3.4847538291660545,13,Wednesday
8390,2026-01-21 13:06:11.519322861,6.854366539737693,13,Wednesday
8410,2026-01-21 13:07:56.996242558,8.507291463695797,13,Wednesday
8419,2026-01-21 13:08:11.224025773,0.9280294754616568,13,Wednesday
8405,2026-01-21 13:08:37.916674104,1.3952323949949161,13,Wednesday
8388,2026-01-21 13:08:55.046869691,2.626955762901807,13,Wednesday
8367,2026-01-21 13:11:16.975511328,4.169332596995674,13,Wednesday
8384,2026-01-21 13:11:18.214736652,9.701994030699039,13,Wednesday
8383,2026-01-21 13:11:49.941230031,3.3905312175388236,13,Wednesday
8379,2026-01-21 13:12:46.533421737,1.7290100894766423,13,Wednesday
8430,2026-01-21 13:12:56.920271107,4.688734982061417,13,Wednesday
8378,2026-01-21 13:13:20.345553171,0.9753466269873295,13,Wednesday
8365,2026-01-21 13:14:18.212791880,2.7810798871499576,13,Wednesday
8363,2026-01-21 13:16:14.995705223,0.9961814377371592,13,Wednesday
8353,2026-01-21 13:17:39.950800618,0.4111883002984313,13,Wednesday
8377,2026-01-21 13:18:18.951485786,11.448681446486757,13,Wednesday
8371,2026-01-21 13:18:45.269017480,8.300540839114621,13,Wednesday
8386,2026-01-21 13:21:08.945019353,2.2506901068373955,13,Wednesday
8413,2026-01-21 13:21:17.009884611,2.839798044517761,13,Wednesday
8397,2026-01-21 13:22:53.368655672,1.9589531788837196,13,Wednesday
8409,2026-01-21 13:22:54.620747620,10.399566831615605,13,Wednesday
8431,2026-01-21 13:24:15.248721022,11.40284949062205,13,Wednesday
8389,2026-01-21 13:24:17.989339957,3.6256264102044664,13,Wednesday
8380,2026-01-21 13:24:33.081748991,4.0074221971701665,13,Wednesday
8396,2026-01-21 13:25:06.658991949,7.887789241749764,13,Wednesday
8370,2026-01-21 13:25:31.923471796,17.43379474332061,13,Wednesday
8364,2026-01-21 13:25:38.768410384,4.513820187033508,13,Wednesday
8387,2026-01-21 13:27:26.138896530,1.4233408543313653,13,Wednesday
8376,2026-01-21 13:27:41.504250744,2.445077748365143,13,Wednesday
8401,2026-01-21 13:28:05.167360018,6.341585826414211,13,Wednesday
8400,2026-01-21 13:30:52.207793485,1.3209903004102173,13,Wednesday
8399,2026-01-21 13:31:25.880185354,4.88959456558364,13,Wednesday
8422,2026-01-21 13:31:31.946632052,1.6592450032482398,13,Wednesday
8391,2026-01-21 13:31:58.955836398,0.645129366812994,13,Wednesday
8415,2026-01-21 13:32:14.316932412,0.3204005269093819,13,Wednesday
8354,2026-01-21 13:32:55.098210104,3.834363428671845,13,Wednesday
8394,2026-01-21 13:33:59.766183145,2.234549022331069,13,Wednesday
8420,2026-01-21 13:34:05.898376541,7.944076610684708,13,Wednesday
8424,2026-01-21 13:34:58.389605569,4.524898856642336,13,Wednesday
8356,2026-01-21 13:35:20.740832939,1.2770031478168329,13,Wednesday
8417,2026-01-21 13:35:46.967397728,8.842912829177275,13,Wednesday
8425,2026-01-21 13:36:42.256461032,7.506347149203194,13,Wednesday
8412,2026-01-21 13:36:50.430020540,6.995635829294137,13,Wednesday
8406,2026-01-21 13:37:19.414233415,10.735432493529927,13,Wednesday
8355,2026-01-21 13:38:02.533104288,1.8736292230983274,13,Wednesday
8375,2026-01-21 13:38:31.248904830,6.963988326074933,13,Wednesday
8429,2026-01-21 13:39:48.399817100,3.4519994218449987,13,Wednesday
8360,2026-01-21 13:40:02.740821625,7.575335691419997,13,Wednesday
8408,2026-01-21 13:41:40.640234785,4.6974754044437015,13,Wednesday
8352,2026-01-21 13:41:49.172393754,15.333669742482739,13,Wednesday
8385,2026-01-21 13:43:01.630147916,3.7032095836845413,13,Wednesday
8369,2026-01-21 13:43:11.418460861,0.11661327221520473,13,Wednesday
8395,2026-01-21 13:43:26.284345584,2.4858307661504218,13,Wednesday
8426,2026-01-21 13:43:43.353294511,3.525352452656053,13,Wednesday
8402,2026-01-21 13:44:25.866112856,3.9605446131723276,13,Wednesday
8404,2026-01-21 13:45:02.842829814,8.297975755001048,13,Wednesday
8427,2026-01-21 13:45:40.361454595,3.5606497893408444,13,Wednesday
8372,2026-01-21 13:45:42.195207942,6.954599284163225,13,Wednesday
8428,2026-01-21 13:46:14.781677558,6.460570925660041,13,Wednesday
8432,2026-01-21 13:46:34.067901411,2.566234493541994,13,Wednesday
8393,2026-01-21 13:47:25.830172223,2.3873895883366116,13,Wednesday
8421,2026-01-21 13:47:53.250172823,0.005733038658654413,13,Wednesday
8362,2026-01-21 13:49:56.920800114,16.83554879884334,13,Wednesday
8373,2026-01-21 13:49:56.952388630,7.143658760547531,13,Wednesday
8403,2026-01-21 13:49:57.015840116,2.9600081442591772,13,Wednesday
8411,2026-01-21 13:51:43.383085114,4.601017745116957,13,Wednesday
8358,2026-01-21 13:53:53.781592173,4.6581557403902245,13,Wednesday
8357,2026-01-21 13:54:54.697361128,3.524183017336375,13,Wednesday
8416,2026-01-21 13:55:23.613162550,0.470772787965067,13,Wednesday
8359,2026-01-21 13:58:15.542608356,0.04910146521063395,13,Wednesday
8418,2026-01-21 13:58:17.942176630,0.30763081122280944,13,Wednesday
8361,2026-01-21 13:58:18.890868452,8.5707190803037,13,Wednesday
8374,2026-01-21 13:58:31.078339139,2.463788429125859,13,Wednesday
8381,2026-01-21 13:59:30.430879036,1.922514560147768,13,Wednesday
8483,2026-01-21 14:00:25.668072795,1.6346851506294755,14,Wednesday
8447,2026-01-21 14:00:26.317759157,7.654834342492421,14,Wednesday
8450,2026-01-21 14:00:50.376276613,2.3869030122140478,14,Wednesday
8434,2026-01-21 14:01:47.178866665,6.387273278076791,14,Wednesday
8460,2026-01-21 14:06:52.732090879,1.7259176464942858,14,Wednesday
8464,2026-01-21 14:09:18.336982575,1.3974046536844482,14,Wednesday
8443,2026-01-21 14:10:11.986668292,1.3404141266203626,14,Wednesday
8474,2026-01-21 14:11:28.258940750,12.747468636160391,14,Wednesday
8449,2026-01-21 14:11:59.497070187,20.03387295377951,14,Wednesday
8445,2026-01-21 14:12:02.317258645,10.026285168580173,14,Wednesday
8481,2026-01-21 14:12:13.750177379,0.13345889442285963,14,Wednesday
8480,2026-01-21 14:13:02.857236974,0.7987520190040899,14,Wednesday
8472,2026-01-21 14:13:33.429759071,3.8289034926345655,14,Wednesday
8468,2026-01-21 14:13:40.117046434,0.3982940500506711,14,Wednesday
8454,2026-01-21 14:15:24.114767272,6.086741322605241,14,Wednesday
8448,2026-01-21 14:15:48.540157714,2.6213628756239746,14,Wednesday
8465,2026-01-21 14:16:04.787215663,2.146973143309943,14,Wednesday
8485,2026-01-21 14:16:07.204024660,27.46713259791853,14,Wednesday
8438,2026-01-21 14:16:10.690194780,2.1554680934157457,14,Wednesday
8440,2026-01-21 14:16:10.981214697,4.870702616333844,14,Wednesday
8467,2026-01-21 14:16:47.746637963,1.3071768704536721,14,Wednesday
8482,2026-01-21 14:19:28.431423319,22.987569065152947,14,Wednesday
8487,2026-01-21 14:21:33.021542013,0.16879909342325247,14,Wednesday
8466,2026-01-21 14:23:35.437313715,0.8872695655082684,14,Wednesday
8457,2026-01-21 14:26:23.166613997,7.207298114183011,14,Wednesday
8455,2026-01-21 14:26:39.606601498,6.99948317501133,14,Wednesday
8488,2026-01-21 14:28:47.843376467,0.4255657010185392,14,Wednesday
8435,2026-01-21 14:30:14.934563021,7.034889783604102,14,Wednesday
8437,2026-01-21 14:32:59.715853870,3.475714218980974,14,Wednesday
8471,2026-01-21 14:33:55.699673580,2.5270513271397825,14,Wednesday
8442,2026-01-21 14:36:36.930438684,7.556188315618392,14,Wednesday
8433,2026-01-21 14:36:48.334541476,1.3864949719275792,14,Wednesday
8459,2026-01-21 14:38:02.304270385,5.5702450155764325,14,Wednesday
8470,2026-01-21 14:38:17.636086896,3.7794838523522505,14,Wednesday
8479,2026-01-21 14:39:03.784021120,0.11410029470034821,14,Wednesday
8463,2026-01-21 14:39:21.003795422,3.189386149170174,14,Wednesday
8456,2026-01-21 14:39:32.808677837,0.34019896875186534,14,Wednesday
8484,2026-01-21 14:40:54.114492298,12.85511804299722,14,Wednesday
8452,2026-01-21 14:41:36.332887558,0.8781649445102648,14,Wednesday
8458,2026-01-21 14:41:50.372773144,7.452132140828931,14,Wednesday
8462,2026-01-21 14:43:14.434892733,0.5851099652254788,14,Wednesday
8477,2026-01-21 14:43:37.533825207,18.60481047969219,14,Wednesday
8451,2026-01-21 14:43:56.524440530,5.089200915229464,14,Wednesday
8441,2026-01-21 14:43:58.914411405,3.2311562856578364,14,Wednesday
8461,2026-01-21 14:46:51.755235877,3.3636848870325182,14,Wednesday
8439,2026-01-21 14:47:10.206317217,7.389992606975761,14,Wednesday
8453,2026-01-21 14:47:32.463471677,19.673618292015863,14,Wednesday
8475,2026-01-21 14:47:41.823358168,0.9842912355215567,14,Wednesday
8436,2026-01-21 14:48:15.241640516,1.248709339663581,14,Wednesday
8469,2026-01-21 14:48:19.287612582,12.622482420954634,14,Wednesday
8486,2026-01-21 14:48:54.659636253,4.579469317473076,14,Wednesday
8444,2026-01-21 14:54:18.481949439,7.004439261693535,14,Wednesday
8473,2026-01-21 14:55:05.075624167,4.948249920733,14,Wednesday
8489,2026-01-21 14:57:56.480099617,3.284935106674594,14,Wednesday
8476,2026-01-21 14:58:00.021600139,1.7517073470983993,14,Wednesday
8446,2026-01-21 14:59:22.513466906,10.544211570515733,14,Wednesday
8478,2026-01-21 14:59:34.291590664,2.3196544219027815,14,Wednesday
8519,2026-01-21 15:01:08.854862245,5.924641191086844,15,Wednesday
8527,2026-01-21 15:01:18.664957948,14.16990717791471,15,Wednesday
8510,2026-01-21 15:03:53.664106372,3.264310446607584,15,Wednesday
8515,2026-01-21 15:04:02.725918333,0.39921933667140636,15,Wednesday
8505,2026-01-21 15:05:55.936158193,0.2796092429300739,15,Wednesday
8497,2026-01-21 15:06:26.347177706,1.7944155671062587,15,Wednesday
8498,2026-01-21 15:08:22.698237227,3.0263788570498895,15,Wednesday
8512,2026-01-21 15:08:44.668233146,1.37579637647297,15,Wednesday
8495,2026-01-21 15:08:48.738752999,0.8048617618348174,15,Wednesday
8503,2026-01-21 15:09:24.135652065,0.03992992268315002,15,Wednesday
8496,2026-01-21 15:13:47.044754826,10.118425983588363,15,Wednesday
8513,2026-01-21 15:13:47.962607849,1.6011963928146988,15,Wednesday
8506,2026-01-21 15:19:06.586727749,1.5446896422258791,15,Wednesday
8500,2026-01-21 15:19:16.245332282,9.502515317849907,15,Wednesday
8523,2026-01-21 15:19:32.327371874,2.5609030760599776,15,Wednesday
8526,2026-01-21 15:20:33.141226234,5.539463202535176,15,Wednesday
8528,2026-01-21 15:21:36.075376276,6.72261904431724,15,Wednesday
8521,2026-01-21 15:22:01.616762425,9.574119993295724,15,Wednesday
8511,2026-01-21 15:23:17.381212657,13.619044572747185,15,Wednesday
8525,2026-01-21 15:23:18.469113399,3.9396093857963814,15,Wednesday
8509,2026-01-21 15:23:28.421596620,4.640675424104796,15,Wednesday
8518,2026-01-21 15:25:18.690212522,3.521462532317229,15,Wednesday
8501,2026-01-21 15:25:23.422222296,13.412460192699696,15,Wednesday
8490,2026-01-21 15:26:19.852114960,5.862263106638811,15,Wednesday
8516,2026-01-21 15:27:53.005522500,4.7024153787543215,15,Wednesday
8524,2026-01-21 15:28:30.060325176,0.39120034077715626,15,Wednesday
8499,2026-01-21 15:30:45.302280963,3.7342459171494493,15,Wednesday
8507,2026-01-21 15:31:39.093325228,3.617906732799559,15,Wednesday
8492,2026-01-21 15:32:05.062975488,4.472095895898754,15,Wednesday
8504,2026-01-21 15:32:26.923454873,12.748089006595965,15,Wednesday
8517,2026-01-21 15:36:34.061709638,5.724369506633521,15,Wednesday
8514,2026-01-21 15:37:05.126243393,12.674978234041323,15,Wednesday
8493,2026-01-21 15:41:37.413821264,11.138819659440637,15,Wednesday
8522,2026-01-21 15:46:42.877872959,0.7542638082867812,15,Wednesday
8529,2026-01-21 15:53:22.163965438,3.8946465645837853,15,Wednesday
8494,2026-01-21 15:53:47.346981512,6.020431403234908,15,Wednesday
8491,2026-01-21 15:56:02.676657377,0.7857425221395918,15,Wednesday
8508,2026-01-21 15:56:47.874285475,3.268917859279694,15,Wednesday
8502,2026-01-21 15:58:56.963394458,13.27156701509151,15,Wednesday
8520,2026-01-21 15:59:07.869684850,0.9482697420444984,15,Wednesday
8561,2026-01-21 16:06:28.165225867,7.919588251330675,16,Wednesday
8546,2026-01-21 16:08:18.135102529,0.14058463374254485,16,Wednesday
8567,2026-01-21 16:09:14.259578775,0.617881278871733,16,Wednesday
8534,2026-01-21 16:11:06.633379842,6.537486632802362,16,Wednesday
8565,2026-01-21 16:15:06.045853897,6.153158935868323,16,Wednesday
8566,2026-01-21 16:21:18.847862389,1.0083719576049073,16,Wednesday
8549,2026-01-21 16:21:40.498900464,6.565884194024338,16,Wednesday
8562,2026-01-21 16:23:36.288874861,1.3024033746826364,16,Wednesday
8541,2026-01-21 16:23:39.255850065,22.993431987736376,16,Wednesday
8532,2026-01-21 16:24:35.927013191,4.031466634245904,16,Wednesday
8560,2026-01-21 16:24:41.942868485,1.5819273099531894,16,Wednesday
8554,2026-01-21 16:27:20.568114564,1.935816639590712,16,Wednesday
8542,2026-01-21 16:28:05.439946368,4.352796823875647,16,Wednesday
8557,2026-01-21 16:29:38.761496730,4.093675518032082,16,Wednesday
8539,2026-01-21 16:30:31.465041948,7.591483237791827,16,Wednesday
8550,2026-01-21 16:31:07.126641918,3.477415819861373,16,Wednesday
8559,2026-01-21 16:32:46.156528345,5.128958353073872,16,Wednesday
8535,2026-01-21 16:33:17.431885337,4.607138813629564,16,Wednesday
8530,2026-01-21 16:33:40.340351155,5.121499035024718,16,Wednesday
8552,2026-01-21 16:33:43.481295236,0.5581061726211825,16,Wednesday
8531,2026-01-21 16:35:45.954699612,4.79960063508125,16,Wednesday
8540,2026-01-21 16:38:35.381224188,13.099081968381212,16,Wednesday
8568,2026-01-21 16:41:26.602419224,9.11312746179201,16,Wednesday
8555,2026-01-21 16:42:50.193760346,1.5416289432601624,16,Wednesday
8536,2026-01-21 16:43:20.039722273,5.415812796567404,16,Wednesday
8563,2026-01-21 16:44:02.171237039,0.8648532379804736,16,Wednesday
8551,2026-01-21 16:46:44.742920926,2.3014384591689074,16,Wednesday
8556,2026-01-21 16:47:33.328104707,5.282352329892921,16,Wednesday
8533,2026-01-21 16:50:18.537686036,0.4630756473562739,16,Wednesday
8547,2026-01-21 16:51:00.302476790,0.2928481899809461,16,Wednesday
8558,2026-01-21 16:51:25.141700560,2.25030421033893,16,Wednesday
8538,2026-01-21 16:53:02.106227163,7.6614767319521935,16,Wednesday
8545,2026-01-21 16:53:43.490609041,7.746446936413067,16,Wednesday
8537,2026-01-21 16:54:14.314218755,11.453830715161967,16,Wednesday
8543,2026-01-21 16:54:22.556853262,0.5763899696503284,16,Wednesday
8564,2026-01-21 16:55:16.631082048,7.626389451160518,16,Wednesday
8544,2026-01-21 16:55:50.534375492,3.072880771242086,16,Wednesday
8548,2026-01-21 16:56:54.109431677,0.34759602693252895,16,Wednesday
8569,2026-01-21 16:57:36.678348035,7.4939229913198755,16,Wednesday
8553,2026-01-21 16:59:36.540678142,6.5883257826018955,16,Wednesday
8572,2026-01-22 08:01:07.429051417,14.889175825425763,8,Thursday
8578,2026-01-22 08:02:43.192687372,5.026812845511909,8,Thursday
8574,2026-01-22 08:04:29.434157297,3.309834365354166,8,Thursday
8587,2026-01-22 08:06:31.897607927,0.9561907833440165,8,Thursday
8570,2026-01-22 08:07:26.976671572,0.16733806710515176,8,Thursday
8579,2026-01-22 08:21:41.818828614,10.357344064089952,8,Thursday
8581,2026-01-22 08:22:08.091744073,3.4346069224190208,8,Thursday
8583,2026-01-22 08:22:10.123405081,5.102728024249727,8,Thursday
8573,2026-01-22 08:23:29.766771317,22.889298943069825,8,Thursday
8576,2026-01-22 08:25:18.053928670,5.177677202375084,8,Thursday
8584,2026-01-22 08:25:23.661989364,3.041331297423099,8,Thursday
8577,2026-01-22 08:26:39.786095897,4.055542179038394,8,Thursday
8575,2026-01-22 08:28:30.529848564,3.156326122516547,8,Thursday
8571,2026-01-22 08:30:25.371572571,4.681921100909566,8,Thursday
8585,2026-01-22 08:33:50.011606185,3.0604112969985495,8,Thursday
8582,2026-01-22 08:42:54.619029394,3.0982240780335433,8,Thursday
8580,2026-01-22 08:45:23.341856759,6.858135653579921,8,Thursday
8586,2026-01-22 08:57:02.454972505,0.08220153030537754,8,Thursday
8604,2026-01-22 09:03:41.063699308,4.472460136362535,9,Thursday
8594,2026-01-22 09:04:42.572728080,4.222635341431621,9,Thursday
8606,2026-01-22 09:04:51.869698130,0.8525742790354232,9,Thursday
8591,2026-01-22 09:06:17.294362342,6.210576706755601,9,Thursday
8613,2026-01-22 09:07:37.629450685,2.230123436034905,9,Thursday
8602,2026-01-22 09:11:33.067938551,6.114859690718597,9,Thursday
8599,2026-01-22 09:14:19.458403305,1.6477449437463967,9,Thursday
8588,2026-01-22 09:16:43.417224217,3.6123282682079694,9,Thursday
8598,2026-01-22 09:18:08.634671384,4.924230646219539,9,Thursday
8590,2026-01-22 09:20:41.863505133,0.09451120418015489,9,Thursday
8596,2026-01-22 09:20:51.287655687,5.735606579799889,9,Thursday
8609,2026-01-22 09:26:53.128006065,7.4361746935501785,9,Thursday
8608,2026-01-22 09:29:26.906098029,6.062513411822134,9,Thursday
8614,2026-01-22 09:30:22.212308358,0.32544211188939487,9,Thursday
8589,2026-01-22 09:31:21.516359272,4.213944985761909,9,Thursday
8615,2026-01-22 09:31:44.987163440,4.588918023014798,9,Thursday
8600,2026-01-22 09:34:04.405973899,3.5362608543650036,9,Thursday
8612,2026-01-22 09:39:00.641253459,11.823337472401557,9,Thursday
8603,2026-01-22 09:42:33.849970989,0.6329378850686642,9,Thursday
8595,2026-01-22 09:43:11.234144885,4.2008305544652025,9,Thursday
8601,2026-01-22 09:50:06.454188035,7.42115810288033,9,Thursday
8593,2026-01-22 09:51:16.825932901,0.6134929715937474,9,Thursday
8607,2026-01-22 09:54:51.232954838,9.583454177885775,9,Thursday
8605,2026-01-22 09:55:08.165075197,17.38767110066619,9,Thursday
8592,2026-01-22 09:57:29.874539056,6.230824204644122,9,Thursday
8610,2026-01-22 09:58:23.905486201,1.6561383571343902,9,Thursday
8611,2026-01-22 09:59:25.383039713,1.697606908372873,9,Thursday
8597,2026-01-22 09:59:41.459305422,0.446329722007579,9,Thursday
8625,2026-01-22 10:00:55.799700085,5.366076122865984,10,Thursday
8627,2026-01-22 10:06:02.897225526,5.6885434864765205,10,Thursday
8619,2026-01-22 10:06:43.609134017,3.898205031747855,10,Thursday
8628,2026-01-22 10:08:25.885407048,3.000026572465164,10,Thursday
8640,2026-01-22 10:11:12.099470861,2.3082134612624707,10,Thursday
8636,2026-01-22 10:14:34.474818557,0.23563171019129467,10,Thursday
8632,2026-01-22 10:17:20.579038604,0.11680181838720116,10,Thursday
8639,2026-01-22 10:18:25.496687100,0.6769291075957522,10,Thursday
8635,2026-01-22 10:19:36.041173714,2.1896349054970705,10,Thursday
8634,2026-01-22 10:20:34.401586545,9.325059745691274,10,Thursday
8633,2026-01-22 10:21:04.735962911,5.521016523241378,10,Thursday
8620,2026-01-22 10:22:51.854435163,4.76520999595725,10,Thursday
8622,2026-01-22 10:25:02.429303758,4.568553269746259,10,Thursday
8631,2026-01-22 10:32:10.858660438,2.645814128016716,10,Thursday
8637,2026-01-22 10:36:31.921540665,21.628457365943234,10,Thursday
8616,2026-01-22 10:38:30.287193003,13.356448488725157,10,Thursday
8629,2026-01-22 10:44:04.172642199,2.0293227957076128,10,Thursday
8624,2026-01-22 10:44:08.665619616,3.265919813389262,10,Thursday
8642,2026-01-22 10:44:30.419991202,1.740109568751692,10,Thursday
8621,2026-01-22 10:46:28.416899692,3.271300325409268,10,Thursday
8618,2026-01-22 10:47:05.414099217,0.7788926860222298,10,Thursday
8641,2026-01-22 10:50:18.879598937,6.70769573944237,10,Thursday
8630,2026-01-22 10:51:53.886813949,1.8091915925555466,10,Thursday
8617,2026-01-22 10:52:29.015418796,0.9047309288816621,10,Thursday
8626,2026-01-22 10:52:47.948489619,2.8343919151779433,10,Thursday
8638,2026-01-22 10:54:01.459146834,1.5305763263249412,10,Thursday
8623,2026-01-22 10:58:20.515745207,0.9945708938871157,10,Thursday
8666,2026-01-22 11:00:47.280145355,1.2279851382909714,11,Thursday
8672,2026-01-22 11:01:03.419425707,0.050017471184068484,11,Thursday
8655,2026-01-22 11:01:12.972740422,0.6567423327300335,11,Thursday
8684,2026-01-22 11:01:30.130810454,23.22881316551349,11,Thursday
8669,2026-01-22 11:04:40.738198763,5.296336446378273,11,Thursday
8675,2026-01-22 11:06:42.695806846,1.332002328542263,11,Thursday
8643,2026-01-22 11:07:03.950372195,1.2831027658619656,11,Thursday
8647,2026-01-22 11:07:11.202167580,6.1378615349132515,11,Thursday
8648,2026-01-22 11:09:47.960674971,1.6733116447899101,11,Thursday
8653,2026-01-22 11:10:14.316919507,1.5679844993857173,11,Thursday
8662,2026-01-22 11:11:06.391429540,5.64690217150586,11,Thursday
8673,2026-01-22 11:14:09.512077630,3.18991635584992,11,Thursday
8677,2026-01-22 11:14:32.632354506,2.8040714319528828,11,Thursday
8691,2026-01-22 11:15:57.537141767,24.23712297878432,11,Thursday
8678,2026-01-22 11:16:39.430198629,7.760684888500534,11,Thursday
8674,2026-01-22 11:17:05.251160640,2.79872771327386,11,Thursday
8661,2026-01-22 11:17:08.371210498,1.3387845909668346,11,Thursday
8654,2026-01-22 11:18:40.954812859,4.669033890639364,11,Thursday
8687,2026-01-22 11:19:06.827153253,2.184219128501652,11,Thursday
8644,2026-01-22 11:19:49.033244971,15.79014214183604,11,Thursday
8651,2026-01-22 11:20:58.108185449,0.8865456205121951,11,Thursday
8667,2026-01-22 11:21:16.061833065,0.9717081020441314,11,Thursday
8681,2026-01-22 11:23:31.661329089,0.04814448554408392,11,Thursday
8657,2026-01-22 11:24:03.635351182,4.935405246480049,11,Thursday
8671,2026-01-22 11:25:44.661962838,1.0146311455564914,11,Thursday
8685,2026-01-22 11:26:53.659847599,1.4559040000145786,11,Thursday
8680,2026-01-22 11:28:01.643133695,9.859034104905014,11,Thursday
8670,2026-01-22 11:34:02.423746448,1.332842561865177,11,Thursday
8652,2026-01-22 11:35:43.118706636,0.3327985262602273,11,Thursday
8686,2026-01-22 11:36:38.812881880,3.1889066335527607,11,Thursday
8646,2026-01-22 11:36:43.214030393,1.1678493541321566,11,Thursday
8676,2026-01-22 11:37:53.532875073,0.27572543095233576,11,Thursday
8649,2026-01-22 11:38:26.640093506,1.5547328560638034,11,Thursday
8659,2026-01-22 11:42:30.142785681,1.3059770819977514,11,Thursday
8664,2026-01-22 11:43:02.380033347,0.6090376035978605,11,Thursday
8682,2026-01-22 11:43:25.935737932,16.969021411164647,11,Thursday
8645,2026-01-22 11:43:29.533820570,3.0682476063588613,11,Thursday
8668,2026-01-22 11:44:34.140086078,2.21835052937225,11,Thursday
8656,2026-01-22 11:46:05.793412078,3.189458118191906,11,Thursday
8688,2026-01-22 11:46:20.667799643,2.1984253066073203,11,Thursday
8650,2026-01-22 11:48:48.295491555,10.570125308295989,11,Thursday
8658,2026-01-22 11:48:58.052065154,9.443675931924735,11,Thursday
8660,2026-01-22 11:49:43.479356622,8.500816983201705,11,Thursday
8665,2026-01-22 11:50:02.552164536,6.26342545702169,11,Thursday
8679,2026-01-22 11:53:53.658953520,6.281282617517785,11,Thursday
8683,2026-01-22 11:54:34.609668778,2.0882875663155516,11,Thursday
8690,2026-01-22 11:56:36.338518501,6.860358713574372,11,Thursday
8689,2026-01-22 11:58:17.317452972,9.234736384297351,11,Thursday
8663,2026-01-22 11:58:18.860457546,2.816506606359295,11,Thursday
8749,2026-01-22 12:01:06.799940651,8.03620953315987,12,Thursday
8741,2026-01-22 12:01:15.538786630,5.125159642373356,12,Thursday
8708,2026-01-22 12:02:41.338718414,16.68537933910665,12,Thursday
8758,2026-01-22 12:03:17.848348740,6.165352399028662,12,Thursday
8738,2026-01-22 12:03:25.223740738,2.8092416484466165,12,Thursday
8703,2026-01-22 12:03:43.362937518,0.6956944337909808,12,Thursday
8704,2026-01-22 12:04:53.873939464,9.184249949085523,12,Thursday
8692,2026-01-22 12:05:24.265906608,4.113399497007602,12,Thursday
8734,2026-01-22 12:06:17.655790857,3.8727516224438356,12,Thursday
8752,2026-01-22 12:06:22.910878897,6.4336694389896785,12,Thursday
8732,2026-01-22 12:08:54.276444177,2.844110500926154,12,Thursday
8701,2026-01-22 12:09:07.415020000,3.640307988732674,12,Thursday
8699,2026-01-22 12:09:59.109976553,9.610333376441949,12,Thursday
8748,2026-01-22 12:10:06.966088455,2.887830236654632,12,Thursday
8722,2026-01-22 12:11:21.384600604,0.3503699385498854,12,Thursday
8753,2026-01-22 12:12:39.429789309,1.0336967958011292,12,Thursday
8714,2026-01-22 12:14:14.916102020,2.506373462609134,12,Thursday
8715,2026-01-22 12:15:43.817586269,1.8312746554947967,12,Thursday
8756,2026-01-22 12:16:09.337139295,3.0233172317995667,12,Thursday
8711,2026-01-22 12:16:45.682763666,2.3244914004742343,12,Thursday
8718,2026-01-22 12:17:28.425581632,2.79426028947942,12,Thursday
8700,2026-01-22 12:17:32.541303588,7.030992435243383,12,Thursday
8705,2026-01-22 12:17:54.578806034,7.7313692466301625,12,Thursday
8724,2026-01-22 12:19:04.713778007,10.810354438284842,12,Thursday
8728,2026-01-22 12:21:15.194440923,0.39847959266618116,12,Thursday
8754,2026-01-22 12:22:12.826148969,6.707558689180026,12,Thursday
8739,2026-01-22 12:22:50.821444531,0.8018868879334251,12,Thursday
8737,2026-01-22 12:23:06.506650721,2.564388636218059,12,Thursday
8744,2026-01-22 12:23:41.427599154,3.8727639872699724,12,Thursday
8707,2026-01-22 12:24:22.589282014,3.138586249813132,12,Thursday
8696,2026-01-22 12:24:24.272593888,0.9110053207738577,12,Thursday
8717,2026-01-22 12:25:09.252989390,4.26553993638583,12,Thursday
8745,2026-01-22 12:25:41.432474863,1.1068692047917326,12,Thursday
8747,2026-01-22 12:27:46.574400877,1.010566946346838,12,Thursday
8742,2026-01-22 12:28:28.733368014,0.3330373025345521,12,Thursday
8720,2026-01-22 12:28:53.266503494,7.155691283277308,12,Thursday
8716,2026-01-22 12:29:28.151427517,2.6128953976921228,12,Thursday
8706,2026-01-22 12:30:51.077451315,5.3424099073808815,12,Thursday
8736,2026-01-22 12:30:59.977784886,9.23945282888647,12,Thursday
8725,2026-01-22 12:31:35.088997421,7.037314841188293,12,Thursday
8723,2026-01-22 12:32:00.627585059,2.296834051594204,12,Thursday
8697,2026-01-22 12:32:51.776549445,0.2507425141812197,12,Thursday
8694,2026-01-22 12:33:05.510350556,2.2918737182764453,12,Thursday
8746,2026-01-22 12:34:42.816198716,3.877461237869561,12,Thursday
8713,2026-01-22 12:34:42.871480979,4.283520613981938,12,Thursday
8750,2026-01-22 12:36:35.321968723,3.0987335891158945,12,Thursday
8731,2026-01-22 12:37:32.409587729,0.045678923956732606,12,Thursday
8721,2026-01-22 12:39:17.453024600,3.7907490037531897,12,Thursday
8733,2026-01-22 12:40:46.951065404,2.2233984579598283,12,Thursday
8729,2026-01-22 12:41:39.397621486,16.251149314026705,12,Thursday
8695,2026-01-22 12:42:01.718890884,7.616170016422962,12,Thursday
8712,2026-01-22 12:43:53.492214966,4.811964966160491,12,Thursday
8727,2026-01-22 12:46:08.087556328,13.917896655168672,12,Thursday
8726,2026-01-22 12:46:50.973000279,1.9522429914607877,12,Thursday
8702,2026-01-22 12:47:31.977253697,4.244769871865339,12,Thursday
8719,2026-01-22 12:48:27.041746698,1.52973593140836,12,Thursday
8755,2026-01-22 12:48:31.472024476,3.2634082242899325,12,Thursday
8735,2026-01-22 12:52:19.597471654,7.967155060042047,12,Thursday
8757,2026-01-22 12:52:55.395855403,9.53366480444963,12,Thursday
8740,2026-01-22 12:54:11.544004496,0.24357578153906828,12,Thursday
8751,2026-01-22 12:55:14.903713228,0.8049494265714072,12,Thursday
8743,2026-01-22 12:55:52.169127998,6.618102626291354,12,Thursday
8759,2026-01-22 12:56:27.443836532,0.16732270290301374,12,Thursday
8730,2026-01-22 12:56:28.643821419,1.4098593170880749,12,Thursday
8698,2026-01-22 12:56:33.279834814,2.5169081881021627,12,Thursday
8710,2026-01-22 12:57:10.330273289,5.170172656550768,12,Thursday
8709,2026-01-22 12:57:26.969608335,10.561144993422264,12,Thursday
8693,2026-01-22 12:59:47.621110249,5.3761052244698435,12,Thursday
8760,2026-01-22 13:01:05.974206762,2.9246784501940564,13,Thursday
8816,2026-01-22 13:01:50.710585834,0.5011673400546056,13,Thursday
8811,2026-01-22 13:03:39.970643351,3.5268468251104714,13,Thursday
8787,2026-01-22 13:03:43.383789487,2.4533437066375026,13,Thursday
8822,2026-01-22 13:07:52.543959934,17.991126190974946,13,Thursday
8815,2026-01-22 13:08:18.770792800,1.4244098004794399,13,Thursday
8818,2026-01-22 13:08:51.821901062,12.333805769019818,13,Thursday
8777,2026-01-22 13:10:44.262541686,4.675818487113564,13,Thursday
8782,2026-01-22 13:12:28.967955358,3.153456617556187,13,Thursday
8801,2026-01-22 13:15:11.103851597,0.39761925999282405,13,Thursday
8789,2026-01-22 13:16:11.415377344,2.3294744179753883,13,Thursday
8773,2026-01-22 13:16:19.987683023,10.156437811607459,13,Thursday
8786,2026-01-22 13:19:47.380185929,2.9946163991121058,13,Thursday
8774,2026-01-22 13:20:31.476465495,10.151120007056312,13,Thursday
8769,2026-01-22 13:24:08.706579325,5.2452956319559085,13,Thursday
8826,2026-01-22 13:24:48.660675762,1.002284481669,13,Thursday
8825,2026-01-22 13:25:31.913921283,2.2740059136781916,13,Thursday
8810,2026-01-22 13:26:56.136153368,0.868554264420478,13,Thursday
8794,2026-01-22 13:27:10.886448964,2.1755459915122364,13,Thursday
8804,2026-01-22 13:27:54.861534647,0.21310134835319888,13,Thursday
8770,2026-01-22 13:28:18.872795692,11.573730487935316,13,Thursday
8788,2026-01-22 13:28:33.513487175,1.3707353519011032,13,Thursday
8798,2026-01-22 13:30:27.998229850,15.063480162632924,13,Thursday
8784,2026-01-22 13:31:32.839836727,12.13929887554299,13,Thursday
8761,2026-01-22 13:32:42.912406543,0.4292705471898721,13,Thursday
8808,2026-01-22 13:32:49.614389983,1.8794914723429414,13,Thursday
8776,2026-01-22 13:34:42.642452674,9.352778233335178,13,Thursday
8763,2026-01-22 13:37:18.681907744,10.169774196083477,13,Thursday
8799,2026-01-22 13:37:33.117994615,1.6105096988728191,13,Thursday
8768,2026-01-22 13:38:44.486406418,5.506010469966464,13,Thursday
8807,2026-01-22 13:39:44.091171077,0.593015761534713,13,Thursday
8778,2026-01-22 13:39:49.302500084,2.3937645784768296,13,Thursday
8823,2026-01-22 13:40:02.635048418,7.203680370038429,13,Thursday
8813,2026-01-22 13:40:26.332580339,0.23817626249526164,13,Thursday
8792,2026-01-22 13:41:27.506944145,4.265610789830951,13,Thursday
8766,2026-01-22 13:41:31.310502551,6.955361515665049,13,Thursday
8800,2026-01-22 13:42:01.825184443,0.08158535610583978,13,Thursday
8805,2026-01-22 13:42:03.841859195,2.387167544147148,13,Thursday
8821,2026-01-22 13:42:31.338721976,10.27526638952649,13,Thursday
8797,2026-01-22 13:42:39.152259300,0.1807446967614209,13,Thursday
8790,2026-01-22 13:42:54.825443194,0.5885511200530064,13,Thursday
8771,2026-01-22 13:43:00.209217653,8.88315411754777,13,Thursday
8765,2026-01-22 13:43:32.490656093,4.399590804852602,13,Thursday
8762,2026-01-22 13:43:40.172409026,11.129304150826101,13,Thursday
8806,2026-01-22 13:44:13.293260845,4.874384250027028,13,Thursday
8781,2026-01-22 13:44:44.668091585,1.988986037747754,13,Thursday
8764,2026-01-22 13:45:37.915927575,30.8513338169475,13,Thursday
8795,2026-01-22 13:46:17.906653903,3.9597478349563184,13,Thursday
8802,2026-01-22 13:48:34.485339293,4.339823653820284,13,Thursday
8819,2026-01-22 13:48:34.748395453,6.440259634785907,13,Thursday
8767,2026-01-22 13:49:17.543499332,1.132445120284831,13,Thursday
8820,2026-01-22 13:49:23.555791850,8.453671402039122,13,Thursday
8780,2026-01-22 13:49:24.432832093,5.6609556223046456,13,Thursday
8796,2026-01-22 13:50:34.956372018,3.805905809368899,13,Thursday
8812,2026-01-22 13:50:40.402952563,0.44532607919506534,13,Thursday
8814,2026-01-22 13:50:57.331055398,3.668131243963362,13,Thursday
8783,2026-01-22 13:52:34.103224862,5.724251445517248,13,Thursday
8772,2026-01-22 13:52:34.701706800,13.940864647579856,13,Thursday
8809,2026-01-22 13:52:53.932636469,2.704368493186669,13,Thursday
8793,2026-01-22 13:53:12.962146953,0.683716112563429,13,Thursday
8824,2026-01-22 13:53:20.711699976,4.687672991011057,13,Thursday
8785,2026-01-22 13:53:21.444079459,8.727345437564564,13,Thursday
8775,2026-01-22 13:55:50.661826904,0.32922127519234257,13,Thursday
8817,2026-01-22 13:56:03.748345377,2.7574793598316467,13,Thursday
8803,2026-01-22 13:57:01.168340282,0.7412561167291519,13,Thursday
8791,2026-01-22 13:57:25.583590281,17.7205215144348,13,Thursday
8779,2026-01-22 13:59:26.743759941,0.2908720721999531,13,Thursday
8854,2026-01-22 14:00:47.239652021,4.754206240096723,14,Thursday
8879,2026-01-22 14:02:16.735995456,2.218968558359591,14,Thursday
8841,2026-01-22 14:03:10.679060194,8.556517654451056,14,Thursday
8883,2026-01-22 14:03:56.485545626,5.389704343629833,14,Thursday
8870,2026-01-22 14:04:56.447384684,6.756292687808168,14,Thursday
8878,2026-01-22 14:06:27.283329769,4.490757066842951,14,Thursday
8882,2026-01-22 14:06:46.535728639,1.7159967956737638,14,Thursday
8885,2026-01-22 14:09:51.395637248,4.112372581720566,14,Thursday
8850,2026-01-22 14:09:59.155475984,0.27712320852270855,14,Thursday
8869,2026-01-22 14:10:43.392465141,4.458142650849192,14,Thursday
8865,2026-01-22 14:12:09.969153727,7.435672130846559,14,Thursday
8880,2026-01-22 14:12:30.550344274,0.10439147121895856,14,Thursday
8835,2026-01-22 14:13:39.715368332,7.090231930888095,14,Thursday
8873,2026-01-22 14:16:34.965643137,6.307063045999804,14,Thursday
8881,2026-01-22 14:17:09.916001537,0.5096566473158799,14,Thursday
8866,2026-01-22 14:17:34.126278377,7.678056594810036,14,Thursday
8840,2026-01-22 14:18:16.906824310,23.12609435357176,14,Thursday
8838,2026-01-22 14:18:33.507595747,11.06556809382798,14,Thursday
8855,2026-01-22 14:18:56.827380383,0.2678332290657381,14,Thursday
8851,2026-01-22 14:19:08.132575554,4.258531503149869,14,Thursday
8844,2026-01-22 14:19:37.050312972,4.2417087173792,14,Thursday
8876,2026-01-22 14:19:47.748075032,0.7992215380209061,14,Thursday
8837,2026-01-22 14:20:29.584434678,2.981287298016284,14,Thursday
8831,2026-01-22 14:22:00.824382715,1.3743081564721096,14,Thursday
8842,2026-01-22 14:22:25.023980317,0.2266074439292545,14,Thursday
8874,2026-01-22 14:22:38.228607736,1.7812168381202627,14,Thursday
8829,2026-01-22 14:24:37.100208815,5.552500493390616,14,Thursday
8828,2026-01-22 14:25:54.960324108,2.294326745760154,14,Thursday
8852,2026-01-22 14:25:55.802118626,5.833377401634126,14,Thursday
8849,2026-01-22 14:25:57.232197366,1.016165747369924,14,Thursday
8862,2026-01-22 14:26:22.781516534,0.944723077322319,14,Thursday
8827,2026-01-22 14:29:42.332819975,12.262518648344825,14,Thursday
8830,2026-01-22 14:30:16.648858554,1.2770562102412697,14,Thursday
8864,2026-01-22 14:34:08.663504124,6.619917665354434,14,Thursday
8845,2026-01-22 14:37:46.412601582,6.39113923159874,14,Thursday
8846,2026-01-22 14:39:36.429999347,3.996278743718118,14,Thursday
8875,2026-01-22 14:39:36.676790992,0.9097844623306988,14,Thursday
8857,2026-01-22 14:40:15.087731990,6.049196094994219,14,Thursday
8861,2026-01-22 14:40:55.859398150,9.573787662485433,14,Thursday
8867,2026-01-22 14:41:36.824841493,1.2949375341549092,14,Thursday
8853,2026-01-22 14:42:50.009289581,1.9737366248470942,14,Thursday
8843,2026-01-22 14:43:17.276161290,1.9326812760342178,14,Thursday
8839,2026-01-22 14:43:36.321806633,4.871963265138364,14,Thursday
8858,2026-01-22 14:43:54.263904908,2.294880919916766,14,Thursday
8847,2026-01-22 14:44:01.449642214,7.711944502543741,14,Thursday
8832,2026-01-22 14:44:55.583958558,4.274910577442338,14,Thursday
8884,2026-01-22 14:45:20.187768606,0.518559784547695,14,Thursday
8856,2026-01-22 14:46:47.433291669,0.5228782648090955,14,Thursday
8860,2026-01-22 14:46:59.648587960,8.910663387597133,14,Thursday
8859,2026-01-22 14:48:42.518769981,5.563566680406611,14,Thursday
8833,2026-01-22 14:52:27.379295729,4.112214070838715,14,Thursday
8877,2026-01-22 14:52:37.771349772,1.8910220101557476,14,Thursday
8871,2026-01-22 14:52:53.511772951,1.9219893122345135,14,Thursday
8834,2026-01-22 14:52:58.387103922,7.32083040905494,14,Thursday
8836,2026-01-22 14:53:45.272899433,5.5537446734919715,14,Thursday
8848,2026-01-22 14:53:49.669678719,1.660996462618165,14,Thursday
8872,2026-01-22 14:54:55.000724086,0.5530109064268386,14,Thursday
8868,2026-01-22 14:55:29.062434718,1.069276713695537,14,Thursday
8863,2026-01-22 14:59:00.953983961,3.3304387807774765,14,Thursday
8914,2026-01-22 15:02:34.484181576,9.797732824721297,15,Thursday
8887,2026-01-22 15:04:02.023088054,9.714012722784194,15,Thursday
8898,2026-01-22 15:04:48.807450483,5.38640236598167,15,Thursday
8918,2026-01-22 15:05:15.708152984,7.962915198541662,15,Thursday
8904,2026-01-22 15:05:22.841723973,1.0383694296185288,15,Thursday
8891,2026-01-22 15:05:56.007023936,8.820232526013296,15,Thursday
8892,2026-01-22 15:08:41.038560017,0.7054801023549305,15,Thursday
8912,2026-01-22 15:08:56.551953030,1.6940342052420778,15,Thursday
8906,2026-01-22 15:09:19.333281372,10.213719802616039,15,Thursday
8886,2026-01-22 15:10:19.878699200,3.2272173342364106,15,Thursday
8917,2026-01-22 15:15:50.797404644,13.636577052076406,15,Thursday
8897,2026-01-22 15:18:05.772838669,8.996094817150077,15,Thursday
8895,2026-01-22 15:18:20.731763360,2.3252634515745845,15,Thursday
8893,2026-01-22 15:18:23.247832861,12.742284713144791,15,Thursday
8913,2026-01-22 15:20:46.062744257,2.2579382144319595,15,Thursday
8896,2026-01-22 15:24:30.307346995,3.0906932821626922,15,Thursday
8907,2026-01-22 15:24:51.779409682,2.7210065988089838,15,Thursday
8889,2026-01-22 15:27:48.252770589,0.23953281180067038,15,Thursday
8903,2026-01-22 15:30:51.315404623,5.054882826503045,15,Thursday
8900,2026-01-22 15:32:54.740371456,15.803550072105647,15,Thursday
8908,2026-01-22 15:37:44.807316529,5.314920597797905,15,Thursday
8905,2026-01-22 15:38:33.840762973,0.9360599340640258,15,Thursday
8902,2026-01-22 15:39:30.085531867,6.843607397837056,15,Thursday
8888,2026-01-22 15:40:16.787342591,4.014522241930908,15,Thursday
8911,2026-01-22 15:40:17.520704596,3.2623527834050225,15,Thursday
8910,2026-01-22 15:41:06.162632551,6.497896286466693,15,Thursday
8915,2026-01-22 15:43:10.116815435,3.155885020138349,15,Thursday
8894,2026-01-22 15:45:57.117552979,2.9954460914022345,15,Thursday
8909,2026-01-22 15:46:56.024401699,3.5066125772070524,15,Thursday
8901,2026-01-22 15:47:16.199477467,0.7995770989105393,15,Thursday
8890,2026-01-22 15:49:51.792387230,18.300923674538907,15,Thursday
8899,2026-01-22 15:56:21.961042426,0.3053810221961569,15,Thursday
8916,2026-01-22 15:57:09.309532742,1.2004906837323952,15,Thursday
8927,2026-01-22 16:06:15.275515985,4.97448960300961,16,Thursday
8926,2026-01-22 16:10:18.538241884,0.061214929075458765,16,Thursday
8936,2026-01-22 16:12:29.113973460,5.217152420053211,16,Thursday
8919,2026-01-22 16:14:13.803652674,13.055448380854404,16,Thursday
8922,2026-01-22 16:14:20.529395339,0.7810960612170301,16,Thursday
8923,2026-01-22 16:15:25.087874037,3.504860561130092,16,Thursday
8948,2026-01-22 16:15:59.280988353,16.281705386939954,16,Thursday
8949,2026-01-22 16:16:03.533384520,3.8217599349261446,16,Thursday
8924,2026-01-22 16:18:25.634501539,0.8465149277740043,16,Thursday
8931,2026-01-22 16:21:49.797756966,0.9252910387575485,16,Thursday
8937,2026-01-22 16:23:03.080947394,6.1923314041003685,16,Thursday
8933,2026-01-22 16:23:18.268201939,1.9283483289047774,16,Thursday
8932,2026-01-22 16:25:55.353768695,14.210322680336738,16,Thursday
8940,2026-01-22 16:28:05.462025703,1.1596655298542333,16,Thursday
8930,2026-01-22 16:30:03.345855899,1.949222077350781,16,Thursday
8943,2026-01-22 16:30:18.568507061,4.445476864891515,16,Thursday
8938,2026-01-22 16:32:38.444248907,5.053031836856526,16,Thursday
8925,2026-01-22 16:35:52.866113411,0.6852794618296664,16,Thursday
8939,2026-01-22 16:36:46.749103429,14.612063713058632,16,Thursday
8928,2026-01-22 16:40:43.910720707,2.2238055306590736,16,Thursday
8920,2026-01-22 16:41:32.803732469,0.3260545907926971,16,Thursday
8945,2026-01-22 16:45:03.922309592,5.232365500883132,16,Thursday
8942,2026-01-22 16:46:03.381670049,8.887986466366542,16,Thursday
8935,2026-01-22 16:46:05.123658788,9.158471892860726,16,Thursday
8951,2026-01-22 16:46:20.014944188,7.17823114624787,16,Thursday
8946,2026-01-22 16:46:42.894655394,0.30085356455760665,16,Thursday
8929,2026-01-22 16:46:44.752583255,0.5557097850273974,16,Thursday
8921,2026-01-22 16:46:47.139799004,4.941043098592771,16,Thursday
8941,2026-01-22 16:48:36.455886043,22.567169084949686,16,Thursday
8944,2026-01-22 16:51:15.945792414,5.429047344167204,16,Thursday
8950,2026-01-22 16:53:20.228120486,2.376919209435737,16,Thursday
8947,2026-01-22 16:57:23.042805960,1.2296081826315914,16,Thursday
8934,2026-01-22 16:57:35.945669655,2.031979130129157,16,Thursday
8963,2026-01-23 08:00:34.422166261,16.455419587691647,8,Friday
8969,2026-01-23 08:03:02.323175197,2.5053120596232277,8,Friday
8968,2026-01-23 08:03:19.364882932,1.2443650964559634,8,Friday
8958,2026-01-23 08:06:53.049460539,10.066351045308704,8,Friday
8954,2026-01-23 08:09:54.535363595,3.362718067132176,8,Friday
8956,2026-01-23 08:13:26.069273548,14.974752983404041,8,Friday
8961,2026-01-23 08:21:11.424463954,8.889483682015445,8,Friday
8960,2026-01-23 08:22:31.624032205,1.2248934284114397,8,Friday
8957,2026-01-23 08:27:27.897722575,20.62577437548172,8,Friday
8965,2026-01-23 08:34:17.214836693,0.4450696312803429,8,Friday
8967,2026-01-23 08:35:21.995594175,5.801070479212658,8,Friday
8959,2026-01-23 08:36:11.816350022,12.01487827318842,8,Friday
8953,2026-01-23 08:43:55.983216190,4.812098555574094,8,Friday
8952,2026-01-23 08:44:10.455348174,2.122399307495063,8,Friday
8964,2026-01-23 08:47:52.608375212,4.234544345434545,8,Friday
8962,2026-01-23 08:49:37.116757995,6.169705562024474,8,Friday
8971,2026-01-23 08:50:28.370923839,2.342869158000666,8,Friday
8970,2026-01-23 08:52:59.350750938,4.562781244367579,8,Friday
8955,2026-01-23 08:57:23.976318327,17.081157418158877,8,Friday
8966,2026-01-23 08:59:09.954648528,4.549045058249838,8,Friday
8974,2026-01-23 09:00:04.476379917,3.162622774286705,9,Friday
8977,2026-01-23 09:00:35.031456559,8.19268151672356,9,Friday
8995,2026-01-23 09:03:44.763422500,4.289053421451301,9,Friday
8987,2026-01-23 09:08:35.362721990,9.269061535092423,9,Friday
8983,2026-01-23 09:09:13.906690033,0.5750837095103075,9,Friday
8992,2026-01-23 09:09:25.786162770,4.175755676909035,9,Friday
8997,2026-01-23 09:11:06.507186151,23.38632103707221,9,Friday
8990,2026-01-23 09:11:32.035216297,11.787894673371378,9,Friday
8985,2026-01-23 09:14:31.343973993,1.3899420307943768,9,Friday
8988,2026-01-23 09:19:44.445409622,2.865873914793655,9,Friday
8978,2026-01-23 09:22:10.575471409,4.799309672847391,9,Friday
8982,2026-01-23 09:25:31.649997483,4.2007594718229,9,Friday
8989,2026-01-23 09:26:31.299390349,2.83999692716261,9,Friday
8991,2026-01-23 09:26:59.854474926,4.292296065200788,9,Friday
8980,2026-01-23 09:27:09.902346688,2.3420194837066464,9,Friday
8993,2026-01-23 09:33:32.423540349,1.518446820525805,9,Friday
8979,2026-01-23 09:36:24.291685171,0.7273376909019615,9,Friday
8994,2026-01-23 09:39:49.367709072,4.678932066338604,9,Friday
8986,2026-01-23 09:43:03.692317948,3.643514846800499,9,Friday
8976,2026-01-23 09:44:23.261973568,0.6857180273028503,9,Friday
8973,2026-01-23 09:45:01.779784182,5.413938405512083,9,Friday
8975,2026-01-23 09:45:56.207822479,3.459695544572832,9,Friday
8981,2026-01-23 09:46:40.750027393,8.314455391882463,9,Friday
8996,2026-01-23 09:52:16.075635895,2.527958973725944,9,Friday
8972,2026-01-23 09:56:26.688203079,1.2768000229184764,9,Friday
8984,2026-01-23 09:58:35.096247385,2.332266063515685,9,Friday
9034,2026-01-23 10:04:15.472679827,2.3398965325032215,10,Friday
9022,2026-01-23 10:05:17.643571028,9.555074969035465,10,Friday
9011,2026-01-23 10:06:57.004770028,7.568724918196898,10,Friday
9012,2026-01-23 10:07:47.837654676,16.50554322178082,10,Friday
9013,2026-01-23 10:07:49.166808816,3.4508328003701676,10,Friday
9005,2026-01-23 10:08:52.480090843,6.234768265054049,10,Friday
9000,2026-01-23 10:11:05.630622803,5.581509699606755,10,Friday
9040,2026-01-23 10:13:43.889792964,3.5366720952773667,10,Friday
9032,2026-01-23 10:13:57.336956312,5.161977173134671,10,Friday
9001,2026-01-23 10:18:20.654906452,0.22672484508950072,10,Friday
9038,2026-01-23 10:18:48.278110390,7.084526391224144,10,Friday
9035,2026-01-23 10:19:54.399032416,0.7473843437880918,10,Friday
9033,2026-01-23 10:20:34.449516783,0.6210877461122383,10,Friday
9015,2026-01-23 10:22:21.633943785,2.03891115391976,10,Friday
9029,2026-01-23 10:22:31.073071343,5.723515541013546,10,Friday
9031,2026-01-23 10:23:43.038459850,7.575265732028003,10,Friday
9017,2026-01-23 10:24:19.697302393,3.112357829817303,10,Friday
9023,2026-01-23 10:24:38.814274473,3.5298072037064614,10,Friday
9003,2026-01-23 10:27:13.496234175,3.0411235286357035,10,Friday
9036,2026-01-23 10:27:38.671982140,10.652105267164742,10,Friday
9025,2026-01-23 10:27:43.130972399,2.2455755511523843,10,Friday
8999,2026-01-23 10:27:43.415286820,3.659392814170073,10,Friday
9006,2026-01-23 10:30:30.049545649,3.5786063035521556,10,Friday
9008,2026-01-23 10:31:00.654442708,11.243581108736622,10,Friday
8998,2026-01-23 10:32:14.444118286,1.059589586856184,10,Friday
9021,2026-01-23 10:32:22.212925620,10.683761484965512,10,Friday
9024,2026-01-23 10:32:44.797751609,3.368711928664892,10,Friday
9020,2026-01-23 10:32:53.577278357,0.25735520091009,10,Friday
9018,2026-01-23 10:37:39.384196795,2.8781752610841487,10,Friday
9007,2026-01-23 10:38:49.076462476,0.8739049261155842,10,Friday
9014,2026-01-23 10:40:52.237545853,4.783422364816473,10,Friday
9030,2026-01-23 10:43:02.276946075,13.615566019520228,10,Friday
9016,2026-01-23 10:43:59.932780557,5.668803501768625,10,Friday
9019,2026-01-23 10:46:11.488820444,9.671255423371699,10,Friday
9002,2026-01-23 10:46:26.258879363,1.2491439372632582,10,Friday
9028,2026-01-23 10:49:18.902570119,4.460616110369737,10,Friday
9004,2026-01-23 10:52:56.170259650,2.0098885008258427,10,Friday
9009,2026-01-23 10:53:21.216809705,1.7329560341333385,10,Friday
9026,2026-01-23 10:54:02.815200678,25.72694432215123,10,Friday
9039,2026-01-23 10:54:08.832741139,5.281450955265679,10,Friday
9027,2026-01-23 10:54:23.510275630,0.589242685748154,10,Friday
9037,2026-01-23 10:57:19.731221210,6.923900652003395,10,Friday
9010,2026-01-23 10:59:22.427814584,6.567657060575561,10,Friday
9066,2026-01-23 11:00:41.602611651,3.2805269941905673,11,Friday
9065,2026-01-23 11:03:31.066412755,4.936451889590314,11,Friday
9071,2026-01-23 11:06:08.687243256,3.347968543179982,11,Friday
9051,2026-01-23 11:06:49.474869889,2.8910152679432755,11,Friday
9047,2026-01-23 11:08:06.823154824,2.366983409091151,11,Friday
9041,2026-01-23 11:08:12.896852916,4.638814741668318,11,Friday
9059,2026-01-23 11:09:27.325159763,12.328175296431764,11,Friday
9043,2026-01-23 11:09:36.823593679,7.441019550117975,11,Friday
9076,2026-01-23 11:10:16.000800014,3.5397158397881583,11,Friday
9054,2026-01-23 11:11:10.704905427,6.596650635710043,11,Friday
9058,2026-01-23 11:11:20.142799615,6.481638595701576,11,Friday
9080,2026-01-23 11:12:27.828295926,1.5099787874011286,11,Friday
9060,2026-01-23 11:14:11.342349321,1.8110329623076369,11,Friday
9068,2026-01-23 11:16:45.434984858,8.944887965120879,11,Friday
9048,2026-01-23 11:18:53.282974082,1.2421799064242969,11,Friday
9049,2026-01-23 11:19:12.335192671,4.68375801118805,11,Friday
9073,2026-01-23 11:19:30.530806432,8.900427886593011,11,Friday
9069,2026-01-23 11:20:02.684023921,9.505658381569807,11,Friday
9061,2026-01-23 11:21:57.138131336,6.77139890495279,11,Friday
9046,2026-01-23 11:27:33.496124368,12.208397161111922,11,Friday
9078,2026-01-23 11:31:50.477307824,5.882266331875007,11,Friday
9070,2026-01-23 11:32:48.487293292,8.13351980983083,11,Friday
9074,2026-01-23 11:37:57.774447483,3.3686982404021926,11,Friday
9072,2026-01-23 11:38:33.699899572,2.401791658274289,11,Friday
9056,2026-01-23 11:40:06.647453284,1.1921113365276204,11,Friday
9045,2026-01-23 11:41:32.119402545,3.4111890927627666,11,Friday
9067,2026-01-23 11:41:56.899786922,8.7774860242254,11,Friday
9050,2026-01-23 11:42:01.386479315,4.891208846155771,11,Friday
9044,2026-01-23 11:42:07.608780618,4.655866438949932,11,Friday
9055,2026-01-23 11:43:08.991774404,0.5860508509651998,11,Friday
9042,2026-01-23 11:43:29.687314268,2.5866261469352008,11,Friday
9063,2026-01-23 11:44:16.526174923,1.7455891793020397,11,Friday
9057,2026-01-23 11:44:53.234880399,18.561074998971012,11,Friday
9053,2026-01-23 11:45:39.626244669,16.038865234743557,11,Friday
9062,2026-01-23 11:47:37.193931728,6.258864692845284,11,Friday
9052,2026-01-23 11:49:44.647126377,3.333597869122314,11,Friday
9075,2026-01-23 11:50:02.424887064,1.4142780172591671,11,Friday
9079,2026-01-23 11:55:22.539954626,2.0467729238059187,11,Friday
9064,2026-01-23 11:55:31.625732202,4.00161700084051,11,Friday
9077,2026-01-23 11:55:51.143134492,0.7648808104122973,11,Friday
9149,2026-01-23 12:00:36.735074226,5.887164286976633,12,Friday
9142,2026-01-23 12:00:59.169808556,2.8403197034163075,12,Friday
9151,2026-01-23 12:01:50.247056055,10.361719060044038,12,Friday
9129,2026-01-23 12:02:42.392422627,1.1583765067778493,12,Friday
9139,2026-01-23 12:04:38.921037469,0.7783595337977458,12,Friday
9108,2026-01-23 12:05:29.586248704,1.2257754005673143,12,Friday
9152,2026-01-23 12:05:38.788687455,19.083517210450587,12,Friday
9110,2026-01-23 12:06:30.397023904,1.6084477013572263,12,Friday
9109,2026-01-23 12:06:47.372423722,1.2659215259826226,12,Friday
9089,2026-01-23 12:07:21.861550359,3.02627913735783,12,Friday
9112,2026-01-23 12:08:30.174749691,5.389137949556337,12,Friday
9105,2026-01-23 12:10:35.136107768,1.747263534854264,12,Friday
9085,2026-01-23 12:11:29.741818863,4.788192689676826,12,Friday
9099,2026-01-23 12:12:58.751888468,0.019668920912859933,12,Friday
9143,2026-01-23 12:15:04.726651411,4.5171846019296895,12,Friday
9123,2026-01-23 12:15:33.716956202,4.517247391104686,12,Friday
9150,2026-01-23 12:17:16.203625085,11.04085039536815,12,Friday
9127,2026-01-23 12:19:40.399387093,1.8711639001675506,12,Friday
9122,2026-01-23 12:19:51.066497541,9.277907646491236,12,Friday
9131,2026-01-23 12:20:35.628629883,8.162168812854375,12,Friday
9095,2026-01-23 12:20:54.197016367,5.435952832291767,12,Friday
9114,2026-01-23 12:21:25.134501159,1.384499620542875,12,Friday
9125,2026-01-23 12:21:35.148462108,6.913603001081939,12,Friday
9130,2026-01-23 12:23:08.026368397,7.559023675112693,12,Friday
9120,2026-01-23 12:23:52.136142440,2.062768988004703,12,Friday
9087,2026-01-23 12:24:05.177383195,3.4663592075510747,12,Friday
9097,2026-01-23 12:27:19.721345742,0.12922331766341416,12,Friday
9134,2026-01-23 12:27:39.172596094,1.0689420358318598,12,Friday
9119,2026-01-23 12:27:51.605544997,4.916029916512008,12,Friday
9113,2026-01-23 12:28:03.836176012,0.08879645253397103,12,Friday
9100,2026-01-23 12:30:20.999446763,2.2645754176856507,12,Friday
9118,2026-01-23 12:30:55.871697291,7.748980181745075,12,Friday
9088,2026-01-23 12:31:42.236340245,10.992749261620585,12,Friday
9141,2026-01-23 12:32:07.798975520,22.595886634747217,12,Friday
9090,2026-01-23 12:32:24.386780118,1.6232865942263464,12,Friday
9115,2026-01-23 12:33:01.814906772,2.819118013842492,12,Friday
9083,2026-01-23 12:35:55.585334881,9.404002818627163,12,Friday
9091,2026-01-23 12:36:40.344306689,12.409331467818685,12,Friday
9107,2026-01-23 12:37:04.982910007,7.388063261877117,12,Friday
9103,2026-01-23 12:41:01.445560157,0.25968245732579104,12,Friday
9117,2026-01-23 12:41:05.001133996,10.778186826018555,12,Friday
9136,2026-01-23 12:41:58.900923446,6.8004291342648475,12,Friday
9128,2026-01-23 12:42:07.001368468,6.84781866933606,12,Friday
9116,2026-01-23 12:42:23.315353989,2.017163016440263,12,Friday
9140,2026-01-23 12:42:47.814200576,13.658880884970536,12,Friday
9106,2026-01-23 12:43:17.970778142,0.7174483395653763,12,Friday
9111,2026-01-23 12:43:27.684965387,4.418715544654333,12,Friday
9124,2026-01-23 12:44:35.935777158,7.673077887516055,12,Friday
9082,2026-01-23 12:45:32.984932188,3.501448602636904,12,Friday
9104,2026-01-23 12:47:52.131561191,4.031410903270174,12,Friday
9146,2026-01-23 12:47:55.861656722,17.176955697388824,12,Friday
9148,2026-01-23 12:48:23.562808647,4.346139652528949,12,Friday
9138,2026-01-23 12:48:39.990651634,5.261101544039307,12,Friday
9132,2026-01-23 12:49:00.043461393,8.633929951408483,12,Friday
9135,2026-01-23 12:49:29.410597753,0.5252672588453329,12,Friday
9081,2026-01-23 12:50:21.022117837,1.2348816519278691,12,Friday
9126,2026-01-23 12:50:49.194959126,4.240092563510679,12,Friday
9098,2026-01-23 12:51:06.610531542,11.505331535023116,12,Friday
9121,2026-01-23 12:51:42.875813895,6.031082344736055,12,Friday
9144,2026-01-23 12:55:18.318882096,7.508043931556983,12,Friday
9145,2026-01-23 12:55:33.820942032,6.666418721825246,12,Friday
9086,2026-01-23 12:56:36.166988381,13.167678742834102,12,Friday
9102,2026-01-23 12:56:49.313028924,7.080506652616347,12,Friday
9084,2026-01-23 12:57:40.047846666,9.901303627118972,12,Friday
9101,2026-01-23 12:57:57.643546059,0.9232621936865014,12,Friday
9094,2026-01-23 12:57:59.030250747,1.993892312154102,12,Friday
9133,2026-01-23 12:58:01.399451621,3.201976476462596,12,Friday
9137,2026-01-23 12:58:02.589555589,10.869261549691851,12,Friday
9093,2026-01-23 12:58:30.692679857,3.4998933994704777,12,Friday
9147,2026-01-23 12:58:54.406571800,0.6101777111138117,12,Friday
9096,2026-01-23 12:59:28.559395482,26.52290974671214,12,Friday
9092,2026-01-23 12:59:51.725550510,2.4545845830221764,12,Friday
9221,2026-01-23 13:01:23.028193190,2.6432855459626587,13,Friday
9187,2026-01-23 13:02:24.604130222,3.6014622459320482,13,Friday
9159,2026-01-23 13:03:22.073716875,0.02539997927279381,13,Friday
9202,2026-01-23 13:03:26.598508585,0.23882107054162524,13,Friday
9213,2026-01-23 13:03:31.063321521,1.2350587980821546,13,Friday
9164,2026-01-23 13:04:15.699568804,6.304590479067688,13,Friday
9166,2026-01-23 13:05:07.677682674,6.62711904272002,13,Friday
9224,2026-01-23 13:05:24.371806982,21.135307198059113,13,Friday
9219,2026-01-23 13:05:35.884242086,5.683991968802905,13,Friday
9170,2026-01-23 13:06:22.120750157,3.111821658616129,13,Friday
9168,2026-01-23 13:07:33.520298949,0.48859338151089254,13,Friday
9203,2026-01-23 13:08:20.257334671,1.4417554602087939,13,Friday
9214,2026-01-23 13:08:58.839020053,7.155905622565709,13,Friday
9207,2026-01-23 13:09:38.210495289,0.14532116905119782,13,Friday
9216,2026-01-23 13:11:11.402100257,11.721292902851337,13,Friday
9169,2026-01-23 13:13:26.875846776,1.8271656409712758,13,Friday
9217,2026-01-23 13:14:07.852025603,0.17203412955639602,13,Friday
9190,2026-01-23 13:14:58.740333929,4.147151428870208,13,Friday
9163,2026-01-23 13:15:08.061188677,9.061363127974657,13,Friday
9155,2026-01-23 13:15:12.054112102,0.5546040335748883,13,Friday
9158,2026-01-23 13:15:22.830222050,0.4392495757676607,13,Friday
9167,2026-01-23 13:15:42.444003969,14.107864431546869,13,Friday
9211,2026-01-23 13:16:29.082116784,3.4613609288002105,13,Friday
9183,2026-01-23 13:16:38.247082566,0.07039721838130875,13,Friday
9172,2026-01-23 13:16:42.825768419,3.9065667918617013,13,Friday
9209,2026-01-23 13:18:54.237150939,2.650350052663695,13,Friday
9222,2026-01-23 13:20:48.506637544,14.249215536904556,13,Friday
9205,2026-01-23 13:23:05.566059183,6.725447043616314,13,Friday
9188,2026-01-23 13:23:51.056705548,1.436870685072592,13,Friday
9154,2026-01-23 13:25:20.329960281,12.011974265457336,13,Friday
9153,2026-01-23 13:25:38.214149258,10.961243094928193,13,Friday
9210,2026-01-23 13:25:44.125347864,12.744635163806542,13,Friday
9220,2026-01-23 13:26:14.905761975,0.5000072837236194,13,Friday
9173,2026-01-23 13:26:38.031309573,1.7878546299014328,13,Friday
9204,2026-01-23 13:27:05.251845601,2.1827533790405833,13,Friday
9165,2026-01-23 13:29:32.792139119,2.1551572884820516,13,Friday
9182,2026-01-23 13:32:07.431098731,3.2747440179020963,13,Friday
9185,2026-01-23 13:32:29.302178687,8.592029637874427,13,Friday
9194,2026-01-23 13:33:49.204962335,3.3809994387615134,13,Friday
9212,2026-01-23 13:34:45.709022375,6.171733031573163,13,Friday
9176,2026-01-23 13:37:04.934930022,4.311635417263815,13,Friday
9161,2026-01-23 13:37:12.828189125,4.968694265105061,13,Friday
9198,2026-01-23 13:37:48.337858039,26.19093959728137,13,Friday
9180,2026-01-23 13:38:33.502814394,3.376914222688097,13,Friday
9195,2026-01-23 13:38:48.982016690,2.1885694051898548,13,Friday
9175,2026-01-23 13:40:38.357716661,5.179377779772429,13,Friday
9200,2026-01-23 13:41:08.435890801,0.35211384319743183,13,Friday
9223,2026-01-23 13:41:56.333049398,2.862924416634085,13,Friday
9177,2026-01-23 13:42:20.027485299,0.6038471370662717,13,Friday
9215,2026-01-23 13:44:44.871732307,6.381916662549685,13,Friday
9197,2026-01-23 13:46:33.229496601,3.415314237380219,13,Friday
9206,2026-01-23 13:46:57.845428885,3.408424880745789,13,Friday
9218,2026-01-23 13:47:34.736048609,2.9665155412352324,13,Friday
9160,2026-01-23 13:48:55.952774708,2.6256615214110246,13,Friday
9156,2026-01-23 13:49:05.654233269,23.406173788284782,13,Friday
9178,2026-01-23 13:49:43.760125579,3.2405621155186366,13,Friday
9196,2026-01-23 13:52:10.621194419,8.381976346914314,13,Friday
9179,2026-01-23 13:52:39.609364266,2.2020446235978026,13,Friday
9184,2026-01-23 13:52:48.276151981,2.8887169816975606,13,Friday
9193,2026-01-23 13:52:55.712331213,5.925181682779916,13,Friday
9181,2026-01-23 13:53:24.026188898,12.74667775763165,13,Friday
9174,2026-01-23 13:53:55.002507483,5.5019640540216415,13,Friday
9186,2026-01-23 13:54:22.095315242,7.572023473495877,13,Friday
9191,2026-01-23 13:56:29.530485738,44.79550706014134,13,Friday
9189,2026-01-23 13:56:52.098066104,3.12827135446982,13,Friday
9192,2026-01-23 13:57:14.048860065,5.166624632916472,13,Friday
9171,2026-01-23 13:57:14.061597938,3.4456774682831175,13,Friday
9162,2026-01-23 13:57:34.915681983,2.018677398166175,13,Friday
9201,2026-01-23 13:58:31.735172811,5.737617960041778,13,Friday
9208,2026-01-23 13:58:33.942644801,4.7966416670215075,13,Friday
9199,2026-01-23 13:58:56.133868334,3.0543401788221165,13,Friday
9157,2026-01-23 13:59:08.934380928,1.7657597377476626,13,Friday
9256,2026-01-23 14:00:02.201886560,13.625144135583886,14,Friday
9268,2026-01-23 14:00:54.386804115,2.5595894484650508,14,Friday
9243,2026-01-23 14:01:19.258016401,7.039470125454846,14,Friday
9266,2026-01-23 14:05:50.007904535,2.0310633650915153,14,Friday
9259,2026-01-23 14:07:23.490796954,1.1451270442513173,14,Friday
9228,2026-01-23 14:07:46.741441768,0.30887013472785485,14,Friday
9264,2026-01-23 14:08:24.965381887,4.047218340354747,14,Friday
9238,2026-01-23 14:08:27.767880901,2.942161285589371,14,Friday
9242,2026-01-23 14:10:13.064103307,0.7709330184841225,14,Friday
9240,2026-01-23 14:11:28.841145726,5.733036013442138,14,Friday
9244,2026-01-23 14:12:42.791542019,6.387527926074297,14,Friday
9248,2026-01-23 14:14:51.672762407,1.6994891325336452,14,Friday
9231,2026-01-23 14:15:32.385863878,2.444435991279484,14,Friday
9255,2026-01-23 14:16:38.423704580,4.403050003413705,14,Friday
9251,2026-01-23 14:21:28.684172014,2.71933376486101,14,Friday
9260,2026-01-23 14:22:26.778485842,4.816129751896957,14,Friday
9235,2026-01-23 14:23:19.811461370,0.3359916649886186,14,Friday
9267,2026-01-23 14:23:22.542894379,1.9858931982987698,14,Friday
9241,2026-01-23 14:24:42.921460418,0.7272244540248403,14,Friday
9233,2026-01-23 14:25:45.461704299,2.4433467649576985,14,Friday
9265,2026-01-23 14:25:47.783092026,13.082416647029682,14,Friday
9246,2026-01-23 14:28:53.619483998,0.402918196139383,14,Friday
9226,2026-01-23 14:30:01.942837675,3.7437645568381726,14,Friday
9247,2026-01-23 14:30:05.389543929,0.0608589920076328,14,Friday
9245,2026-01-23 14:32:10.939285406,2.3743232594725723,14,Friday
9225,2026-01-23 14:34:51.658450493,11.427315822425875,14,Friday
9237,2026-01-23 14:38:11.864826402,7.136565332452646,14,Friday
9253,2026-01-23 14:38:38.483579887,0.5506245582311974,14,Friday
9239,2026-01-23 14:38:58.787388490,6.476442101836657,14,Friday
9262,2026-01-23 14:39:07.599085987,0.010414033565366115,14,Friday
9261,2026-01-23 14:39:40.821510198,0.6939300413264649,14,Friday
9249,2026-01-23 14:41:06.580322211,0.04632531013295883,14,Friday
9230,2026-01-23 14:41:28.465480091,1.5013379964191196,14,Friday
9250,2026-01-23 14:42:15.347832553,1.307295408519312,14,Friday
9254,2026-01-23 14:42:46.941390931,11.33789681547679,14,Friday
9234,2026-01-23 14:48:51.218381063,1.1448872375027188,14,Friday
9258,2026-01-23 14:49:20.727784487,5.652758894234027,14,Friday
9236,2026-01-23 14:51:03.350978759,0.41414657019614914,14,Friday
9263,2026-01-23 14:51:37.261205310,13.406929478338608,14,Friday
9257,2026-01-23 14:51:55.352203567,2.121910791178358,14,Friday
9252,2026-01-23 14:52:52.212318507,0.6472174563771111,14,Friday
9229,2026-01-23 14:53:45.596226051,1.290345228776935,14,Friday
9232,2026-01-23 14:54:06.008924276,8.119367337457094,14,Friday
9227,2026-01-23 14:58:15.050645346,9.479012958559068,14,Friday
9282,2026-01-23 15:00:15.745244763,4.683365844300745,15,Friday
9270,2026-01-23 15:01:31.587244076,5.04591066019366,15,Friday
9295,2026-01-23 15:02:54.693425676,3.4727967910067776,15,Friday
9297,2026-01-23 15:03:59.659010288,3.8758502913106057,15,Friday
9288,2026-01-23 15:04:07.887135387,2.091728833325101,15,Friday
9309,2026-01-23 15:05:57.336537513,8.823389744488573,15,Friday
9308,2026-01-23 15:06:28.311618399,19.49075914627086,15,Friday
9289,2026-01-23 15:07:03.785516697,3.0773363576304624,15,Friday
9300,2026-01-23 15:07:05.508517853,3.117606936456698,15,Friday
9276,2026-01-23 15:08:13.239703278,8.021319733967566,15,Friday
9281,2026-01-23 15:08:54.762545435,5.413914283757604,15,Friday
9301,2026-01-23 15:10:00.239692099,1.6147022635759123,15,Friday
9273,2026-01-23 15:10:48.841146546,7.862823979279586,15,Friday
9296,2026-01-23 15:11:17.809256030,2.4202316360730762,15,Friday
9298,2026-01-23 15:11:19.463444514,2.391033906149738,15,Friday
9277,2026-01-23 15:12:06.825802078,0.7422158876502283,15,Friday
9313,2026-01-23 15:12:55.518852986,20.455928555800256,15,Friday
9280,2026-01-23 15:19:03.209302630,1.5392931040734554,15,Friday
9272,2026-01-23 15:19:49.179681719,11.283033159146342,15,Friday
9303,2026-01-23 15:20:24.615421398,4.066481420270752,15,Friday
9278,2026-01-23 15:24:29.392793645,1.257626242346742,15,Friday
9279,2026-01-23 15:24:31.721084612,4.303509546531653,15,Friday
9299,2026-01-23 15:24:37.918535241,2.2307162484230743,15,Friday
9305,2026-01-23 15:25:45.019299932,0.8292587253780058,15,Friday
9302,2026-01-23 15:26:44.958415458,0.9925589709676291,15,Friday
9294,2026-01-23 15:26:52.591240616,4.901479270774276,15,Friday
9304,2026-01-23 15:28:03.569247076,9.250082756689366,15,Friday
9285,2026-01-23 15:29:01.141365034,12.882144114232775,15,Friday
9275,2026-01-23 15:30:18.229623047,0.1870982624966547,15,Friday
9311,2026-01-23 15:30:23.028136748,13.242937051619158,15,Friday
9274,2026-01-23 15:30:37.424241072,6.949058227884871,15,Friday
9291,2026-01-23 15:37:48.187927738,2.185790095489492,15,Friday
9306,2026-01-23 15:38:40.120893527,0.16641047963604083,15,Friday
9287,2026-01-23 15:40:25.155590816,4.544863135001469,15,Friday
9271,2026-01-23 15:42:29.505376701,0.5595709511383966,15,Friday
9312,2026-01-23 15:45:59.058084846,2.9464510247961595,15,Friday
9314,2026-01-23 15:49:43.905263403,1.7570302812564669,15,Friday
9292,2026-01-23 15:50:35.461055966,0.14669002291847696,15,Friday
9310,2026-01-23 15:51:10.101999927,4.530044526499873,15,Friday
9293,2026-01-23 15:53:53.770738681,19.963925544938228,15,Friday
9290,2026-01-23 15:54:57.999037930,1.6913705486526165,15,Friday
9269,2026-01-23 15:55:31.277665556,12.875029348009177,15,Friday
9307,2026-01-23 15:56:13.882375953,1.4172003799655084,15,Friday
9284,2026-01-23 15:56:36.597226934,5.335780025201762,15,Friday
9283,2026-01-23 15:58:12.846224740,0.5722843562217645,15,Friday
9286,2026-01-23 15:59:42.186311790,0.8783778827474892,15,Friday
9320,2026-01-23 16:03:03.499447748,4.034445123010792,16,Friday
9335,2026-01-23 16:06:36.880152050,0.27402774854190753,16,Friday
9327,2026-01-23 16:07:33.392698869,7.853629417591584,16,Friday
9331,2026-01-23 16:10:22.690288571,3.046750414517185,16,Friday
9328,2026-01-23 16:11:21.247119417,6.683135920111916,16,Friday
9338,2026-01-23 16:15:58.139808947,8.829260428799953,16,Friday
9336,2026-01-23 16:16:08.520775593,6.274057513401634,16,Friday
9319,2026-01-23 16:16:32.686538106,3.038222262160695,16,Friday
9329,2026-01-23 16:17:22.090879221,11.613331604429797,16,Friday
9339,2026-01-23 16:17:47.478193408,1.5857638343875524,16,Friday
9317,2026-01-23 16:18:17.983865889,1.3280222103404178,16,Friday
9315,2026-01-23 16:22:41.354284621,1.1007239158429254,16,Friday
9333,2026-01-23 16:31:22.028638985,2.319987983901455,16,Friday
9326,2026-01-23 16:33:32.411052269,0.3562481622756058,16,Friday
9318,2026-01-23 16:37:04.505724616,5.140679078622447,16,Friday
9316,2026-01-23 16:37:34.915951114,0.690989406297696,16,Friday
9325,2026-01-23 16:40:57.796239847,2.4186072043955558,16,Friday
9334,2026-01-23 16:42:56.050687703,3.6932678525640936,16,Friday
9324,2026-01-23 16:42:59.497834397,0.10913191537360684,16,Friday
9322,2026-01-23 16:52:59.538726744,8.100382691402878,16,Friday
9330,2026-01-23 16:53:24.562905264,1.3485818586711709,16,Friday
9321,2026-01-23 16:54:43.689246923,0.6526214710648888,16,Friday
9332,2026-01-23 16:55:22.343428156,1.0196949575330125,16,Friday
9337,2026-01-23 16:57:30.666989453,3.918570103123196,16,Friday
9323,2026-01-23 16:58:14.873337381,7.664576980231517,16,Friday
9352,2026-01-24 08:01:19.994302271,0.8990009502802372,8,Saturday
9362,2026-01-24 08:02:07.508303811,3.2878470711422905,8,Saturday
9355,2026-01-24 08:02:36.486237565,0.961535314702237,8,Saturday
9351,2026-01-24 08:10:12.772685575,1.753827660588054,8,Saturday
9348,2026-01-24 08:10:37.970069768,24.11437452497745,8,Saturday
9340,2026-01-24 08:11:24.553906485,1.4352237618245745,8,Saturday
9345,2026-01-24 08:16:16.928454090,4.918091968129553,8,Saturday
9349,2026-01-24 08:19:33.592506728,6.993583893029184,8,Saturday
9353,2026-01-24 08:20:13.139240788,3.496515079264616,8,Saturday
9360,2026-01-24 08:25:19.089770191,4.146652714290918,8,Saturday
9356,2026-01-24 08:25:44.144612460,6.6066465844325855,8,Saturday
9344,2026-01-24 08:32:28.684738522,2.215041213174353,8,Saturday
9350,2026-01-24 08:32:30.771433581,16.347145620081882,8,Saturday
9364,2026-01-24 08:38:33.885724681,0.7479899217852546,8,Saturday
9341,2026-01-24 08:40:37.346466531,3.5394617986021784,8,Saturday
9346,2026-01-24 08:41:01.221078262,0.8644882260622127,8,Saturday
9342,2026-01-24 08:42:45.910807415,0.6937462687099909,8,Saturday
9363,2026-01-24 08:44:45.300976794,3.7284693514217504,8,Saturday
9357,2026-01-24 08:45:43.922782533,2.245341821570061,8,Saturday
9354,2026-01-24 08:51:55.334885403,3.4127009923642455,8,Saturday
9361,2026-01-24 08:57:01.383459764,6.481736909458101,8,Saturday
9358,2026-01-24 08:57:11.457348879,1.0312185015819868,8,Saturday
9347,2026-01-24 08:58:45.752950799,1.1543972608759556,8,Saturday
9343,2026-01-24 08:59:07.386504964,10.26291349560837,8,Saturday
9359,2026-01-24 08:59:07.711436415,2.017211236431634,8,Saturday
9389,2026-01-24 09:01:56.065331987,4.344257680100764,9,Saturday
9380,2026-01-24 09:02:16.621750539,10.359189189866758,9,Saturday
9395,2026-01-24 09:02:37.849267359,1.5013473007079812,9,Saturday
9370,2026-01-24 09:03:49.791571294,0.2308008546596958,9,Saturday
9382,2026-01-24 09:07:30.418174738,6.771469121350002,9,Saturday
9386,2026-01-24 09:08:43.737538557,15.121226232474797,9,Saturday
9377,2026-01-24 09:08:48.748246687,7.349234612094129,9,Saturday
9381,2026-01-24 09:09:03.160968568,6.5860770743524855,9,Saturday
9385,2026-01-24 09:10:24.088548760,8.834887566222273,9,Saturday
9375,2026-01-24 09:19:10.810096444,5.048216373938306,9,Saturday
9378,2026-01-24 09:21:25.438099511,5.0399892677605855,9,Saturday
9383,2026-01-24 09:24:11.071953720,28.356681798460706,9,Saturday
9374,2026-01-24 09:24:25.894258869,4.571427356532269,9,Saturday
9376,2026-01-24 09:27:47.678923741,6.245775470439444,9,Saturday
9393,2026-01-24 09:29:40.208837265,6.380622485845139,9,Saturday
9365,2026-01-24 09:32:13.467177251,1.335291633421818,9,Saturday
9372,2026-01-24 09:36:45.580489747,2.6934719807321086,9,Saturday
9366,2026-01-24 09:37:45.188299519,2.5254272090066667,9,Saturday
9391,2026-01-24 09:39:19.676525315,9.144296494735862,9,Saturday
9390,2026-01-24 09:45:06.141456645,1.9969857464881855,9,Saturday
9392,2026-01-24 09:46:03.866915469,7.186246387939029,9,Saturday
9373,2026-01-24 09:48:03.192373725,16.832666677275437,9,Saturday
9369,2026-01-24 09:51:27.400447172,4.10495235238212,9,Saturday
9379,2026-01-24 09:51:27.422999165,1.35375999923985,9,Saturday
9388,2026-01-24 09:52:55.381861077,3.443061159786222,9,Saturday
9387,2026-01-24 09:54:54.200627194,0.8192696884704194,9,Saturday
9371,2026-01-24 09:57:11.795006803,2.6200859509287966,9,Saturday
9394,2026-01-24 09:59:28.965186413,29.301198639691556,9,Saturday
9367,2026-01-24 09:59:40.755202649,2.9871666981496183,9,Saturday
9368,2026-01-24 09:59:45.841038701,12.714844707982373,9,Saturday
9384,2026-01-24 09:59:49.152843207,8.110755287027704,9,Saturday
9406,2026-01-24 10:00:20.279802172,9.291302222787486,10,Saturday
9416,2026-01-24 10:00:49.552896007,2.3894144552540357,10,Saturday
9413,2026-01-24 10:01:34.659986406,6.554752659900517,10,Saturday
9418,2026-01-24 10:04:32.165720020,0.32965608763464316,10,Saturday
9420,2026-01-24 10:05:17.134262562,1.8526620381318082,10,Saturday
9397,2026-01-24 10:09:38.112734603,1.1135183602597365,10,Saturday
9434,2026-01-24 10:11:27.762578359,3.944367036066243,10,Saturday
9402,2026-01-24 10:13:11.917490354,0.4783844027796045,10,Saturday
9414,2026-01-24 10:13:27.649870938,5.996838885643749,10,Saturday
9419,2026-01-24 10:17:11.027682339,7.430169894714523,10,Saturday
9396,2026-01-24 10:18:46.761056977,5.251447347260082,10,Saturday
9403,2026-01-24 10:20:15.175727161,0.40077484188350415,10,Saturday
9404,2026-01-24 10:22:53.539832904,2.5404907856581156,10,Saturday
9412,2026-01-24 10:23:44.157054659,9.557200808638203,10,Saturday
9410,2026-01-24 10:28:35.717444110,0.4614243467593694,10,Saturday
9429,2026-01-24 10:29:03.337546007,1.6888233271760378,10,Saturday
9426,2026-01-24 10:30:35.559557137,3.8262982299754515,10,Saturday
9401,2026-01-24 10:32:43.241942405,0.1550905199941386,10,Saturday
9417,2026-01-24 10:32:45.578887522,15.863961948090237,10,Saturday
9428,2026-01-24 10:34:34.711751600,4.349879145228706,10,Saturday
9422,2026-01-24 10:35:27.854554731,6.785039353399122,10,Saturday
9399,2026-01-24 10:35:43.639737748,5.657248172019139,10,Saturday
9427,2026-01-24 10:38:19.358094346,7.511290670430544,10,Saturday
9431,2026-01-24 10:38:40.290488413,4.447511534895739,10,Saturday
9424,2026-01-24 10:41:18.071518344,6.403324745460008,10,Saturday
9433,2026-01-24 10:47:10.910171768,11.59581768408755,10,Saturday
9432,2026-01-24 10:48:04.724153479,0.06404483685384801,10,Saturday
9400,2026-01-24 10:49:29.761815506,29.453702674855794,10,Saturday
9430,2026-01-24 10:50:45.453715522,6.623462634103601,10,Saturday
9421,2026-01-24 10:51:34.303036007,0.19918853301829148,10,Saturday
9398,2026-01-24 10:53:45.181813443,4.377189428074349,10,Saturday
9423,2026-01-24 10:54:07.583276585,2.009197585156356,10,Saturday
9415,2026-01-24 10:56:43.066481774,2.0751258401181563,10,Saturday
9411,2026-01-24 10:57:49.712290635,0.2995623384880111,10,Saturday
9425,2026-01-24 10:58:15.704872482,6.149092785903157,10,Saturday
9405,2026-01-24 10:58:22.565325013,8.618309113279674,10,Saturday
9408,2026-01-24 10:58:49.661886395,11.359224353740881,10,Saturday
9407,2026-01-24 10:59:08.397682888,6.677618335022269,10,Saturday
9409,2026-01-24 10:59:46.142845908,1.9493857515799626,10,Saturday
9473,2026-01-24 11:00:29.227705333,2.0842917601535005,11,Saturday
9458,2026-01-24 11:03:12.476606852,1.4468118399039618,11,Saturday
9478,2026-01-24 11:05:08.847917743,1.7294133357068242,11,Saturday
9470,2026-01-24 11:07:29.465322359,0.5162269164244603,11,Saturday
9439,2026-01-24 11:07:35.492434736,10.806716671552847,11,Saturday
9453,2026-01-24 11:08:48.457533973,2.4915615820520873,11,Saturday
9465,2026-01-24 11:11:05.153958316,1.6568994948580884,11,Saturday
9452,2026-01-24 11:16:17.459679839,2.899388493991521,11,Saturday
9463,2026-01-24 11:17:03.213062295,4.719949464998837,11,Saturday
9454,2026-01-24 11:17:30.460728205,4.158927676569208,11,Saturday
9479,2026-01-24 11:19:38.914992172,10.07414976714265,11,Saturday
9456,2026-01-24 11:20:31.708742269,0.41095111951684904,11,Saturday
9445,2026-01-24 11:21:01.143093140,2.817107382162127,11,Saturday
9460,2026-01-24 11:22:04.745664975,2.049931354803474,11,Saturday
9475,2026-01-24 11:22:08.507122977,0.3880752119519066,11,Saturday
9446,2026-01-24 11:22:18.657489734,13.165540768233754,11,Saturday
9435,2026-01-24 11:24:56.715795632,7.454047745111909,11,Saturday
9462,2026-01-24 11:25:21.120077585,6.2990897659122265,11,Saturday
9474,2026-01-24 11:26:35.726428893,1.9231703455633875,11,Saturday
9480,2026-01-24 11:26:38.633054619,2.0733532903581224,11,Saturday
9436,2026-01-24 11:26:57.972391108,2.9295032153007767,11,Saturday
9481,2026-01-24 11:27:18.667360923,0.6601873001593767,11,Saturday
9472,2026-01-24 11:27:25.291009731,0.7454404525740805,11,Saturday
9471,2026-01-24 11:29:37.639572923,18.54347206696614,11,Saturday
9448,2026-01-24 11:29:59.940713777,1.0665703789261411,11,Saturday
9455,2026-01-24 11:30:27.137970331,1.3842711613650616,11,Saturday
9459,2026-01-24 11:30:35.101481809,0.48030849841788675,11,Saturday
9461,2026-01-24 11:32:04.800317614,7.412562653025169,11,Saturday
9468,2026-01-24 11:32:19.211854867,2.5615779850136744,11,Saturday
9457,2026-01-24 11:34:06.105931851,0.12358642793762531,11,Saturday
9449,2026-01-24 11:34:14.054552869,1.546828943343233,11,Saturday
9442,2026-01-24 11:35:43.982524436,0.8892763613540364,11,Saturday
9440,2026-01-24 11:36:37.108013544,3.606753047936049,11,Saturday
9476,2026-01-24 11:40:11.275419988,0.8259072372862601,11,Saturday
9466,2026-01-24 11:40:52.916072090,10.816453387722227,11,Saturday
9450,2026-01-24 11:42:46.460845313,2.422663573270211,11,Saturday
9447,2026-01-24 11:43:26.675118445,3.6884718449831286,11,Saturday
9444,2026-01-24 11:46:08.621304172,1.3405100236177936,11,Saturday
9451,2026-01-24 11:46:39.270097340,4.880986328807251,11,Saturday
9443,2026-01-24 11:47:09.137852135,1.2464491829742566,11,Saturday
9438,2026-01-24 11:47:17.318450284,6.191166836551489,11,Saturday
9469,2026-01-24 11:52:35.070558886,2.598924976922248,11,Saturday
9437,2026-01-24 11:53:42.529772298,0.1376849399169528,11,Saturday
9464,2026-01-24 11:54:14.788459647,9.569643783119123,11,Saturday
9467,2026-01-24 11:55:28.720965296,2.5477918825585695,11,Saturday
9477,2026-01-24 11:56:17.987202875,0.22947805214832362,11,Saturday
9441,2026-01-24 11:59:45.263905390,4.350716971369004,11,Saturday
9501,2026-01-24 12:00:03.596372160,1.0274947851610416,12,Saturday
9513,2026-01-24 12:00:34.821139848,1.0723980921218175,12,Saturday
9530,2026-01-24 12:03:00.385307783,0.8969534048057148,12,Saturday
9538,2026-01-24 12:06:16.882445821,1.1438087082235469,12,Saturday
9496,2026-01-24 12:09:55.991447188,6.83543315226256,12,Saturday
9483,2026-01-24 12:10:43.594635181,1.08834902475248,12,Saturday
9539,2026-01-24 12:11:34.930183971,0.3014426335887339,12,Saturday
9527,2026-01-24 12:12:51.509743782,7.003698147215715,12,Saturday
9535,2026-01-24 12:13:08.640558694,2.8193157190692046,12,Saturday
9514,2026-01-24 12:13:12.888985552,4.131522671634655,12,Saturday
9485,2026-01-24 12:14:22.747678857,2.7247401284090254,12,Saturday
9491,2026-01-24 12:14:32.300461199,2.9409409650671603,12,Saturday
9507,2026-01-24 12:16:09.424271311,4.47140857566293,12,Saturday
9534,2026-01-24 12:16:54.817574157,30.82397979327915,12,Saturday
9523,2026-01-24 12:17:29.281286750,6.64706886874288,12,Saturday
9489,2026-01-24 12:18:53.221736926,0.05398530421906465,12,Saturday
9528,2026-01-24 12:20:38.546839013,6.972526632761653,12,Saturday
9500,2026-01-24 12:21:27.358292471,0.794141380784526,12,Saturday
9519,2026-01-24 12:21:41.599785132,3.3676119749359006,12,Saturday
9499,2026-01-24 12:23:07.451226664,0.631535438399956,12,Saturday
9490,2026-01-24 12:24:12.554911009,10.592791932865978,12,Saturday
9518,2026-01-24 12:24:48.568649377,6.345398596180316,12,Saturday
9494,2026-01-24 12:25:07.934384085,5.92452035522125,12,Saturday
9497,2026-01-24 12:26:05.769241308,2.0624186403300175,12,Saturday
9532,2026-01-24 12:28:54.139727438,1.92767740865047,12,Saturday
9484,2026-01-24 12:30:40.370642852,4.714142718208681,12,Saturday
9531,2026-01-24 12:30:44.335120523,0.3676165160403045,12,Saturday
9506,2026-01-24 12:32:55.652324531,0.4318624722647596,12,Saturday
9525,2026-01-24 12:33:06.767791627,11.69267953795255,12,Saturday
9537,2026-01-24 12:34:18.154747050,5.911008067727917,12,Saturday
9509,2026-01-24 12:35:23.110276315,19.074015740755744,12,Saturday
9522,2026-01-24 12:36:25.408773020,0.45227436138206484,12,Saturday
9498,2026-01-24 12:37:53.396784024,2.1643794806377867,12,Saturday
9495,2026-01-24 12:39:23.519051650,0.3590519498348622,12,Saturday
9515,2026-01-24 12:39:55.922400612,0.38774897215773146,12,Saturday
9510,2026-01-24 12:40:52.154660389,9.360763712779049,12,Saturday
9511,2026-01-24 12:40:56.662183039,3.0332859446945264,12,Saturday
9517,2026-01-24 12:41:07.219614916,1.2800268066175962,12,Saturday
9505,2026-01-24 12:43:09.376986249,6.443347158687292,12,Saturday
9520,2026-01-24 12:44:16.612829819,6.952927350826641,12,Saturday
9521,2026-01-24 12:44:28.455709693,3.621078617036515,12,Saturday
9533,2026-01-24 12:45:04.428680069,3.207601292701528,12,Saturday
9526,2026-01-24 12:47:25.772482493,4.243066321002862,12,Saturday
9502,2026-01-24 12:48:15.456469597,1.9890189200032224,12,Saturday
9488,2026-01-24 12:48:52.912246032,4.543490597491196,12,Saturday
9512,2026-01-24 12:50:42.906464725,7.461447925152816,12,Saturday
9529,2026-01-24 12:52:28.486258994,0.846531676011844,12,Saturday
9503,2026-01-24 12:53:21.615403277,11.126727526222835,12,Saturday
9492,2026-01-24 12:53:26.728681232,13.410278987285384,12,Saturday
9516,2026-01-24 12:53:42.524652568,2.1392363945644317,12,Saturday
9493,2026-01-24 12:54:52.409799677,3.421323859596539,12,Saturday
9524,2026-01-24 12:55:30.557346205,8.955676240107453,12,Saturday
9536,2026-01-24 12:55:34.078219583,6.477564621361211,12,Saturday
9486,2026-01-24 12:55:56.466832444,10.840231439579757,12,Saturday
9504,2026-01-24 12:58:10.068706364,2.2963886949347585,12,Saturday
9482,2026-01-24 12:58:18.649395410,33.736946262143704,12,Saturday
9487,2026-01-24 12:58:53.475652474,7.035927185632228,12,Saturday
9508,2026-01-24 12:59:57.478113468,3.2878504026130244,12,Saturday
9598,2026-01-24 13:00:12.104561962,3.462642888531953,13,Saturday
9548,2026-01-24 13:01:14.750723008,3.4961228607162615,13,Saturday
9546,2026-01-24 13:03:10.723655889,12.83531789660386,13,Saturday
9597,2026-01-24 13:04:32.106332659,2.4952453340563014,13,Saturday
9547,2026-01-24 13:04:42.198337092,0.5046905010290295,13,Saturday
9567,2026-01-24 13:06:00.615625925,19.048931467656953,13,Saturday
9582,2026-01-24 13:06:43.914832094,1.1639158699776684,13,Saturday
9603,2026-01-24 13:07:29.579927666,2.6682585288118474,13,Saturday
9573,2026-01-24 13:07:57.175604777,1.9926762796058082,13,Saturday
9585,2026-01-24 13:08:46.195273722,3.4019192837974623,13,Saturday
9604,2026-01-24 13:10:13.791078436,2.339606352192521,13,Saturday
9551,2026-01-24 13:10:21.919418366,9.026917548939759,13,Saturday
9562,2026-01-24 13:11:02.211742178,4.588429223716421,13,Saturday
9560,2026-01-24 13:11:09.962022981,5.809173934378544,13,Saturday
9572,2026-01-24 13:11:34.045568948,4.0278101500303585,13,Saturday
9610,2026-01-24 13:12:10.533188527,6.174514420130821,13,Saturday
9575,2026-01-24 13:13:37.994498759,3.139201721235792,13,Saturday
9589,2026-01-24 13:14:33.385261032,0.6761839975669703,13,Saturday
9576,2026-01-24 13:14:39.445060333,0.016948626032524602,13,Saturday
9558,2026-01-24 13:17:04.440156287,1.1390374399557583,13,Saturday
9553,2026-01-24 13:17:19.780008111,0.32890090233988306,13,Saturday
9561,2026-01-24 13:17:23.134567303,1.473212024082882,13,Saturday
9586,2026-01-24 13:17:49.737547280,2.8691050886329252,13,Saturday
9541,2026-01-24 13:21:30.999788212,0.09377558431526593,13,Saturday
9549,2026-01-24 13:22:15.002704538,3.0462643531584637,13,Saturday
9599,2026-01-24 13:22:50.405749694,3.759341768995321,13,Saturday
9543,2026-01-24 13:22:54.956841129,9.31572054051985,13,Saturday
9574,2026-01-24 13:24:19.890797248,0.6472536341393313,13,Saturday
9570,2026-01-24 13:24:25.099901679,3.1205959710913627,13,Saturday
9566,2026-01-24 13:24:56.165280712,4.826768780745646,13,Saturday
9611,2026-01-24 13:25:41.702520935,17.700943725405697,13,Saturday
9592,2026-01-24 13:26:55.466703051,5.482024102908082,13,Saturday
9595,2026-01-24 13:28:14.488383505,3.4399164768866157,13,Saturday
9602,2026-01-24 13:28:35.204650657,2.3710951489984806,13,Saturday
9587,2026-01-24 13:28:56.501099273,1.5670583223142096,13,Saturday
9579,2026-01-24 13:29:00.488631564,0.12296319286357472,13,Saturday
9569,2026-01-24 13:30:27.831470444,2.4857239750241575,13,Saturday
9557,2026-01-24 13:31:29.400649684,6.336449739548337,13,Saturday
9578,2026-01-24 13:31:50.733037868,0.5587671337806012,13,Saturday
9590,2026-01-24 13:32:05.563735683,0.27266522131591187,13,Saturday
9584,2026-01-24 13:35:02.469047524,1.6283609382818813,13,Saturday
9571,2026-01-24 13:35:19.769615693,0.3963979590966124,13,Saturday
9609,2026-01-24 13:35:51.655660900,11.446191976424661,13,Saturday
9545,2026-01-24 13:35:53.710549861,4.7915429240518606,13,Saturday
9600,2026-01-24 13:36:03.949420941,5.886691921138264,13,Saturday
9552,2026-01-24 13:36:21.070686182,2.395392582373062,13,Saturday
9601,2026-01-24 13:37:45.120566818,6.2102283352812915,13,Saturday
9565,2026-01-24 13:39:09.035974032,2.052764625231797,13,Saturday
9608,2026-01-24 13:39:51.184700203,5.959583311358529,13,Saturday
9607,2026-01-24 13:40:26.034736298,11.018065544212343,13,Saturday
9563,2026-01-24 13:40:27.156577395,5.773823796560644,13,Saturday
9591,2026-01-24 13:41:04.817858697,7.298099447346801,13,Saturday
9564,2026-01-24 13:41:10.449701216,3.142546035609519,13,Saturday
9544,2026-01-24 13:41:21.882150349,1.5092093484554023,13,Saturday
9580,2026-01-24 13:41:22.126537422,8.699870297713826,13,Saturday
9588,2026-01-24 13:41:28.237720478,6.0264279888998065,13,Saturday
9612,2026-01-24 13:41:45.220745268,5.049392680106912,13,Saturday
9550,2026-01-24 13:44:44.883775557,2.639901345225651,13,Saturday
9556,2026-01-24 13:46:31.492253879,2.630926762772553,13,Saturday
9554,2026-01-24 13:47:49.173446324,0.3405256612433324,13,Saturday
9555,2026-01-24 13:47:54.226136410,0.21842527148513496,13,Saturday
9559,2026-01-24 13:48:33.998557963,5.198913732486552,13,Saturday
9583,2026-01-24 13:50:00.724441593,3.8750221925437716,13,Saturday
9605,2026-01-24 13:51:07.732741867,3.845130392279329,13,Saturday
9593,2026-01-24 13:51:46.893460032,3.4510188247686435,13,Saturday
9606,2026-01-24 13:52:04.480074261,3.019765035570816,13,Saturday
9594,2026-01-24 13:52:10.052770225,3.1535834970710974,13,Saturday
9577,2026-01-24 13:53:33.041356002,2.5690273384944935,13,Saturday
9542,2026-01-24 13:53:46.912423491,15.34762681552973,13,Saturday
9568,2026-01-24 13:54:40.210504254,2.782964140409331,13,Saturday
9581,2026-01-24 13:57:05.573209236,12.399524096082404,13,Saturday
9596,2026-01-24 13:58:22.532557472,2.8725920784882724,13,Saturday
9540,2026-01-24 13:59:53.706444670,3.852866186631481,13,Saturday
9644,2026-01-24 14:01:03.485384588,7.424636751055486,14,Saturday
9668,2026-01-24 14:01:05.193974236,4.287301931883761,14,Saturday
9633,2026-01-24 14:01:27.952713507,3.7736566530216336,14,Saturday
9613,2026-01-24 14:03:08.919650985,17.771090224156183,14,Saturday
9654,2026-01-24 14:03:37.446727654,1.5097792855751246,14,Saturday
9662,2026-01-24 14:04:18.292671212,6.562465110453739,14,Saturday
9648,2026-01-24 14:04:20.230437181,5.305394630009434,14,Saturday
9641,2026-01-24 14:05:34.728995201,13.557453935886233,14,Saturday
9628,2026-01-24 14:06:01.150197095,0.049643668974316754,14,Saturday
9651,2026-01-24 14:06:56.567878448,0.4298690631109876,14,Saturday
9671,2026-01-24 14:11:45.705126132,0.07666744536502446,14,Saturday
9658,2026-01-24 14:12:10.689890991,3.4005792968768183,14,Saturday
9617,2026-01-24 14:12:43.356103894,2.4536535025379766,14,Saturday
9665,2026-01-24 14:14:51.540354508,3.7721876794809535,14,Saturday
9687,2026-01-24 14:15:40.443123665,6.130424325049464,14,Saturday
9692,2026-01-24 14:16:16.002342967,6.185361043203972,14,Saturday
9643,2026-01-24 14:16:31.241460498,26.075001550352788,14,Saturday
9624,2026-01-24 14:17:29.707344643,6.036257634366096,14,Saturday
9674,2026-01-24 14:17:33.027702104,0.6132887136991053,14,Saturday
9620,2026-01-24 14:18:54.643303857,23.40157608438728,14,Saturday
9676,2026-01-24 14:18:59.407703677,1.5772183828289734,14,Saturday
9639,2026-01-24 14:19:28.649006322,6.296283642133712,14,Saturday
9688,2026-01-24 14:19:29.254334837,10.21040734017742,14,Saturday
9625,2026-01-24 14:19:36.205259320,0.22580305271417103,14,Saturday
9660,2026-01-24 14:20:33.151796373,14.63645326500756,14,Saturday
9679,2026-01-24 14:21:31.782984891,1.9024568091334115,14,Saturday
9630,2026-01-24 14:21:55.221348998,2.4908301489186186,14,Saturday
9626,2026-01-24 14:22:17.548408018,0.8577047746458764,14,Saturday
9637,2026-01-24 14:23:22.299390141,9.242507948374708,14,Saturday
9627,2026-01-24 14:23:40.390002217,0.36817452653721966,14,Saturday
9682,2026-01-24 14:23:47.682820721,0.6989682925539752,14,Saturday
9616,2026-01-24 14:25:03.378890288,3.5757985232932348,14,Saturday
9647,2026-01-24 14:25:35.648416961,3.945840403792649,14,Saturday
9685,2026-01-24 14:28:02.677800926,2.8282096959148784,14,Saturday
9663,2026-01-24 14:29:10.351278671,0.9489097320579982,14,Saturday
9670,2026-01-24 14:29:29.321643906,0.842651104986814,14,Saturday
9653,2026-01-24 14:29:50.115537414,2.8458061504979275,14,Saturday
9681,2026-01-24 14:29:54.267153767,0.5633966298819713,14,Saturday
9684,2026-01-24 14:30:37.456879388,0.45861618646960917,14,Saturday
9652,2026-01-24 14:30:39.350075738,2.197553950406858,14,Saturday
9638,2026-01-24 14:31:06.665277394,15.478169574072629,14,Saturday
9636,2026-01-24 14:31:13.412013574,0.040426095487398644,14,Saturday
9618,2026-01-24 14:31:17.549217096,0.8692510972667179,14,Saturday
9675,2026-01-24 14:32:27.855314875,6.826202318757943,14,Saturday
9693,2026-01-24 14:32:37.644683747,2.2535839078569455,14,Saturday
9645,2026-01-24 14:33:09.740758186,6.483561109540716,14,Saturday
9646,2026-01-24 14:34:42.411921069,2.239962929092953,14,Saturday
9614,2026-01-24 14:34:44.850666733,1.9187913207151606,14,Saturday
9664,2026-01-24 14:35:49.647757839,4.6291904158263595,14,Saturday
9655,2026-01-24 14:36:24.694932970,0.9474999224453522,14,Saturday
9669,2026-01-24 14:36:30.126926506,9.512762453643429,14,Saturday
9650,2026-01-24 14:36:41.150906020,6.103639255203566,14,Saturday
9642,2026-01-24 14:37:16.041370482,1.1727371787821181,14,Saturday
9640,2026-01-24 14:37:21.676129307,6.614608820712196,14,Saturday
9667,2026-01-24 14:37:36.824447318,6.885122696528322,14,Saturday
9619,2026-01-24 14:38:55.675048483,10.970958128588679,14,Saturday
9686,2026-01-24 14:40:20.763847064,1.9346770784258494,14,Saturday
9690,2026-01-24 14:40:42.707443572,3.781896847705454,14,Saturday
9635,2026-01-24 14:42:36.081833400,7.949087167050195,14,Saturday
9621,2026-01-24 14:42:53.169690597,4.203391200541152,14,Saturday
9657,2026-01-24 14:44:56.428995294,2.281556135545969,14,Saturday
9629,2026-01-24 14:45:43.066220001,1.8263907189366653,14,Saturday
9666,2026-01-24 14:46:16.968679392,20.218878700213622,14,Saturday
9677,2026-01-24 14:46:31.784705889,4.952798409886525,14,Saturday
9680,2026-01-24 14:48:20.103296917,1.224033547855591,14,Saturday
9656,2026-01-24 14:48:29.975036117,0.7478827517894121,14,Saturday
9691,2026-01-24 14:49:35.893731975,0.540388331255418,14,Saturday
9659,2026-01-24 14:51:44.253106395,0.3252342656974926,14,Saturday
9631,2026-01-24 14:52:47.351916139,1.3789633769595047,14,Saturday
9649,2026-01-24 14:53:36.034630095,4.842433500867475,14,Saturday
9623,2026-01-24 14:53:49.067238158,9.796337750391919,14,Saturday
9673,2026-01-24 14:53:49.783901379,0.5174305907348544,14,Saturday
9632,2026-01-24 14:55:36.986243232,0.33393001396099997,14,Saturday
9678,2026-01-24 14:55:49.193159507,12.469147264863468,14,Saturday
9689,2026-01-24 14:55:55.365010459,7.680314688663703,14,Saturday
9683,2026-01-24 14:56:18.318667555,0.3212138663968978,14,Saturday
9661,2026-01-24 14:56:47.430161850,7.2460285884031705,14,Saturday
9622,2026-01-24 14:58:30.412225364,7.451096613359435,14,Saturday
9615,2026-01-24 14:59:00.575540879,0.8746039089672284,14,Saturday
9634,2026-01-24 14:59:18.611051741,1.596340637952029,14,Saturday
9672,2026-01-24 14:59:44.693617414,5.859679766745266,14,Saturday
9700,2026-01-24 15:03:47.337126864,11.664021832792834,15,Saturday
9716,2026-01-24 15:05:31.072442343,2.9177255199705994,15,Saturday
9730,2026-01-24 15:07:40.889146299,3.3929110906542497,15,Saturday
9723,2026-01-24 15:09:47.037122496,2.7740368665395865,15,Saturday
9715,2026-01-24 15:10:03.729993563,0.4715970263703938,15,Saturday
9708,2026-01-24 15:14:19.590029950,8.44090683612658,15,Saturday
9711,2026-01-24 15:14:49.940533358,7.204672619804792,15,Saturday
9703,2026-01-24 15:15:43.538029847,6.7012332089486915,15,Saturday
9706,2026-01-24 15:16:08.953107495,5.949664762794102,15,Saturday
9722,2026-01-24 15:16:46.300387482,11.295795514764638,15,Saturday
9696,2026-01-24 15:20:20.295013889,3.4870622774870035,15,Saturday
9697,2026-01-24 15:21:17.285109412,3.6915994741938896,15,Saturday
9714,2026-01-24 15:21:30.883939584,1.3953051085736656,15,Saturday
9720,2026-01-24 15:26:09.022700164,1.9813741272654792,15,Saturday
9725,2026-01-24 15:27:48.605638201,1.3501509247149763,15,Saturday
9724,2026-01-24 15:28:55.492169636,7.7976582327533315,15,Saturday
9726,2026-01-24 15:31:18.947830093,14.860159758546445,15,Saturday
9721,2026-01-24 15:32:11.835250277,2.074321255965904,15,Saturday
9717,2026-01-24 15:34:31.374132995,11.034562240591441,15,Saturday
9698,2026-01-24 15:34:46.662699299,1.07894418879506,15,Saturday
9701,2026-01-24 15:35:36.037165878,0.8938741780902135,15,Saturday
9728,2026-01-24 15:36:14.023080521,7.121509279032803,15,Saturday
9729,2026-01-24 15:36:20.778611840,0.46889311505393827,15,Saturday
9712,2026-01-24 15:42:57.130356899,10.146618706997492,15,Saturday
9699,2026-01-24 15:44:00.389377718,5.847682274778943,15,Saturday
9709,2026-01-24 15:44:15.400182235,3.9924160616343767,15,Saturday
9707,2026-01-24 15:45:15.126717187,1.9423819128328037,15,Saturday
9732,2026-01-24 15:46:22.241799244,10.47942515099334,15,Saturday
9710,2026-01-24 15:47:50.711896639,10.162767181696555,15,Saturday
9713,2026-01-24 15:48:43.576339910,0.10183698254272004,15,Saturday
9719,2026-01-24 15:49:22.621152079,9.4760438813921,15,Saturday
9694,2026-01-24 15:52:17.227432627,10.486127478378817,15,Saturday
9695,2026-01-24 15:54:07.681926409,2.674741345149425,15,Saturday
9704,2026-01-24 15:54:31.777970748,1.5955323132588473,15,Saturday
9705,2026-01-24 15:57:00.606026747,4.8890031079782394,15,Saturday
9727,2026-01-24 15:57:10.096508030,4.273371205089761,15,Saturday
9702,2026-01-24 15:57:10.152222420,0.45136494307592867,15,Saturday
9718,2026-01-24 15:58:41.153229536,3.1512399707398147,15,Saturday
9731,2026-01-24 15:59:47.359918236,11.565121852378857,15,Saturday
9746,2026-01-24 16:01:58.305812862,1.2348423555905077,16,Saturday
9742,2026-01-24 16:06:59.568075774,3.7837152969198544,16,Saturday
9747,2026-01-24 16:08:09.266576253,0.5684836273519959,16,Saturday
9734,2026-01-24 16:10:20.153331680,6.77035399489366,16,Saturday
9736,2026-01-24 16:11:04.243184155,4.56986098795662,16,Saturday
9744,2026-01-24 16:13:49.238960275,0.8072432107026228,16,Saturday
9748,2026-01-24 16:19:11.198240576,7.695946535107849,16,Saturday
9749,2026-01-24 16:20:31.148899036,0.596722282902183,16,Saturday
9737,2026-01-24 16:20:47.902899731,1.3834715124375376,16,Saturday
9745,2026-01-24 16:24:52.116218667,0.1119395623443139,16,Saturday
9733,2026-01-24 16:26:35.952023324,11.49222918085363,16,Saturday
9739,2026-01-24 16:28:55.521640288,1.9271061032052068,16,Saturday
9738,2026-01-24 16:39:47.810292688,1.9849186092313853,16,Saturday
9743,2026-01-24 16:42:34.443779033,2.4341148480414736,16,Saturday
9735,2026-01-24 16:43:47.993919563,17.910533953698415,16,Saturday
9740,2026-01-24 16:44:18.855739085,1.9762943049469228,16,Saturday
9741,2026-01-24 16:57:40.348444402,5.58842775868606,16,Saturday
9766,2026-01-25 08:02:36.767680236,5.870740445157522,8,Sunday
9755,2026-01-25 08:02:42.929929933,6.844510538608315,8,Sunday
9760,2026-01-25 08:03:43.289551270,5.1035954493775835,8,Sunday
9750,2026-01-25 08:04:24.162203077,0.7753651548990338,8,Sunday
9763,2026-01-25 08:11:44.568293741,2.7235134516032975,8,Sunday
9756,2026-01-25 08:12:06.550589511,7.414728971538408,8,Sunday
9772,2026-01-25 08:13:45.142360185,2.662453722378792,8,Sunday
9753,2026-01-25 08:14:08.741446308,2.881142783661123,8,Sunday
9759,2026-01-25 08:17:21.378097408,1.7365299216980148,8,Sunday
9762,2026-01-25 08:18:49.311497051,4.514386156640698,8,Sunday
9769,2026-01-25 08:25:31.616819586,0.9030424658906315,8,Sunday
9764,2026-01-25 08:30:57.822560499,0.8302480496826082,8,Sunday
9768,2026-01-25 08:34:20.903620579,3.3994401326583654,8,Sunday
9752,2026-01-25 08:34:46.670052851,5.5274757685217155,8,Sunday
9758,2026-01-25 08:42:33.760549115,2.782976174847332,8,Sunday
9770,2026-01-25 08:44:38.689598778,2.6780487226377643,8,Sunday
9757,2026-01-25 08:45:07.368940101,12.622033892974386,8,Sunday
9767,2026-01-25 08:45:56.894716911,8.029316735749935,8,Sunday
9751,2026-01-25 08:48:45.828177953,12.202444164790936,8,Sunday
9761,2026-01-25 08:51:29.081060009,2.686942393862296,8,Sunday
9754,2026-01-25 08:53:40.852227597,4.257896717429508,8,Sunday
9765,2026-01-25 08:54:36.817917416,3.1689862815051946,8,Sunday
9771,2026-01-25 08:57:56.967927989,7.715768536676299,8,Sunday
9792,2026-01-25 09:03:12.439850339,8.915101120115636,9,Sunday
9778,2026-01-25 09:04:01.436262748,0.40670883887873077,9,Sunday
9775,2026-01-25 09:05:03.168434654,4.432958706863537,9,Sunday
9796,2026-01-25 09:07:52.409826398,1.4501494573741893,9,Sunday
9790,2026-01-25 09:11:34.417477252,1.857566242180055,9,Sunday
9777,2026-01-25 09:12:32.007723276,3.100269944268652,9,Sunday
9773,2026-01-25 09:14:28.403250393,6.051184488523277,9,Sunday
9794,2026-01-25 09:17:17.322895001,0.3259215139612801,9,Sunday
9793,2026-01-25 09:18:30.201166445,1.857710335042494,9,Sunday
9784,2026-01-25 09:24:34.411438500,4.6649246871862,9,Sunday
9787,2026-01-25 09:25:17.622322020,0.3663966153685828,9,Sunday
9800,2026-01-25 09:27:30.289794451,8.165984296775436,9,Sunday
9803,2026-01-25 09:29:57.534533092,5.824355580271623,9,Sunday
9780,2026-01-25 09:29:58.423761365,5.950818212068981,9,Sunday
9779,2026-01-25 09:30:10.562173499,2.2107649529183124,9,Sunday
9776,2026-01-25 09:31:29.605017918,2.009677244235663,9,Sunday
9786,2026-01-25 09:34:37.002873518,5.942271017157999,9,Sunday
9788,2026-01-25 09:35:49.965699069,1.6751661630176375,9,Sunday
9795,2026-01-25 09:37:34.914388371,0.3886627817027696,9,Sunday
9785,2026-01-25 09:37:54.083234015,1.0272622383647463,9,Sunday
9799,2026-01-25 09:39:07.436950866,1.9407104586197725,9,Sunday
9781,2026-01-25 09:42:24.843246032,15.31107333459776,9,Sunday
9783,2026-01-25 09:43:40.049359294,4.056533713122535,9,Sunday
9782,2026-01-25 09:44:41.102494986,16.49285823356025,9,Sunday
9774,2026-01-25 09:47:46.141828883,4.18427895403225,9,Sunday
9798,2026-01-25 09:49:42.785070474,7.44274558501303,9,Sunday
9802,2026-01-25 09:49:50.687596994,3.3950299956710923,9,Sunday
9797,2026-01-25 09:52:56.451402623,0.9801714231347759,9,Sunday
9791,2026-01-25 09:54:20.779544827,0.25566061116900124,9,Sunday
9801,2026-01-25 09:55:58.641751711,0.9548703976308959,9,Sunday
9789,2026-01-25 09:56:50.092356142,5.518576644572396,9,Sunday
9835,2026-01-25 10:01:23.326503697,2.281629322754007,10,Sunday
9830,2026-01-25 10:02:43.476561901,1.2468185786193384,10,Sunday
9809,2026-01-25 10:03:21.197765711,0.2064320123453039,10,Sunday
9829,2026-01-25 10:04:19.295996629,1.0668501451601804,10,Sunday
9808,2026-01-25 10:04:40.417556142,6.165177095955048,10,Sunday
9833,2026-01-25 10:07:51.751952923,2.118987695736376,10,Sunday
9831,2026-01-25 10:08:58.522930488,0.24253014761700872,10,Sunday
9837,2026-01-25 10:11:04.900666179,2.8941153230020475,10,Sunday
9813,2026-01-25 10:11:24.863581711,5.472049520179194,10,Sunday
9805,2026-01-25 10:13:42.690531744,1.3349489309017595,10,Sunday
9810,2026-01-25 10:13:59.888235209,0.2636351507556916,10,Sunday
9816,2026-01-25 10:14:54.807745260,3.8138218172287317,10,Sunday
9812,2026-01-25 10:15:35.566655219,5.136909665407111,10,Sunday
9823,2026-01-25 10:16:20.115693784,0.7918773924621012,10,Sunday
9817,2026-01-25 10:18:02.488272205,0.5572597654083669,10,Sunday
9836,2026-01-25 10:18:56.853778808,7.024772574855682,10,Sunday
9822,2026-01-25 10:22:00.516341119,3.3424293772713876,10,Sunday
9832,2026-01-25 10:23:03.730832643,1.3768734647564385,10,Sunday
9824,2026-01-25 10:27:15.363875529,10.11375421336023,10,Sunday
9826,2026-01-25 10:27:22.678710446,7.639486403849107,10,Sunday
9814,2026-01-25 10:27:31.688335289,2.3251242564861085,10,Sunday
9806,2026-01-25 10:29:37.389136063,1.0766754976207427,10,Sunday
9818,2026-01-25 10:36:48.813497321,7.975193085062546,10,Sunday
9815,2026-01-25 10:36:48.953047569,8.198065407342622,10,Sunday
9811,2026-01-25 10:37:58.876390336,4.68429077314436,10,Sunday
9839,2026-01-25 10:40:10.131617604,18.70541327213122,10,Sunday
9820,2026-01-25 10:40:29.070218777,0.3095701765892559,10,Sunday
9821,2026-01-25 10:46:58.454916904,2.482570442938599,10,Sunday
9825,2026-01-25 10:48:25.678183362,1.6714206755418657,10,Sunday
9827,2026-01-25 10:50:48.211471643,5.558403782035027,10,Sunday
9834,2026-01-25 10:52:14.392119427,8.953159641579227,10,Sunday
9807,2026-01-25 10:53:02.373180260,1.26105254475832,10,Sunday
9840,2026-01-25 10:54:43.308923224,1.3711419559494282,10,Sunday
9804,2026-01-25 10:55:29.357766952,3.4368022171045665,10,Sunday
9838,2026-01-25 10:55:53.541588567,7.682524680017368,10,Sunday
9819,2026-01-25 10:56:44.658319162,15.295254897026343,10,Sunday
9841,2026-01-25 10:58:20.383357117,9.914900559141175,10,Sunday
9828,2026-01-25 10:59:19.579130502,4.557085915482087,10,Sunday
9853,2026-01-25 11:00:51.506963259,9.924953264235205,11,Sunday
9882,2026-01-25 11:03:53.055957875,2.225789606379179,11,Sunday
9845,2026-01-25 11:04:12.126811192,2.0465996679284384,11,Sunday
9874,2026-01-25 11:04:13.035410507,2.300268191017544,11,Sunday
9883,2026-01-25 11:06:47.612852104,0.01805375405098804,11,Sunday
9854,2026-01-25 11:07:05.385498722,11.21015569905744,11,Sunday
9844,2026-01-25 11:13:41.069781990,1.5349709009033174,11,Sunday
9865,2026-01-25 11:14:00.642690935,3.875631649710206,11,Sunday
9863,2026-01-25 11:14:33.616861194,0.8519973468286378,11,Sunday
9852,2026-01-25 11:16:53.888856072,1.2368288255371949,11,Sunday
9858,2026-01-25 11:17:06.703534623,7.370328794840409,11,Sunday
9857,2026-01-25 11:17:42.752403162,8.996813663438283,11,Sunday
9849,2026-01-25 11:19:38.443949036,11.765100113318884,11,Sunday
9887,2026-01-25 11:19:41.085184429,20.966709872123253,11,Sunday
9871,2026-01-25 11:19:59.944134594,0.20478079404865357,11,Sunday
9885,2026-01-25 11:21:14.637102456,6.007791862657893,11,Sunday
9869,2026-01-25 11:22:53.793184737,1.7357073272844927,11,Sunday
9867,2026-01-25 11:23:13.059886263,0.4232122843513446,11,Sunday
9888,2026-01-25 11:24:17.011121201,4.683261714503337,11,Sunday
9843,2026-01-25 11:25:26.218226186,1.5987283234772658,11,Sunday
9872,2026-01-25 11:26:24.477736623,4.702677582662011,11,Sunday
9886,2026-01-25 11:27:51.210598281,0.6880887354958034,11,Sunday
9877,2026-01-25 11:30:28.152052886,8.954523306471796,11,Sunday
9880,2026-01-25 11:31:20.137456304,1.6351321061261206,11,Sunday
9864,2026-01-25 11:31:32.692490742,6.1675630761025975,11,Sunday
9846,2026-01-25 11:32:07.866112058,9.265817919497414,11,Sunday
9876,2026-01-25 11:34:24.980830045,3.856956529802002,11,Sunday
9890,2026-01-25 11:35:36.514319475,2.4081084323017423,11,Sunday
9884,2026-01-25 11:35:48.437628051,7.608994677873662,11,Sunday
9862,2026-01-25 11:36:20.083237310,1.9722663870567383,11,Sunday
9873,2026-01-25 11:36:55.758309633,6.316344374646523,11,Sunday
9842,2026-01-25 11:39:05.709248164,7.72948063829491,11,Sunday
9848,2026-01-25 11:44:16.950498051,1.308001094786242,11,Sunday
9851,2026-01-25 11:46:08.342400635,1.286392216797778,11,Sunday
9861,2026-01-25 11:46:44.894124471,12.126535493707213,11,Sunday
9859,2026-01-25 11:47:34.313953568,8.407788334947991,11,Sunday
9866,2026-01-25 11:48:28.841112348,9.640844212669524,11,Sunday
9889,2026-01-25 11:49:21.526849726,3.4735368945893788,11,Sunday
9870,2026-01-25 11:49:26.937858719,5.318962967015056,11,Sunday
9850,2026-01-25 11:49:37.937280312,5.106818056783551,11,Sunday
9868,2026-01-25 11:50:01.309981178,9.279647201460882,11,Sunday
9856,2026-01-25 11:50:11.626927097,2.728037452617385,11,Sunday
9878,2026-01-25 11:50:21.818296031,1.9544641934742393,11,Sunday
9879,2026-01-25 11:51:56.745827628,1.4548995050533153,11,Sunday
9855,2026-01-25 11:52:38.302285123,1.4794522860168922,11,Sunday
9881,2026-01-25 11:55:38.144372857,14.892621214873694,11,Sunday
9860,2026-01-25 11:56:15.854891623,3.6531881416254097,11,Sunday
9875,2026-01-25 11:56:53.545422535,1.212974447644267,11,Sunday
9847,2026-01-25 11:59:25.173940296,0.138334366192488,11,Sunday
9891,2026-01-25 11:59:50.440377420,11.446999779242137,11,Sunday
9934,2026-01-25 12:00:09.078342130,3.6173998109807,12,Sunday
9903,2026-01-25 12:02:01.428386847,2.8648093847789595,12,Sunday
9909,2026-01-25 12:03:46.720468751,2.1470279056508055,12,Sunday
9936,2026-01-25 12:06:41.648372585,0.3597198151191746,12,Sunday
9913,2026-01-25 12:06:45.974010560,2.779679835927908,12,Sunday
9892,2026-01-25 12:07:20.678904071,4.873483711695812,12,Sunday
9930,2026-01-25 12:08:02.138975396,4.520787328090153,12,Sunday
9896,2026-01-25 12:13:06.493551670,12.629629381036363,12,Sunday
9925,2026-01-25 12:15:08.305706731,14.798236687950352,12,Sunday
9918,2026-01-25 12:16:14.509851319,1.2660345773013761,12,Sunday
9907,2026-01-25 12:16:54.309282030,4.878492634001247,12,Sunday
9916,2026-01-25 12:16:58.540544698,6.127330868959058,12,Sunday
9948,2026-01-25 12:17:42.453758421,1.0635122337496536,12,Sunday
9947,2026-01-25 12:18:01.906378981,0.2730708127675286,12,Sunday
9927,2026-01-25 12:18:13.995244694,1.9388805154802071,12,Sunday
9944,2026-01-25 12:18:30.079581224,1.7586817185871362,12,Sunday
9928,2026-01-25 12:19:25.407231552,2.6044283949840956,12,Sunday
9901,2026-01-25 12:20:55.646118715,9.902742477109054,12,Sunday
9917,2026-01-25 12:21:00.774468473,2.6981425693103307,12,Sunday
9899,2026-01-25 12:21:28.398710612,0.11535889527914248,12,Sunday
9949,2026-01-25 12:21:40.095061580,1.558079193487277,12,Sunday
9935,2026-01-25 12:22:30.212198807,0.21463453765949386,12,Sunday
9912,2026-01-25 12:23:06.362444185,2.7391670367412106,12,Sunday
9937,2026-01-25 12:24:58.275579361,0.037239876587038284,12,Sunday
9924,2026-01-25 12:25:23.179732594,7.897908066710622,12,Sunday
9940,2026-01-25 12:25:54.930436845,3.1608378253558693,12,Sunday
9939,2026-01-25 12:26:19.361575981,2.6245099970501453,12,Sunday
9908,2026-01-25 12:26:29.036727889,6.67337616040812,12,Sunday
9922,2026-01-25 12:27:37.371151533,4.89110914308854,12,Sunday
9933,2026-01-25 12:30:42.461979391,3.8396226170602854,12,Sunday
9915,2026-01-25 12:31:48.788572155,4.294883725960374,12,Sunday
9904,2026-01-25 12:33:04.192565305,0.6253624679955389,12,Sunday
9941,2026-01-25 12:33:24.442116907,9.334148597178313,12,Sunday
9946,2026-01-25 12:33:57.361495291,0.9065901587054536,12,Sunday
9911,2026-01-25 12:34:06.859751304,6.176665417814119,12,Sunday
9942,2026-01-25 12:34:54.086105091,4.698389336543476,12,Sunday
9894,2026-01-25 12:35:43.977409461,12.649534409509664,12,Sunday
9919,2026-01-25 12:36:06.515311885,6.428794593038047,12,Sunday
9895,2026-01-25 12:36:32.638209316,4.2773022346027,12,Sunday
9897,2026-01-25 12:39:04.206200857,0.23757776669583924,12,Sunday
9902,2026-01-25 12:45:29.298461433,0.18648334894146518,12,Sunday
9893,2026-01-25 12:45:32.828744103,1.3120975838090243,12,Sunday
9931,2026-01-25 12:45:37.922356834,3.9694191658031235,12,Sunday
9898,2026-01-25 12:45:55.650410088,2.0973995700485517,12,Sunday
9938,2026-01-25 12:47:24.096341912,12.223291503991724,12,Sunday
9900,2026-01-25 12:48:04.849718262,1.5890009524122752,12,Sunday
9945,2026-01-25 12:49:18.016551724,8.976078392958685,12,Sunday
9923,2026-01-25 12:49:35.397704283,1.167772703301529,12,Sunday
9943,2026-01-25 12:51:22.666711676,4.70165698889411,12,Sunday
9921,2026-01-25 12:51:24.097691975,3.479182772679768,12,Sunday
9910,2026-01-25 12:52:24.028707376,14.447653109663861,12,Sunday
9920,2026-01-25 12:55:47.868872809,4.680219896750385,12,Sunday
9932,2026-01-25 12:56:08.925930537,13.062016358211523,12,Sunday
9914,2026-01-25 12:56:48.362227788,12.547073340597503,12,Sunday
9905,2026-01-25 12:58:10.295618303,2.6964740912135214,12,Sunday
9906,2026-01-25 12:58:52.480562456,9.127147508805587,12,Sunday
9926,2026-01-25 12:59:00.294414959,11.086770607617071,12,Sunday
9929,2026-01-25 12:59:22.894324031,8.261787083181051,12,Sunday
10003,2026-01-25 13:01:31.049072362,7.898612263864414,13,Sunday
9979,2026-01-25 13:03:07.307449019,6.921392081747091,13,Sunday
9969,2026-01-25 13:03:48.418419155,3.4262403978911222,13,Sunday
10008,2026-01-25 13:03:52.245398656,2.246725051080897,13,Sunday
9998,2026-01-25 13:04:06.610667167,0.5346317393202816,13,Sunday
9997,2026-01-25 13:05:04.164375281,5.753437337839202,13,Sunday
9987,2026-01-25 13:05:16.282263575,0.174433298814067,13,Sunday
9952,2026-01-25 13:05:28.075823641,25.951961989804722,13,Sunday
9977,2026-01-25 13:06:57.124779088,2.0279605917132377,13,Sunday
9971,2026-01-25 13:07:06.700903752,4.361480248853249,13,Sunday
9967,2026-01-25 13:07:42.226218488,21.17227300990568,13,Sunday
9975,2026-01-25 13:08:08.293925474,5.451581513746935,13,Sunday
9962,2026-01-25 13:08:49.633242243,0.7104497980127623,13,Sunday
9953,2026-01-25 13:08:49.928859952,5.279320855002426,13,Sunday
10013,2026-01-25 13:11:06.776585342,4.5341338677226215,13,Sunday
9978,2026-01-25 13:12:00.777589504,0.08977561398595041,13,Sunday
9984,2026-01-25 13:12:02.102508299,4.457510698426553,13,Sunday
10014,2026-01-25 13:12:22.100105557,14.269546173422212,13,Sunday
9950,2026-01-25 13:13:04.168514383,0.9858590315276794,13,Sunday
9995,2026-01-25 13:13:46.720840764,7.409763970777101,13,Sunday
10015,2026-01-25 13:15:03.622243587,4.700457647763586,13,Sunday
9972,2026-01-25 13:15:30.689058761,2.7230655517318474,13,Sunday
10005,2026-01-25 13:17:22.905674155,4.277799820255343,13,Sunday
9991,2026-01-25 13:19:04.823109819,3.2897033261748696,13,Sunday
9992,2026-01-25 13:20:19.834625698,0.22952582998676416,13,Sunday
9985,2026-01-25 13:20:38.017835708,7.488755143029678,13,Sunday
9968,2026-01-25 13:21:34.155841867,13.800888637402986,13,Sunday
9976,2026-01-25 13:23:03.229936941,0.3677661498749793,13,Sunday
9964,2026-01-25 13:23:09.844560426,8.544865317929688,13,Sunday
10002,2026-01-25 13:24:17.804810875,3.8971089735277915,13,Sunday
10010,2026-01-25 13:25:34.750800495,6.225865547357739,13,Sunday
10006,2026-01-25 13:25:58.609636303,5.706929813675192,13,Sunday
9980,2026-01-25 13:26:17.618980376,5.117866406400914,13,Sunday
9965,2026-01-25 13:26:33.133976798,0.6671081054034371,13,Sunday
9974,2026-01-25 13:28:57.756166460,2.7554299358631305,13,Sunday
9989,2026-01-25 13:29:01.284094553,12.532797259953327,13,Sunday
10009,2026-01-25 13:29:09.534424430,1.8863572898647867,13,Sunday
10007,2026-01-25 13:29:18.490136099,2.0748909950937593,13,Sunday
9954,2026-01-25 13:30:31.757214567,4.665678401029877,13,Sunday
9966,2026-01-25 13:31:24.962063013,18.831280167928583,13,Sunday
9963,2026-01-25 13:32:37.460242190,7.253380209186357,13,Sunday
9982,2026-01-25 13:35:09.489043319,16.724684464460214,13,Sunday
9999,2026-01-25 13:35:43.815175029,0.713306263486005,13,Sunday
10004,2026-01-25 13:36:10.426822007,4.713317322705862,13,Sunday
9983,2026-01-25 13:36:22.843099744,0.11440674986296714,13,Sunday
9961,2026-01-25 13:37:22.148122289,7.351037244817395,13,Sunday
9960,2026-01-25 13:37:30.082796153,1.7138636843159523,13,Sunday
10012,2026-01-25 13:38:44.397280364,0.06555426581159471,13,Sunday
9958,2026-01-25 13:39:01.724635001,17.36914266261512,13,Sunday
9959,2026-01-25 13:40:32.933519097,3.4336011445266608,13,Sunday
9951,2026-01-25 13:40:35.969896181,5.3532329922523525,13,Sunday
10011,2026-01-25 13:42:45.159355031,0.8815403843351811,13,Sunday
10000,2026-01-25 13:43:21.866763977,0.7524297944245002,13,Sunday
9993,2026-01-25 13:45:05.777525963,4.127158383100174,13,Sunday
9994,2026-01-25 13:47:05.986224211,2.6329044584586727,13,Sunday
9981,2026-01-25 13:48:23.890038210,0.3236107417238923,13,Sunday
9990,2026-01-25 13:50:13.730752770,4.1207274710339385,13,Sunday
9986,2026-01-25 13:50:42.871573826,7.753400172318415,13,Sunday
9988,2026-01-25 13:51:28.550353206,11.844432910390639,13,Sunday
9956,2026-01-25 13:51:34.443319720,1.8740509820786273,13,Sunday
9973,2026-01-25 13:53:28.654536132,1.1530357031456282,13,Sunday
9955,2026-01-25 13:55:18.824889275,2.637553013395517,13,Sunday
10001,2026-01-25 13:57:39.190065209,0.23297175760638614,13,Sunday
9957,2026-01-25 13:58:07.512392794,12.099739910611174,13,Sunday
9996,2026-01-25 13:58:22.336769358,2.5865963671145753,13,Sunday
9970,2026-01-25 13:58:46.805269520,1.4123062387060779,13,Sunday
10044,2026-01-25 14:00:59.481827231,1.6923811116765957,14,Sunday
10063,2026-01-25 14:01:44.715426920,9.325278354005567,14,Sunday
10080,2026-01-25 14:03:05.769155192,11.538766750438427,14,Sunday
10032,2026-01-25 14:05:08.320797146,3.862001134779228,14,Sunday
10077,2026-01-25 14:05:35.561294789,7.453037343777352,14,Sunday
10081,2026-01-25 14:07:08.739588672,4.010869109012497,14,Sunday
10053,2026-01-25 14:07:13.175966631,3.2520226458688133,14,Sunday
10072,2026-01-25 14:08:03.730610011,1.9957014926175392,14,Sunday
10045,2026-01-25 14:08:46.156856187,9.41774822361976,14,Sunday
10033,2026-01-25 14:10:43.074167256,1.2179133995858822,14,Sunday
10082,2026-01-25 14:11:35.394760038,1.474522955224151,14,Sunday
10021,2026-01-25 14:13:25.412637011,4.841909749477149,14,Sunday
10019,2026-01-25 14:13:29.033919018,0.05113560885700208,14,Sunday
10054,2026-01-25 14:17:37.488485852,3.9229840526542943,14,Sunday
10039,2026-01-25 14:18:56.155807028,4.888268354847756,14,Sunday
10078,2026-01-25 14:20:03.061832551,2.975709607987903,14,Sunday
10020,2026-01-25 14:20:10.069729739,5.9475190249528005,14,Sunday
10024,2026-01-25 14:20:42.745563007,1.167660512610996,14,Sunday
10079,2026-01-25 14:21:03.431969018,3.7864877632907175,14,Sunday
10075,2026-01-25 14:21:04.096128944,7.070727172135561,14,Sunday
10048,2026-01-25 14:21:51.100924650,0.6671078808397259,14,Sunday
10025,2026-01-25 14:22:28.080800869,6.37054974561321,14,Sunday
10062,2026-01-25 14:23:21.888753176,14.719354350528546,14,Sunday
10073,2026-01-25 14:23:28.385394149,2.6124147226473884,14,Sunday
10042,2026-01-25 14:23:34.584460142,2.563046990870009,14,Sunday
10052,2026-01-25 14:23:53.337422163,2.560259002014344,14,Sunday
10034,2026-01-25 14:24:15.754322578,1.8553184881972409,14,Sunday
10056,2026-01-25 14:26:14.507026266,3.701627236128404,14,Sunday
10022,2026-01-25 14:27:07.822640125,5.177937623537474,14,Sunday
10057,2026-01-25 14:28:18.622069841,3.556602818909674,14,Sunday
10030,2026-01-25 14:29:25.896253291,0.9202564267979831,14,Sunday
10035,2026-01-25 14:29:41.420644151,17.00403798735078,14,Sunday
10016,2026-01-25 14:29:50.771952682,9.095106314107769,14,Sunday
10058,2026-01-25 14:29:54.952916629,1.9002885177211137,14,Sunday
10049,2026-01-25 14:30:02.399904801,2.5945589273556746,14,Sunday
10027,2026-01-25 14:30:55.347590680,0.7459902275356428,14,Sunday
10028,2026-01-25 14:32:07.616398730,3.3357349496481605,14,Sunday
10071,2026-01-25 14:36:01.966460403,10.669063776437559,14,Sunday
10060,2026-01-25 14:36:14.141823787,3.944339615697383,14,Sunday
10051,2026-01-25 14:37:53.681194124,1.5910458961677354,14,Sunday
10047,2026-01-25 14:38:44.065092743,2.287444051974104,14,Sunday
10031,2026-01-25 14:40:53.607124665,6.627413508592125,14,Sunday
10069,2026-01-25 14:41:04.545780418,19.768545223790145,14,Sunday
10041,2026-01-25 14:41:21.627112834,0.4044885670821357,14,Sunday
10061,2026-01-25 14:41:37.237331226,2.0193547878072025,14,Sunday
10043,2026-01-25 14:42:06.029701145,4.50677357305148,14,Sunday
10017,2026-01-25 14:43:06.212646421,0.3275055343853466,14,Sunday
10068,2026-01-25 14:48:54.870987850,5.443079749928189,14,Sunday
10018,2026-01-25 14:49:26.774845878,1.7741040434402402,14,Sunday
10046,2026-01-25 14:49:46.868561602,0.8190703637256108,14,Sunday
10070,2026-01-25 14:50:40.235705762,4.927066453098653,14,Sunday
10038,2026-01-25 14:51:04.309514923,3.0810427083802834,14,Sunday
10026,2026-01-25 14:51:37.322044818,8.333160618886378,14,Sunday
10029,2026-01-25 14:51:38.884331995,1.429855564749677,14,Sunday
10076,2026-01-25 14:52:04.180489432,19.925743553717375,14,Sunday
10059,2026-01-25 14:53:02.774482613,8.865679762179346,14,Sunday
10023,2026-01-25 14:53:06.232383300,2.3450828604517886,14,Sunday
10050,2026-01-25 14:54:18.511738724,0.20234624711827187,14,Sunday
10064,2026-01-25 14:55:51.502491274,20.25292416229222,14,Sunday
10067,2026-01-25 14:56:37.273511928,1.648500761923024,14,Sunday
10065,2026-01-25 14:56:56.859651299,5.8920755885622125,14,Sunday
10066,2026-01-25 14:56:56.950992052,2.3758680972662463,14,Sunday
10040,2026-01-25 14:57:50.501846996,2.364180105049551,14,Sunday
10036,2026-01-25 14:57:56.641324450,9.441778012964111,14,Sunday
10037,2026-01-25 14:58:14.345878972,10.599099126318762,14,Sunday
10074,2026-01-25 14:58:16.661683102,11.836964363324388,14,Sunday
10055,2026-01-25 14:58:42.024838067,1.6078569471489044,14,Sunday
10106,2026-01-25 15:02:12.288755844,6.218199153062304,15,Sunday
10093,2026-01-25 15:02:17.750921961,1.3423185074427386,15,Sunday
10083,2026-01-25 15:05:48.191400784,0.8844732174634186,15,Sunday
10085,2026-01-25 15:06:33.674160077,12.117808809773724,15,Sunday
10116,2026-01-25 15:11:10.561856326,1.2344967599949488,15,Sunday
10092,2026-01-25 15:12:34.086354498,2.2335744059772717,15,Sunday
10108,2026-01-25 15:12:47.242080380,11.226006163008034,15,Sunday
10096,2026-01-25 15:13:55.141813442,5.084363683833455,15,Sunday
10107,2026-01-25 15:15:37.566840324,13.835260892177248,15,Sunday
10121,2026-01-25 15:17:31.851597904,1.8931375004361426,15,Sunday
10115,2026-01-25 15:18:42.350585947,7.589187368939481,15,Sunday
10103,2026-01-25 15:20:05.550994078,24.78428923512964,15,Sunday
10090,2026-01-25 15:20:30.772759402,3.1710804146179505,15,Sunday
10117,2026-01-25 15:24:11.915596774,10.250875492784058,15,Sunday
10086,2026-01-25 15:24:17.703768127,9.245543237896856,15,Sunday
10102,2026-01-25 15:26:56.898733720,9.245688794184066,15,Sunday
10105,2026-01-25 15:27:09.196783014,3.0226590504779733,15,Sunday
10088,2026-01-25 15:28:03.253301807,2.3667113727034765,15,Sunday
10118,2026-01-25 15:28:14.877893768,0.2721319070213871,15,Sunday
10101,2026-01-25 15:28:18.748512376,0.6140188224039043,15,Sunday
10098,2026-01-25 15:30:08.208465366,0.7827359816041858,15,Sunday
10100,2026-01-25 15:30:18.103576993,4.789427975068097,15,Sunday
10123,2026-01-25 15:30:20.994973700,7.624697924763513,15,Sunday
10104,2026-01-25 15:32:01.325389835,2.2812783132055,15,Sunday
10120,2026-01-25 15:33:35.785580532,4.783206112196632,15,Sunday
10110,2026-01-25 15:35:55.931918016,0.9260594643097003,15,Sunday
10113,2026-01-25 15:38:38.541381095,0.7148423045574402,15,Sunday
10122,2026-01-25 15:44:33.483418323,6.381508820825874,15,Sunday
10084,2026-01-25 15:44:37.545627310,4.299785782996847,15,Sunday
10095,2026-01-25 15:45:07.929777421,8.61739386921535,15,Sunday
10111,2026-01-25 15:45:49.259161619,7.024271654752843,15,Sunday
10087,2026-01-25 15:48:16.640789545,4.419238385784895,15,Sunday
10089,2026-01-25 15:50:31.255870986,0.45498062452882515,15,Sunday
10109,2026-01-25 15:52:02.768168355,0.2965839772050244,15,Sunday
10094,2026-01-25 15:52:20.735554765,13.395835752463894,15,Sunday
10119,2026-01-25 15:53:43.301554269,7.620777512378021,15,Sunday
10099,2026-01-25 15:57:03.835584518,0.5447212671076604,15,Sunday
10112,2026-01-25 15:57:24.573735897,5.838093608899429,15,Sunday
10091,2026-01-25 15:57:27.490658394,6.97323448373735,15,Sunday
10114,2026-01-25 15:58:57.395969057,3.4864244655054426,15,Sunday
10097,2026-01-25 15:59:05.069785692,0.7354478474409042,15,Sunday
10138,2026-01-25 16:00:09.903583994,0.2084532404999947,16,Sunday
10128,2026-01-25 16:00:11.402330898,1.7605422205839778,16,Sunday
10147,2026-01-25 16:03:14.301477183,2.960551281023047,16,Sunday
10140,2026-01-25 16:08:19.645700463,12.546396681345751,16,Sunday
10131,2026-01-25 16:10:41.855741891,14.111476732437534,16,Sunday
10160,2026-01-25 16:12:31.321498110,0.0685383477319612,16,Sunday
10145,2026-01-25 16:12:34.667596624,5.833415225107147,16,Sunday
10153,2026-01-25 16:16:54.663450670,11.349911414374727,16,Sunday
10129,2026-01-25 16:16:55.601781972,29.17209359103587,16,Sunday
10143,2026-01-25 16:18:06.327206100,3.1379154830938907,16,Sunday
10151,2026-01-25 16:18:09.380235271,0.46922612199773256,16,Sunday
10162,2026-01-25 16:20:04.176002441,13.462797214685128,16,Sunday
10163,2026-01-25 16:20:38.449349776,1.8123533167163053,16,Sunday
10139,2026-01-25 16:21:56.521908702,17.443355261762882,16,Sunday
10161,2026-01-25 16:24:20.146357568,1.9651196788777128,16,Sunday
10136,2026-01-25 16:27:03.190289274,1.5033330770036721,16,Sunday
10144,2026-01-25 16:28:04.196421738,10.693825642290054,16,Sunday
10134,2026-01-25 16:28:40.378780675,3.8031995750992245,16,Sunday
10142,2026-01-25 16:28:44.497052312,3.6223889721365676,16,Sunday
10149,2026-01-25 16:30:40.891639440,16.01195822835355,16,Sunday
10126,2026-01-25 16:31:30.741850045,0.19418603377185858,16,Sunday
10157,2026-01-25 16:32:10.787371029,4.143266008099954,16,Sunday
10130,2026-01-25 16:32:17.798062361,15.41634406951998,16,Sunday
10137,2026-01-25 16:33:31.150842948,4.720259785121644,16,Sunday
10154,2026-01-25 16:35:19.960789705,10.268443570226005,16,Sunday
10125,2026-01-25 16:36:09.418596964,4.388511276268617,16,Sunday
10150,2026-01-25 16:37:08.207386099,0.963744124536809,16,Sunday
10133,2026-01-25 16:38:51.342423406,1.2462399564176865,16,Sunday
10124,2026-01-25 16:41:09.660249527,7.145099985412102,16,Sunday
10141,2026-01-25 16:41:22.879250384,2.396372937657954,16,Sunday
10159,2026-01-25 16:42:04.931502237,4.5296590673321795,16,Sunday
10135,2026-01-25 16:48:52.926332639,1.2699640894197384,16,Sunday
10148,2026-01-25 16:51:55.501327066,2.8015324193139173,16,Sunday
10156,2026-01-25 16:52:51.939826980,5.390291310913052,16,Sunday
10127,2026-01-25 16:53:25.499306958,10.496118978877576,16,Sunday
10132,2026-01-25 16:54:28.319521437,8.333418228595413,16,Sunday
10146,2026-01-25 16:55:30.311876950,1.6294211713320577,16,Sunday
10152,2026-01-25 16:58:00.111420459,10.627169068802505,16,Sunday
10158,2026-01-25 16:59:25.348282681,0.3598856680030029,16,Sunday
10155,2026-01-25 16:59:36.300138385,3.576727916558972,16,Sunday
10169,2026-01-26 08:02:24.865517798,3.4284748672231964,8,Monday
10181,2026-01-26 08:06:21.143720061,2.59720009307646,8,Monday
10185,2026-01-26 08:08:50.942309054,4.959413514149972,8,Monday
10176,2026-01-26 08:10:33.389876921,5.964611560428522,8,Monday
10171,2026-01-26 08:11:46.708079623,5.850662845973961,8,Monday
10182,2026-01-26 08:13:19.329262933,0.19530118450696415,8,Monday
10179,2026-01-26 08:14:38.904427301,12.750597911792896,8,Monday
10178,2026-01-26 08:14:43.862605758,1.9454139130106365,8,Monday
10164,2026-01-26 08:18:52.424065661,0.5945379559698859,8,Monday
10173,2026-01-26 08:24:03.107446150,4.083453845622864,8,Monday
10192,2026-01-26 08:26:01.032307125,0.8412649097126539,8,Monday
10167,2026-01-26 08:30:04.995964817,6.67345687336928,8,Monday
10183,2026-01-26 08:30:13.239264315,0.24856413515281714,8,Monday
10186,2026-01-26 08:32:51.605644244,4.387690008040871,8,Monday
10165,2026-01-26 08:37:42.266987178,6.184842668559563,8,Monday
10191,2026-01-26 08:39:10.182233599,2.227401608218786,8,Monday
10175,2026-01-26 08:40:17.995979293,14.253889738001014,8,Monday
10187,2026-01-26 08:42:40.466130490,5.023257643842724,8,Monday
10166,2026-01-26 08:45:41.857102041,24.62502117343112,8,Monday
10190,2026-01-26 08:47:04.703692088,0.5551360117248965,8,Monday
10180,2026-01-26 08:48:51.044027894,10.923351961466569,8,Monday
10184,2026-01-26 08:49:49.717303271,1.6698049985174204,8,Monday
10174,2026-01-26 08:49:57.925401135,1.2638939243594358,8,Monday
10188,2026-01-26 08:51:38.142808977,6.3165439119668685,8,Monday
10168,2026-01-26 08:52:55.616473898,0.08426149704647726,8,Monday
10172,2026-01-26 08:53:03.259482304,6.359934981535237,8,Monday
10177,2026-01-26 08:55:04.971251573,1.3514380971726747,8,Monday
10170,2026-01-26 08:55:19.901419083,4.76797263971539,8,Monday
10189,2026-01-26 08:56:08.036016727,0.09607849118668006,8,Monday
10200,2026-01-26 09:10:59.396356177,6.293181737774944,9,Monday
10201,2026-01-26 09:12:52.177947801,3.29735445033763,9,Monday
10198,2026-01-26 09:16:18.403587149,13.046494193708586,9,Monday
10202,2026-01-26 09:17:20.118594537,4.92825268701057,9,Monday
10211,2026-01-26 09:18:59.582878119,11.51125173494825,9,Monday
10207,2026-01-26 09:31:12.225270664,12.021811399198665,9,Monday
10206,2026-01-26 09:37:44.607354814,1.447211227414602,9,Monday
10196,2026-01-26 09:39:57.083558608,14.587181110082062,9,Monday
10209,2026-01-26 09:41:44.242090289,2.3229324368539763,9,Monday
10197,2026-01-26 09:44:07.243158531,3.5410437398812675,9,Monday
10194,2026-01-26 09:45:09.455966763,9.64561993570207,9,Monday
10205,2026-01-26 09:47:41.617498943,5.889988776335588,9,Monday
10193,2026-01-26 09:48:55.211318967,2.030637579280454,9,Monday
10195,2026-01-26 09:49:01.343202993,0.8117413119893669,9,Monday
10210,2026-01-26 09:56:41.028461973,0.5386148426012187,9,Monday
10208,2026-01-26 09:58:14.235044472,1.740910822043892,9,Monday
10203,2026-01-26 09:58:31.196748383,3.509653143134021,9,Monday
10204,2026-01-26 09:59:17.838921674,17.073787130257184,9,Monday
10199,2026-01-26 09:59:34.828930622,2.053339008834651,9,Monday
10225,2026-01-26 10:02:00.037312292,9.361431971830601,10,Monday
10223,2026-01-26 10:02:02.752302000,3.713869521689897,10,Monday
10240,2026-01-26 10:02:35.103178164,1.381209724857525,10,Monday
10235,2026-01-26 10:04:24.629796489,1.5633452619339507,10,Monday
10239,2026-01-26 10:04:29.128248198,7.202483006046652,10,Monday
10217,2026-01-26 10:04:42.640385558,4.927267464253775,10,Monday
10214,2026-01-26 10:08:27.884117469,0.3732575687435191,10,Monday
10227,2026-01-26 10:09:03.473975269,2.521500257811309,10,Monday
10241,2026-01-26 10:09:23.582429740,6.13737037440516,10,Monday
10236,2026-01-26 10:11:29.738284450,1.0601062111149742,10,Monday
10229,2026-01-26 10:18:49.179273032,1.4908557613225504,10,Monday
10231,2026-01-26 10:25:43.502668673,1.8482712930089855,10,Monday
10230,2026-01-26 10:27:14.736760575,5.853522395280443,10,Monday
10226,2026-01-26 10:27:19.079451890,8.525286475461579,10,Monday
10233,2026-01-26 10:28:52.119695265,1.2255726787599732,10,Monday
10221,2026-01-26 10:29:34.275620057,2.085493598484702,10,Monday
10219,2026-01-26 10:32:50.712186743,0.6631064285661359,10,Monday
10237,2026-01-26 10:33:05.523298726,3.5492946329687234,10,Monday
10242,2026-01-26 10:38:28.151263896,4.319332596866132,10,Monday
10220,2026-01-26 10:40:09.110817763,14.39461157740832,10,Monday
10222,2026-01-26 10:41:52.091105659,6.244306302839464,10,Monday
10224,2026-01-26 10:45:45.744203603,1.2600183444232185,10,Monday
10215,2026-01-26 10:46:09.568214053,1.0933558791501115,10,Monday
10232,2026-01-26 10:46:21.007076464,9.292020533593849,10,Monday
10234,2026-01-26 10:47:20.250006037,0.0745704348948185,10,Monday
10213,2026-01-26 10:48:19.896704658,8.730653754909953,10,Monday
10228,2026-01-26 10:49:24.867398464,4.441038703320431,10,Monday
10218,2026-01-26 10:49:30.773981656,5.778655068326458,10,Monday
10216,2026-01-26 10:54:46.919152993,1.7835633337146826,10,Monday
10212,2026-01-26 10:55:12.945352781,2.54574279304986,10,Monday
10238,2026-01-26 10:56:49.517969109,1.1389170670815687,10,Monday
10292,2026-01-26 11:00:35.977589490,5.796379835445337,11,Monday
10272,2026-01-26 11:01:10.305409068,2.9023429180979936,11,Monday
10246,2026-01-26 11:01:24.159271423,5.447999951080282,11,Monday
10269,2026-01-26 11:02:31.659853030,6.705173083830848,11,Monday
10294,2026-01-26 11:03:27.096421372,1.2665486033151119,11,Monday
10298,2026-01-26 11:03:30.525349017,28.756650641795428,11,Monday
10275,2026-01-26 11:03:39.985482488,0.9684562874918625,11,Monday
10282,2026-01-26 11:04:21.055786815,0.7602281911569485,11,Monday
10270,2026-01-26 11:04:21.399069345,14.819659178049381,11,Monday
10267,2026-01-26 11:07:58.302294339,7.886210637722738,11,Monday
10288,2026-01-26 11:11:40.136030629,18.31773515628051,11,Monday
10289,2026-01-26 11:12:00.175079353,1.581058964380363,11,Monday
10248,2026-01-26 11:13:04.793895798,0.8826636895288491,11,Monday
10271,2026-01-26 11:14:36.179805338,0.06919577788835195,11,Monday
10273,2026-01-26 11:14:43.478131514,5.217368569183022,11,Monday
10268,2026-01-26 11:15:10.913556715,1.192418403228874,11,Monday
10259,2026-01-26 11:16:43.420956007,4.913130497052201,11,Monday
10279,2026-01-26 11:18:19.575008261,0.10368012361410434,11,Monday
10265,2026-01-26 11:18:56.993382551,9.370909817754697,11,Monday
10256,2026-01-26 11:19:11.353032483,2.748756045102942,11,Monday
10281,2026-01-26 11:19:46.727388291,0.41530362521212605,11,Monday
10264,2026-01-26 11:21:06.544495512,8.933631884254279,11,Monday
10260,2026-01-26 11:22:47.244941320,2.647975347510606,11,Monday
10243,2026-01-26 11:23:11.243090402,4.383394472521788,11,Monday
10299,2026-01-26 11:25:06.973022582,0.1711139950250297,11,Monday
10276,2026-01-26 11:26:12.252040060,17.910589145289034,11,Monday
10257,2026-01-26 11:26:17.162479647,8.106135639292383,11,Monday
10285,2026-01-26 11:27:57.358019883,5.805957549917227,11,Monday
10250,2026-01-26 11:27:59.209523132,12.191587298181501,11,Monday
10290,2026-01-26 11:28:10.490532066,6.070597484006017,11,Monday
10258,2026-01-26 11:28:13.488513761,1.654935016520239,11,Monday
10295,2026-01-26 11:28:41.599613579,3.829989566449019,11,Monday
10247,2026-01-26 11:32:16.492920711,3.6869396095252522,11,Monday
10252,2026-01-26 11:33:03.463997107,5.144970892220168,11,Monday
10254,2026-01-26 11:33:07.869992165,0.032351652394837935,11,Monday
10249,2026-01-26 11:33:28.354737127,3.8311635447114916,11,Monday
10251,2026-01-26 11:34:32.766893588,0.07855174286688373,11,Monday
10262,2026-01-26 11:34:48.675947896,3.610276249983517,11,Monday
10261,2026-01-26 11:35:54.647086080,1.3350317592913286,11,Monday
10266,2026-01-26 11:36:41.824377914,2.0666634769952257,11,Monday
10263,2026-01-26 11:38:11.167240464,7.984200258120326,11,Monday
10296,2026-01-26 11:38:16.342199064,4.133653942504949,11,Monday
10274,2026-01-26 11:39:17.914763023,6.049548136977392,11,Monday
10286,2026-01-26 11:39:58.955487092,2.500368275047033,11,Monday
10287,2026-01-26 11:40:16.421080284,7.4338600639652075,11,Monday
10297,2026-01-26 11:41:12.333361496,6.022023862319578,11,Monday
10244,2026-01-26 11:45:11.796217672,0.34163798543741436,11,Monday
10293,2026-01-26 11:46:57.020289417,5.714537455306072,11,Monday
10278,2026-01-26 11:47:28.625384131,0.8976708332587666,11,Monday
10255,2026-01-26 11:50:46.435517249,0.8164460637466486,11,Monday
10284,2026-01-26 11:52:12.081097881,4.625465590391332,11,Monday
10291,2026-01-26 11:54:41.663304495,13.188097486619508,11,Monday
10277,2026-01-26 11:54:47.191632910,4.776007249027251,11,Monday
10280,2026-01-26 11:55:29.299725089,7.645380865739174,11,Monday
10245,2026-01-26 11:57:24.031933486,0.7256754600424186,11,Monday
10253,2026-01-26 11:57:36.385341006,0.3825180757255996,11,Monday
10283,2026-01-26 11:59:38.601444365,4.276331266004949,11,Monday
10325,2026-01-26 12:00:42.129456519,5.852294541053711,12,Monday
10338,2026-01-26 12:01:17.906483908,0.8919352743266824,12,Monday
10347,2026-01-26 12:01:41.485135787,3.5780305900767813,12,Monday
10314,2026-01-26 12:02:57.403500104,15.3775553667252,12,Monday
10320,2026-01-26 12:03:49.828964360,0.49625097086946,12,Monday
10337,2026-01-26 12:05:12.496465372,1.0237349386177794,12,Monday
10343,2026-01-26 12:05:25.871632617,1.422183833367445,12,Monday
10310,2026-01-26 12:07:26.068910149,6.94726023591566,12,Monday
10301,2026-01-26 12:08:10.873662398,6.12091853741907,12,Monday
10318,2026-01-26 12:09:14.618857429,5.213792614293559,12,Monday
10323,2026-01-26 12:09:39.259022268,6.462483546437547,12,Monday
10311,2026-01-26 12:10:15.133561818,9.522517411874597,12,Monday
10346,2026-01-26 12:10:21.114122473,1.6024563121710342,12,Monday
10333,2026-01-26 12:11:25.156403361,3.454988445457085,12,Monday
10342,2026-01-26 12:12:47.645515603,3.860515071619276,12,Monday
10305,2026-01-26 12:12:56.387375342,5.737673644171162,12,Monday
10321,2026-01-26 12:17:23.407664566,6.742384162850946,12,Monday
10326,2026-01-26 12:18:03.511855477,0.05390353221449792,12,Monday
10322,2026-01-26 12:18:22.978417772,8.030347142224734,12,Monday
10317,2026-01-26 12:18:25.950192563,0.5814214563730465,12,Monday
10328,2026-01-26 12:18:37.906449631,2.5443171789789663,12,Monday
10303,2026-01-26 12:19:28.807960416,4.714937544673161,12,Monday
10329,2026-01-26 12:21:37.653793584,9.016537930539453,12,Monday
10348,2026-01-26 12:24:29.820647603,19.372093429628418,12,Monday
10316,2026-01-26 12:24:43.822968514,0.6951929825931238,12,Monday
10304,2026-01-26 12:27:26.351842358,0.5876187697304354,12,Monday
10330,2026-01-26 12:28:23.394173642,2.4747152206155456,12,Monday
10324,2026-01-26 12:30:29.465579832,1.129868246857402,12,Monday
10331,2026-01-26 12:33:42.096149465,0.056667137709353256,12,Monday
10309,2026-01-26 12:34:28.546498935,1.7988998932842484,12,Monday
10341,2026-01-26 12:35:03.989270906,0.6801135995489622,12,Monday
10307,2026-01-26 12:35:10.141166986,11.800254602030789,12,Monday
10339,2026-01-26 12:35:38.445723269,7.777636126881035,12,Monday
10302,2026-01-26 12:37:20.826748165,8.302209115930482,12,Monday
10344,2026-01-26 12:41:58.547230143,0.48451776306007416,12,Monday
10315,2026-01-26 12:42:13.611618124,2.9966397534253337,12,Monday
10345,2026-01-26 12:43:18.372998344,2.2304825753149977,12,Monday
10336,2026-01-26 12:43:21.541204781,0.9975870373477,12,Monday
10313,2026-01-26 12:43:32.034710391,1.442156809281472,12,Monday
10300,2026-01-26 12:44:34.724884160,4.369973546931794,12,Monday
10335,2026-01-26 12:45:27.177685718,14.153997121642202,12,Monday
10332,2026-01-26 12:48:31.351121354,2.1719965586316077,12,Monday
10319,2026-01-26 12:50:23.654236403,2.878684595580528,12,Monday
10340,2026-01-26 12:51:47.282265083,0.030201229901281025,12,Monday
10306,2026-01-26 12:51:57.983620696,20.731340663817207,12,Monday
10334,2026-01-26 12:52:18.286957893,14.880117534957416,12,Monday
10327,2026-01-26 12:56:01.065998519,1.8200239924562664,12,Monday
10308,2026-01-26 12:56:40.427748896,10.265708541712604,12,Monday
10312,2026-01-26 12:59:20.666314924,5.671086523943677,12,Monday
10362,2026-01-26 13:01:33.899832064,5.793021233720637,13,Monday
10353,2026-01-26 13:05:16.285248892,11.672429813097853,13,Monday
10375,2026-01-26 13:05:42.943436251,4.076560057774558,13,Monday
10391,2026-01-26 13:06:04.049420819,2.0552158466876778,13,Monday
10393,2026-01-26 13:07:12.906384551,7.425432529641189,13,Monday
10394,2026-01-26 13:07:29.005572188,5.611369397677686,13,Monday
10407,2026-01-26 13:08:06.253282701,6.95903293496451,13,Monday
10404,2026-01-26 13:10:01.649501467,5.196013228479066,13,Monday
10358,2026-01-26 13:11:14.347030926,1.3242448934173328,13,Monday
10380,2026-01-26 13:11:22.520151951,1.4785417888868029,13,Monday
10365,2026-01-26 13:12:27.108487486,3.8036808318276742,13,Monday
10366,2026-01-26 13:12:29.998286958,1.0600010836480027,13,Monday
10403,2026-01-26 13:13:55.700228515,6.836776742795548,13,Monday
10376,2026-01-26 13:15:25.141184954,1.0748204207430088,13,Monday
10382,2026-01-26 13:16:32.319228872,6.672717086250839,13,Monday
10367,2026-01-26 13:16:34.385406639,5.005619262272175,13,Monday
10371,2026-01-26 13:17:44.370858635,5.106083186025563,13,Monday
10378,2026-01-26 13:18:37.308153182,13.875261616710468,13,Monday
10408,2026-01-26 13:18:53.559813303,0.43674675548186054,13,Monday
10379,2026-01-26 13:19:47.643456536,1.1904391882153913,13,Monday
10383,2026-01-26 13:19:48.929694127,2.6091084932436095,13,Monday
10406,2026-01-26 13:20:41.657261978,0.9253518678085697,13,Monday
10409,2026-01-26 13:21:31.092724348,4.165408398566664,13,Monday
10351,2026-01-26 13:23:39.375725223,3.784230989827517,13,Monday
10374,2026-01-26 13:23:42.042012049,9.11452918765136,13,Monday
10386,2026-01-26 13:24:40.826845494,4.078516876088097,13,Monday
10384,2026-01-26 13:24:51.653190353,0.3237361219669517,13,Monday
10385,2026-01-26 13:26:01.421807188,10.395207768039864,13,Monday
10357,2026-01-26 13:29:54.564817323,1.3095561603288997,13,Monday
10387,2026-01-26 13:30:13.477303349,2.0105608674082487,13,Monday
10356,2026-01-26 13:32:14.957350203,2.5901295692770807,13,Monday
10363,2026-01-26 13:32:55.404558056,0.1128789967070267,13,Monday
10397,2026-01-26 13:33:08.677680724,9.166851371145393,13,Monday
10360,2026-01-26 13:35:25.574210804,3.476450582111552,13,Monday
10364,2026-01-26 13:35:41.765436590,0.27777281591156017,13,Monday
10369,2026-01-26 13:36:22.557828716,4.4065531405396605,13,Monday
10400,2026-01-26 13:36:38.311439874,4.061569130375445,13,Monday
10401,2026-01-26 13:36:46.434373133,5.095981433603683,13,Monday
10359,2026-01-26 13:38:01.637516066,5.428216618761122,13,Monday
10361,2026-01-26 13:39:06.959014112,5.378643342036401,13,Monday
10352,2026-01-26 13:41:56.231752271,17.348420623116027,13,Monday
10368,2026-01-26 13:42:42.197730218,4.0168836444952,13,Monday
10354,2026-01-26 13:42:45.147799957,3.587208142437076,13,Monday
10373,2026-01-26 13:44:37.342183140,31.254425083788334,13,Monday
10402,2026-01-26 13:45:15.937304975,1.1875628129486777,13,Monday
10405,2026-01-26 13:45:34.490700054,12.838568308520745,13,Monday
10390,2026-01-26 13:47:53.927281548,3.0392546146676263,13,Monday
10392,2026-01-26 13:47:58.843691789,3.9697715495083323,13,Monday
10381,2026-01-26 13:48:24.662164099,0.8067659486039569,13,Monday
10388,2026-01-26 13:48:52.246366619,2.1078426962419803,13,Monday
10389,2026-01-26 13:49:09.426146671,1.7142210140731136,13,Monday
10396,2026-01-26 13:49:09.832240939,3.7617373337308777,13,Monday
10370,2026-01-26 13:50:44.745526024,1.800943978821332,13,Monday
10398,2026-01-26 13:52:29.892736120,0.3532188534789812,13,Monday
10350,2026-01-26 13:52:36.742956577,5.985974317557786,13,Monday
10372,2026-01-26 13:54:43.445015597,8.844883977100023,13,Monday
10349,2026-01-26 13:55:55.146064340,16.794665108076245,13,Monday
10395,2026-01-26 13:56:52.305977885,1.7439370393040765,13,Monday
10377,2026-01-26 13:57:24.365581973,5.719814423586413,13,Monday
10355,2026-01-26 13:58:22.287826145,11.805290784762006,13,Monday
10399,2026-01-26 13:59:21.712713186,0.4076626139982858,13,Monday
10411,2026-01-26 14:00:15.734321229,10.194339831327264,14,Monday
10421,2026-01-26 14:00:51.722493060,5.432437996643279,14,Monday
10438,2026-01-26 14:01:06.059555234,3.533774921139359,14,Monday
10440,2026-01-26 14:01:09.957620670,1.4832150019921688,14,Monday
10415,2026-01-26 14:02:35.042734701,0.5500271365622758,14,Monday
10465,2026-01-26 14:04:08.523900471,8.763165743162595,14,Monday
10426,2026-01-26 14:05:39.566747946,4.279338956586242,14,Monday
10442,2026-01-26 14:07:19.908342585,1.5938336155053157,14,Monday
10419,2026-01-26 14:09:09.246696237,0.7176355307131509,14,Monday
10448,2026-01-26 14:09:36.737115823,13.80504570061529,14,Monday
10463,2026-01-26 14:11:24.338722877,1.8746495203978297,14,Monday
10445,2026-01-26 14:12:04.548968139,0.4570030971708388,14,Monday
10451,2026-01-26 14:12:39.683074819,6.751984858198458,14,Monday
10413,2026-01-26 14:13:01.752779406,10.627365243178325,14,Monday
10459,2026-01-26 14:16:03.229043093,1.517317548747357,14,Monday
10428,2026-01-26 14:17:28.595370539,12.173536750623528,14,Monday
10450,2026-01-26 14:17:57.611245881,0.271090904816794,14,Monday
10469,2026-01-26 14:18:01.603366380,10.802011839553211,14,Monday
10462,2026-01-26 14:18:38.723789532,11.763953394340795,14,Monday
10435,2026-01-26 14:19:30.857635584,5.229682262380956,14,Monday
10458,2026-01-26 14:19:31.864733872,5.907955404316565,14,Monday
10433,2026-01-26 14:20:48.635896435,0.12573991961587733,14,Monday
10457,2026-01-26 14:21:33.349589012,6.699846344056742,14,Monday
10439,2026-01-26 14:21:39.814913801,1.9160129342870127,14,Monday
10453,2026-01-26 14:24:37.129059514,5.539498179687886,14,Monday
10464,2026-01-26 14:28:31.741702259,0.6972506197744741,14,Monday
10456,2026-01-26 14:29:00.062388199,15.17068239985579,14,Monday
10446,2026-01-26 14:29:06.189605143,6.324418318155649,14,Monday
10468,2026-01-26 14:29:46.949308702,1.5211704693947765,14,Monday
10467,2026-01-26 14:31:06.089758686,8.92158569144479,14,Monday
10412,2026-01-26 14:31:12.645846834,2.3636784088515324,14,Monday
10427,2026-01-26 14:31:43.160995836,1.5108755247035766,14,Monday
10424,2026-01-26 14:31:52.153431237,5.386993795666077,14,Monday
10443,2026-01-26 14:32:34.119224333,2.98110463530725,14,Monday
10460,2026-01-26 14:32:40.372273364,12.935938654602168,14,Monday
10452,2026-01-26 14:33:29.839487174,0.5832045327691503,14,Monday
10447,2026-01-26 14:36:26.743539316,11.25092483758359,14,Monday
10420,2026-01-26 14:37:49.463466819,5.047900542128021,14,Monday
10466,2026-01-26 14:42:04.604422066,0.012492862174251239,14,Monday
10423,2026-01-26 14:43:22.710696631,6.369212457213036,14,Monday
10425,2026-01-26 14:43:50.129159147,7.267278163903752,14,Monday
10436,2026-01-26 14:43:58.068190888,16.74273046408825,14,Monday
10431,2026-01-26 14:43:59.792505002,6.525789746741566,14,Monday
10437,2026-01-26 14:44:11.100882395,4.013288542923304,14,Monday
10414,2026-01-26 14:44:36.595028819,6.523783088598737,14,Monday
10449,2026-01-26 14:46:42.799655681,4.811656709195943,14,Monday
10444,2026-01-26 14:47:26.002459545,1.102920292118281,14,Monday
10461,2026-01-26 14:48:17.922977044,0.989474191236548,14,Monday
10416,2026-01-26 14:49:53.596877453,8.905174512923923,14,Monday
10418,2026-01-26 14:49:58.317644652,0.16417566931023614,14,Monday
10417,2026-01-26 14:50:17.132016145,5.731300658441465,14,Monday
10410,2026-01-26 14:50:40.456131606,0.4742260447726732,14,Monday
10422,2026-01-26 14:50:52.665328641,6.864945013210048,14,Monday
10430,2026-01-26 14:51:25.624622246,2.2829635537864053,14,Monday
10455,2026-01-26 14:52:48.225713513,6.470667691718699,14,Monday
10434,2026-01-26 14:54:03.167636357,0.34129197309966935,14,Monday
10470,2026-01-26 14:54:16.824375114,5.879829786675284,14,Monday
10454,2026-01-26 14:55:13.029400691,7.556246572352798,14,Monday
10432,2026-01-26 14:56:01.491486899,2.7857096123870666,14,Monday
10429,2026-01-26 14:58:21.430067602,0.09190974244501467,14,Monday
10441,2026-01-26 14:59:49.531263396,0.10604148088671562,14,Monday
10481,2026-01-26 15:01:53.614376620,4.80430156230788,15,Monday
10498,2026-01-26 15:02:20.602243739,1.0165728669909355,15,Monday
10489,2026-01-26 15:02:52.432877282,0.2749120756858853,15,Monday
10471,2026-01-26 15:03:33.850706006,1.647908009161889,15,Monday
10486,2026-01-26 15:04:47.949448586,0.9570224622950868,15,Monday
10484,2026-01-26 15:06:37.160268764,3.2162947097491874,15,Monday
10495,2026-01-26 15:06:38.180706986,0.47498554604137455,15,Monday
10504,2026-01-26 15:07:13.313142408,4.381704581598091,15,Monday
10479,2026-01-26 15:07:23.686580101,0.6100250683901509,15,Monday
10478,2026-01-26 15:08:26.218884776,2.761877950408472,15,Monday
10492,2026-01-26 15:09:34.166281792,3.1781319387956595,15,Monday
10473,2026-01-26 15:10:15.253662635,1.9420213007949032,15,Monday
10493,2026-01-26 15:10:33.947328962,2.8105291528126464,15,Monday
10483,2026-01-26 15:11:54.703285387,1.1999985280298238,15,Monday
10477,2026-01-26 15:11:55.178286616,0.9630587236432511,15,Monday
10514,2026-01-26 15:15:26.875197114,18.698976295971402,15,Monday
10512,2026-01-26 15:21:19.542709828,9.49755103728416,15,Monday
10474,2026-01-26 15:22:20.131110821,9.552283226653648,15,Monday
10491,2026-01-26 15:23:40.118787535,4.703176911225173,15,Monday
10515,2026-01-26 15:26:25.005015026,7.3990639894968755,15,Monday
10499,2026-01-26 15:27:52.114124582,4.134319280480437,15,Monday
10476,2026-01-26 15:28:56.113458818,6.891703358053726,15,Monday
10502,2026-01-26 15:29:19.616703664,4.978252538766413,15,Monday
10509,2026-01-26 15:32:37.735824633,4.037372435621428,15,Monday
10497,2026-01-26 15:32:39.280635541,4.912714516384959,15,Monday
10511,2026-01-26 15:33:38.153054548,11.29167398521747,15,Monday
10513,2026-01-26 15:34:07.898870500,19.72639750595259,15,Monday
10485,2026-01-26 15:34:37.097957196,9.950058247477635,15,Monday
10475,2026-01-26 15:36:01.276867832,2.3989025025092774,15,Monday
10487,2026-01-26 15:36:08.831747388,0.09698726562653158,15,Monday
10510,2026-01-26 15:40:30.584744751,5.324748874965618,15,Monday
10507,2026-01-26 15:42:29.796572366,0.29085255172593494,15,Monday
10501,2026-01-26 15:43:34.330035500,0.08854296613092591,15,Monday
10490,2026-01-26 15:47:59.526976302,19.54519694731268,15,Monday
10500,2026-01-26 15:49:02.818252114,0.7150610022692044,15,Monday
10508,2026-01-26 15:49:04.395871663,4.698287549623766,15,Monday
10472,2026-01-26 15:49:48.263153540,0.6556017331600485,15,Monday
10506,2026-01-26 15:50:47.188350540,4.624511759499723,15,Monday
10488,2026-01-26 15:51:02.255921329,5.277694178473643,15,Monday
10503,2026-01-26 15:51:36.179566906,5.227490886521135,15,Monday
10480,2026-01-26 15:51:46.828373397,0.7461037957125363,15,Monday
10496,2026-01-26 15:52:00.418033616,13.297661714273051,15,Monday
10505,2026-01-26 15:54:35.787792212,1.0135389824769856,15,Monday
10494,2026-01-26 15:55:07.552357299,4.255683780333636,15,Monday
10482,2026-01-26 15:58:37.251334559,4.675862089309849,15,Monday
10548,2026-01-26 16:00:31.252353214,3.2431628588618326,16,Monday
10530,2026-01-26 16:00:56.666200020,5.205397945589531,16,Monday
10529,2026-01-26 16:02:47.261317998,5.552985294798152,16,Monday
10516,2026-01-26 16:02:56.579597771,10.621658275888585,16,Monday
10547,2026-01-26 16:04:00.649991343,2.2321394362339095,16,Monday
10524,2026-01-26 16:05:15.941308123,9.395253900230877,16,Monday
10532,2026-01-26 16:05:43.942723790,7.103325631693274,16,Monday
10545,2026-01-26 16:06:19.416506223,5.644758694037085,16,Monday
10549,2026-01-26 16:09:29.914312982,4.639600106001594,16,Monday
10537,2026-01-26 16:11:14.925590994,6.962842648619375,16,Monday
10533,2026-01-26 16:11:38.406531894,0.4554513490322395,16,Monday
10546,2026-01-26 16:16:15.009735704,1.1974156532035916,16,Monday
10520,2026-01-26 16:18:46.505774358,1.3541804156151844,16,Monday
10527,2026-01-26 16:18:55.941374627,6.383884419509474,16,Monday
10528,2026-01-26 16:21:18.779810873,0.42986640919146696,16,Monday
10521,2026-01-26 16:23:51.539489962,3.4371259469434836,16,Monday
10531,2026-01-26 16:28:37.222054887,1.2345483689754357,16,Monday
10518,2026-01-26 16:29:22.761088338,17.558515990485184,16,Monday
10540,2026-01-26 16:31:23.979337366,0.8751155437446051,16,Monday
10535,2026-01-26 16:34:15.702208501,0.04986385169825139,16,Monday
10536,2026-01-26 16:38:01.076774158,17.326678137762194,16,Monday
10522,2026-01-26 16:42:00.672195642,1.2365077421071582,16,Monday
10543,2026-01-26 16:43:52.767036027,9.175631481814964,16,Monday
10544,2026-01-26 16:44:02.673296497,14.253515816837155,16,Monday
10526,2026-01-26 16:47:34.845809565,14.761068610943804,16,Monday
10519,2026-01-26 16:48:52.584063749,4.547705305707893,16,Monday
10538,2026-01-26 16:49:43.182496035,0.8649387202975722,16,Monday
10517,2026-01-26 16:50:15.358443020,1.3713557381788701,16,Monday
10542,2026-01-26 16:50:41.383049836,0.30350985287360144,16,Monday
10534,2026-01-26 16:50:48.361918295,3.3612863231880192,16,Monday
10525,2026-01-26 16:51:41.321320684,0.1329458420891993,16,Monday
10539,2026-01-26 16:52:04.727180783,2.090275451518718,16,Monday
10541,2026-01-26 16:54:45.207978763,7.275381934095773,16,Monday
10523,2026-01-26 16:54:55.176252955,20.667576536019702,16,Monday
10559,2026-01-27 08:00:46.572812191,6.9768355006185825,8,Tuesday
10555,2026-01-27 08:03:39.141595049,20.11206895974655,8,Tuesday
10552,2026-01-27 08:04:53.011408864,2.1270619776144577,8,Tuesday
10560,2026-01-27 08:10:48.493297675,11.576062273192015,8,Tuesday
10570,2026-01-27 08:11:57.943889894,1.6852083483537241,8,Tuesday
10562,2026-01-27 08:14:01.284128296,3.132304886537844,8,Tuesday
10568,2026-01-27 08:17:04.585962577,7.617363188328453,8,Tuesday
10565,2026-01-27 08:17:49.095446465,2.4999783890444776,8,Tuesday
10561,2026-01-27 08:20:31.607084011,1.8354664281744544,8,Tuesday
10550,2026-01-27 08:21:04.730114958,3.641763384735607,8,Tuesday
10569,2026-01-27 08:22:43.973649847,1.158184208508068,8,Tuesday
10553,2026-01-27 08:27:58.521795276,9.860712242899476,8,Tuesday
10564,2026-01-27 08:39:05.738090809,7.53845731631313,8,Tuesday
10558,2026-01-27 08:39:38.992674697,7.452104088589099,8,Tuesday
10556,2026-01-27 08:42:19.206780520,12.154045376258624,8,Tuesday
10567,2026-01-27 08:44:26.139118114,0.24046074516355379,8,Tuesday
10554,2026-01-27 08:46:32.033418482,0.2769655327045966,8,Tuesday
10557,2026-01-27 08:49:10.961841911,2.256521343989277,8,Tuesday
10551,2026-01-27 08:53:27.302210033,11.31954800271284,8,Tuesday
10566,2026-01-27 08:55:46.910995195,9.34510032248297,8,Tuesday
10563,2026-01-27 08:57:45.547704818,10.012388154815163,8,Tuesday
10571,2026-01-27 08:58:15.866393756,3.398340599133677,8,Tuesday
10592,2026-01-27 09:01:38.053569303,7.451944570260405,9,Tuesday
10581,2026-01-27 09:02:43.653212125,9.147993823424404,9,Tuesday
10591,2026-01-27 09:06:17.763186651,29.962332206576182,9,Tuesday
10574,2026-01-27 09:10:30.819046861,1.509760455151905,9,Tuesday
10590,2026-01-27 09:13:47.353513890,19.119345407075187,9,Tuesday
10598,2026-01-27 09:17:30.282605668,2.9794802955878916,9,Tuesday
10593,2026-01-27 09:17:32.568405774,2.590183623691647,9,Tuesday
10596,2026-01-27 09:17:33.899370673,21.193834051863195,9,Tuesday
10588,2026-01-27 09:19:53.057153018,2.1944078089465946,9,Tuesday
10573,2026-01-27 09:19:53.499687713,0.5450367058715246,9,Tuesday
10594,2026-01-27 09:23:44.774995801,3.4103656326307603,9,Tuesday
10576,2026-01-27 09:23:59.914136713,4.099322164873252,9,Tuesday
10587,2026-01-27 09:27:34.617585139,3.7349415023854626,9,Tuesday
10584,2026-01-27 09:28:20.946091336,2.269609062805579,9,Tuesday
10577,2026-01-27 09:30:21.027104852,6.952810939400558,9,Tuesday
10572,2026-01-27 09:32:41.192144419,2.907808894861392,9,Tuesday
10586,2026-01-27 09:32:50.383472435,2.488124490680133,9,Tuesday
10595,2026-01-27 09:33:07.476106612,2.205964004109568,9,Tuesday
10578,2026-01-27 09:38:40.908186064,1.0889757373955515,9,Tuesday
10589,2026-01-27 09:39:27.197553000,4.533328360275683,9,Tuesday
10580,2026-01-27 09:42:27.190192104,0.0837791238909112,9,Tuesday
10575,2026-01-27 09:46:06.532425434,0.2476959569937081,9,Tuesday
10582,2026-01-27 09:50:18.817308232,7.569809753036179,9,Tuesday
10579,2026-01-27 09:54:34.696520303,2.2936248679331634,9,Tuesday
10585,2026-01-27 09:58:10.525211236,15.537411778697507,9,Tuesday
10597,2026-01-27 09:59:02.614460587,6.15090471491402,9,Tuesday
10583,2026-01-27 09:59:21.678054459,0.3267157217963848,9,Tuesday
10625,2026-01-27 10:00:09.823480246,18.44249068786106,10,Tuesday
10615,2026-01-27 10:01:53.888221966,1.9410972376355986,10,Tuesday
10624,2026-01-27 10:06:13.208887736,7.524112685238804,10,Tuesday
10610,2026-01-27 10:07:17.803613845,0.013372834175025378,10,Tuesday
10627,2026-01-27 10:08:50.689559343,2.606658950866926,10,Tuesday
10623,2026-01-27 10:09:39.903288901,39.87883716520959,10,Tuesday
10611,2026-01-27 10:15:56.503103621,7.9329621292740455,10,Tuesday
10626,2026-01-27 10:18:50.401352203,5.906346771636171,10,Tuesday
10599,2026-01-27 10:21:16.933529247,1.2422138174731105,10,Tuesday
10618,2026-01-27 10:24:50.500525519,6.912619634911335,10,Tuesday
10608,2026-01-27 10:25:07.943616103,33.052787903502164,10,Tuesday
10620,2026-01-27 10:25:47.189403988,1.9413482815976013,10,Tuesday
10621,2026-01-27 10:27:55.221216235,1.8436053752986545,10,Tuesday
10606,2026-01-27 10:32:20.371232731,0.5103617408863825,10,Tuesday
10614,2026-01-27 10:32:20.429655217,1.754765394776242,10,Tuesday
10604,2026-01-27 10:33:29.313822386,4.681244441110387,10,Tuesday
10605,2026-01-27 10:35:26.470126976,4.205920342436506,10,Tuesday
10619,2026-01-27 10:35:54.164195518,1.411171642381832,10,Tuesday
10609,2026-01-27 10:40:09.134417840,14.454065029197265,10,Tuesday
10617,2026-01-27 10:42:07.431328898,5.410011516121288,10,Tuesday
10607,2026-01-27 10:42:25.377497722,4.519461770938822,10,Tuesday
10603,2026-01-27 10:43:45.911975715,0.16038245131023018,10,Tuesday
10612,2026-01-27 10:50:09.610939711,2.181724671515642,10,Tuesday
10622,2026-01-27 10:53:12.515516373,2.2528631441547056,10,Tuesday
10613,2026-01-27 10:54:13.496150676,0.3288370213108432,10,Tuesday
10600,2026-01-27 10:55:05.621000507,0.05651308636234231,10,Tuesday
10616,2026-01-27 10:55:37.104854850,3.7037547566072613,10,Tuesday
10602,2026-01-27 10:56:43.324709323,2.022664578165859,10,Tuesday
10601,2026-01-27 10:59:47.594789433,1.28864531363153,10,Tuesday
10639,2026-01-27 11:01:45.087025780,0.21182353869491452,11,Tuesday
10638,2026-01-27 11:02:41.932095883,0.37734760199352235,11,Tuesday
10636,2026-01-27 11:03:31.696321997,5.398061428151508,11,Tuesday
10663,2026-01-27 11:04:53.235173043,8.208539560249978,11,Tuesday
10661,2026-01-27 11:05:51.730683659,2.9166711563628644,11,Tuesday
10647,2026-01-27 11:06:43.629300585,5.290324197930325,11,Tuesday
10655,2026-01-27 11:06:57.067337884,0.28157883012666146,11,Tuesday
10644,2026-01-27 11:08:21.808225429,9.837913866812892,11,Tuesday
10672,2026-01-27 11:08:43.834724323,6.300715436491542,11,Tuesday
10667,2026-01-27 11:08:55.687585662,1.7255105972788445,11,Tuesday
10657,2026-01-27 11:10:56.383545198,2.8910703949911243,11,Tuesday
10631,2026-01-27 11:17:44.211696759,0.9953478443532283,11,Tuesday
10641,2026-01-27 11:18:12.007376621,0.45706788779849344,11,Tuesday
10628,2026-01-27 11:25:00.731220111,5.317613877831159,11,Tuesday
10634,2026-01-27 11:25:13.544242105,20.602046959296324,11,Tuesday
10673,2026-01-27 11:26:10.864766267,10.853504304581836,11,Tuesday
10630,2026-01-27 11:27:54.007246896,9.94157317388732,11,Tuesday
10660,2026-01-27 11:28:06.367003345,6.932153811048559,11,Tuesday
10662,2026-01-27 11:28:07.109034900,0.8183372469944645,11,Tuesday
10656,2026-01-27 11:28:13.696503870,6.006272095597835,11,Tuesday
10654,2026-01-27 11:30:33.223729853,8.51452614094166,11,Tuesday
10646,2026-01-27 11:30:52.271993838,5.945592989349803,11,Tuesday
10650,2026-01-27 11:30:56.310722642,2.096220154497353,11,Tuesday
10652,2026-01-27 11:31:15.886905974,4.412791224182528,11,Tuesday
10637,2026-01-27 11:31:46.073467097,6.640042365029089,11,Tuesday
10668,2026-01-27 11:31:56.713207919,0.25061846952775224,11,Tuesday
10669,2026-01-27 11:34:03.134523127,11.652403666447434,11,Tuesday
10658,2026-01-27 11:35:49.680546782,6.570619922830155,11,Tuesday
10649,2026-01-27 11:36:34.080491183,1.393067076705924,11,Tuesday
10640,2026-01-27 11:36:46.529461881,0.5366221953086209,11,Tuesday
10671,2026-01-27 11:37:38.195906147,1.649198773397387,11,Tuesday
10648,2026-01-27 11:39:05.733383330,1.927231924706823,11,Tuesday
10635,2026-01-27 11:40:04.110858859,9.751446869718082,11,Tuesday
10664,2026-01-27 11:40:55.653439823,3.0874676250795607,11,Tuesday
10659,2026-01-27 11:41:35.275830696,13.11817397037941,11,Tuesday
10645,2026-01-27 11:43:28.282218884,2.9506847308659516,11,Tuesday
10642,2026-01-27 11:44:33.133784839,3.9635254140492773,11,Tuesday
10632,2026-01-27 11:46:29.496967307,15.135304320553388,11,Tuesday
10665,2026-01-27 11:47:25.325609514,0.39149622732984474,11,Tuesday
10629,2026-01-27 11:49:41.974485933,6.024606804806137,11,Tuesday
10633,2026-01-27 11:51:15.913473773,0.3048015170888333,11,Tuesday
10643,2026-01-27 11:53:45.897218277,1.2131865494138874,11,Tuesday
10670,2026-01-27 11:55:20.915521611,3.2995397977918346,11,Tuesday
10651,2026-01-27 11:55:35.296336414,7.964339134847435,11,Tuesday
10666,2026-01-27 11:57:44.569178017,6.347988870987229,11,Tuesday
10653,2026-01-27 11:59:25.854415620,1.4620572753219554,11,Tuesday
10683,2026-01-27 12:00:00.173246019,2.8821995246081404,12,Tuesday
10739,2026-01-27 12:00:23.458736490,0.017372441466516217,12,Tuesday
10698,2026-01-27 12:04:30.707595154,5.717188466927203,12,Tuesday
10675,2026-01-27 12:05:21.429236104,8.041847203769258,12,Tuesday
10678,2026-01-27 12:06:29.471966368,4.258672350044721,12,Tuesday
10717,2026-01-27 12:08:06.847351781,1.3300654038459654,12,Tuesday
10693,2026-01-27 12:10:16.040719130,3.7623060582933645,12,Tuesday
10718,2026-01-27 12:11:27.983177136,3.15960137601272,12,Tuesday
10714,2026-01-27 12:12:01.257709854,11.075846186557833,12,Tuesday
10732,2026-01-27 12:14:07.386025031,7.7797426785598836,12,Tuesday
10700,2026-01-27 12:14:20.743414751,14.28770253603277,12,Tuesday
10708,2026-01-27 12:14:33.837188819,6.260964686955336,12,Tuesday
10715,2026-01-27 12:14:45.882977827,0.3954003653631019,12,Tuesday
10722,2026-01-27 12:17:31.113631196,1.6710045125047424,12,Tuesday
10681,2026-01-27 12:20:48.887953335,4.167137721885265,12,Tuesday
10731,2026-01-27 12:20:52.940196317,1.6071257117587048,12,Tuesday
10737,2026-01-27 12:22:29.035248431,9.843199787728018,12,Tuesday
10729,2026-01-27 12:22:56.269253859,5.794861766387789,12,Tuesday
10725,2026-01-27 12:23:31.444990988,4.421362682671143,12,Tuesday
10730,2026-01-27 12:24:51.279305475,6.3335341287131985,12,Tuesday
10719,2026-01-27 12:25:13.974956832,12.382109464731379,12,Tuesday
10699,2026-01-27 12:25:42.933385542,21.273042210173728,12,Tuesday
10726,2026-01-27 12:26:03.450369949,3.080302927506025,12,Tuesday
10704,2026-01-27 12:27:16.545985036,2.4239748606115135,12,Tuesday
10733,2026-01-27 12:27:29.298106526,9.639105740557719,12,Tuesday
10743,2026-01-27 12:28:26.627246956,2.955968542933744,12,Tuesday
10740,2026-01-27 12:28:37.379775780,10.23302544817039,12,Tuesday
10674,2026-01-27 12:29:22.645793076,4.177954284875478,12,Tuesday
10685,2026-01-27 12:33:01.379647110,1.5858548203682157,12,Tuesday
10688,2026-01-27 12:33:40.928461986,3.327548148322345,12,Tuesday
10692,2026-01-27 12:34:56.393840042,3.672508924181193,12,Tuesday
10720,2026-01-27 12:35:22.503435912,4.40868848768768,12,Tuesday
10721,2026-01-27 12:36:13.741988285,1.1793565726628383,12,Tuesday
10709,2026-01-27 12:36:28.274943988,2.803165941387486,12,Tuesday
10690,2026-01-27 12:36:34.926595745,1.7564136948635687,12,Tuesday
10686,2026-01-27 12:37:13.219910623,6.82397949439965,12,Tuesday
10742,2026-01-27 12:37:48.160994308,2.6764243451717014,12,Tuesday
10701,2026-01-27 12:37:49.535272969,6.231805901155764,12,Tuesday
10712,2026-01-27 12:38:32.495365380,0.8871853970773447,12,Tuesday
10744,2026-01-27 12:38:40.711223782,9.42841487656321,12,Tuesday
10728,2026-01-27 12:39:46.785227036,1.26337114938348,12,Tuesday
10687,2026-01-27 12:39:52.773888740,2.715292988737052,12,Tuesday
10695,2026-01-27 12:40:53.858994095,17.260223282724677,12,Tuesday
10707,2026-01-27 12:40:59.971557129,5.044766015111087,12,Tuesday
10734,2026-01-27 12:41:11.162874849,12.671015773728193,12,Tuesday
10682,2026-01-27 12:41:25.042307760,7.977837063261255,12,Tuesday
10696,2026-01-27 12:41:57.260379968,0.2844429435566652,12,Tuesday
10727,2026-01-27 12:42:08.989620566,2.377598780076289,12,Tuesday
10735,2026-01-27 12:44:31.080139131,0.8789888984022344,12,Tuesday
10676,2026-01-27 12:44:48.299577055,19.749331896295693,12,Tuesday
10738,2026-01-27 12:45:52.689579425,1.10660233838195,12,Tuesday
10680,2026-01-27 12:46:17.652613744,2.3458430758719047,12,Tuesday
10736,2026-01-27 12:46:43.945133721,1.8114798733894901,12,Tuesday
10705,2026-01-27 12:47:10.385630313,4.3988578068766415,12,Tuesday
10741,2026-01-27 12:47:38.055840477,1.9759610901123845,12,Tuesday
10702,2026-01-27 12:48:24.522061493,3.688520406298318,12,Tuesday
10679,2026-01-27 12:48:59.256912358,0.19103306268762765,12,Tuesday
10677,2026-01-27 12:50:50.841666828,6.113539443529032,12,Tuesday
10689,2026-01-27 12:51:24.349995142,8.11013496373424,12,Tuesday
10713,2026-01-27 12:53:13.155928339,0.8886534299075755,12,Tuesday
10745,2026-01-27 12:54:25.005611335,2.061634063704499,12,Tuesday
10691,2026-01-27 12:54:27.935968465,0.509123074951837,12,Tuesday
10694,2026-01-27 12:54:48.825201021,7.976880529072733,12,Tuesday
10724,2026-01-27 12:54:54.359667388,2.785603860101655,12,Tuesday
10706,2026-01-27 12:55:01.385731345,6.458565809254866,12,Tuesday
10723,2026-01-27 12:55:14.210032621,12.656635425355292,12,Tuesday
10684,2026-01-27 12:55:54.471556077,16.10166890644837,12,Tuesday
10716,2026-01-27 12:57:10.395406385,8.085041798810023,12,Tuesday
10703,2026-01-27 12:57:58.718552012,0.8808461399987675,12,Tuesday
10710,2026-01-27 12:58:11.827372141,6.502919476877551,12,Tuesday
10697,2026-01-27 12:59:07.734302057,4.478636501480361,12,Tuesday
10711,2026-01-27 12:59:15.193783901,0.775913387550352,12,Tuesday
10785,2026-01-27 13:00:54.622743018,0.3334904491624774,13,Tuesday
10764,2026-01-27 13:02:01.839734998,10.47133066776729,13,Tuesday
10770,2026-01-27 13:03:46.893851393,1.4227423834477948,13,Tuesday
10789,2026-01-27 13:04:53.489031342,3.699160283580267,13,Tuesday
10768,2026-01-27 13:04:56.335073834,12.77598433595049,13,Tuesday
10795,2026-01-27 13:05:14.425490810,14.425510167533249,13,Tuesday
10825,2026-01-27 13:07:33.995932812,0.4443334132187958,13,Tuesday
10766,2026-01-27 13:07:44.058193973,2.61570365660331,13,Tuesday
10806,2026-01-27 13:09:32.976711800,9.949989461286723,13,Tuesday
10817,2026-01-27 13:09:54.134389872,12.150307406106231,13,Tuesday
10773,2026-01-27 13:10:17.159308241,1.5296639693468608,13,Tuesday
10801,2026-01-27 13:10:22.478890765,6.77744940916779,13,Tuesday
10828,2026-01-27 13:12:06.847752239,9.8876876641343,13,Tuesday
10800,2026-01-27 13:12:36.269844444,1.4578788452817768,13,Tuesday
10790,2026-01-27 13:13:57.246747863,3.2804519520172946,13,Tuesday
10748,2026-01-27 13:14:37.362106612,0.8416772212607284,13,Tuesday
10757,2026-01-27 13:16:09.631199099,0.24329554337008477,13,Tuesday
10810,2026-01-27 13:17:27.421531987,2.6970426299326897,13,Tuesday
10805,2026-01-27 13:17:52.708388447,7.324728043477964,13,Tuesday
10799,2026-01-27 13:18:27.692077151,14.697668492587677,13,Tuesday
10763,2026-01-27 13:18:47.044761525,6.769319341162728,13,Tuesday
10781,2026-01-27 13:19:02.659184972,0.42683050787612153,13,Tuesday
10747,2026-01-27 13:19:32.212225658,2.6316221785958427,13,Tuesday
10809,2026-01-27 13:20:56.959445284,0.6244389244030006,13,Tuesday
10798,2026-01-27 13:20:59.464993309,6.482331529272189,13,Tuesday
10774,2026-01-27 13:22:17.859426378,1.3080154648311784,13,Tuesday
10769,2026-01-27 13:22:31.108231302,5.89744157938763,13,Tuesday
10797,2026-01-27 13:22:32.522787919,6.733613001587595,13,Tuesday
10819,2026-01-27 13:23:31.763958868,0.9687802135804958,13,Tuesday
10824,2026-01-27 13:23:44.713860804,7.691812478294201,13,Tuesday
10793,2026-01-27 13:23:52.288865654,6.781278037796908,13,Tuesday
10754,2026-01-27 13:25:00.203812089,7.553093371148001,13,Tuesday
10796,2026-01-27 13:25:00.991258575,0.3020365085454465,13,Tuesday
10756,2026-01-27 13:25:29.421113193,2.0831815391035353,13,Tuesday
10776,2026-01-27 13:26:32.600821586,0.6161150249229881,13,Tuesday
10750,2026-01-27 13:26:48.818976203,1.8382288636219577,13,Tuesday
10813,2026-01-27 13:27:19.450092778,11.24420868871345,13,Tuesday
10822,2026-01-27 13:29:12.007021231,12.78081216215938,13,Tuesday
10826,2026-01-27 13:29:20.016179236,4.370529693252697,13,Tuesday
10752,2026-01-27 13:29:29.899378010,1.2719903520560032,13,Tuesday
10792,2026-01-27 13:30:02.437469299,0.7413387614017706,13,Tuesday
10804,2026-01-27 13:30:31.865922899,2.1604405609304136,13,Tuesday
10753,2026-01-27 13:30:42.461700124,0.2763751493947266,13,Tuesday
10827,2026-01-27 13:31:18.897134456,8.605818967754415,13,Tuesday
10771,2026-01-27 13:31:19.969246659,1.022833972890639,13,Tuesday
10746,2026-01-27 13:31:38.232206521,1.2904587266509076,13,Tuesday
10821,2026-01-27 13:34:20.691760702,1.6187215935011865,13,Tuesday
10760,2026-01-27 13:35:29.436791168,13.349598844202797,13,Tuesday
10759,2026-01-27 13:35:48.581596914,0.9304131334066111,13,Tuesday
10811,2026-01-27 13:36:05.374630709,2.2376924988337947,13,Tuesday
10761,2026-01-27 13:36:38.959945790,3.256144570348461,13,Tuesday
10749,2026-01-27 13:37:26.610393998,3.8371628011835774,13,Tuesday
10814,2026-01-27 13:37:48.263339499,0.8013592687943856,13,Tuesday
10802,2026-01-27 13:38:25.462020910,0.2808748401998245,13,Tuesday
10772,2026-01-27 13:39:11.288782013,1.3092118156697437,13,Tuesday
10823,2026-01-27 13:41:53.071327433,6.173649652463849,13,Tuesday
10815,2026-01-27 13:42:59.576644883,5.0494280842308505,13,Tuesday
10762,2026-01-27 13:43:07.823093540,2.0805076989301843,13,Tuesday
10767,2026-01-27 13:43:18.551053957,2.8383753033140753,13,Tuesday
10820,2026-01-27 13:43:23.520513815,8.503146683228609,13,Tuesday
10788,2026-01-27 13:46:04.682987428,4.314225103584315,13,Tuesday
10812,2026-01-27 13:46:31.184331432,1.011336545541404,13,Tuesday
10787,2026-01-27 13:46:41.124805855,1.6327047871035325,13,Tuesday
10755,2026-01-27 13:47:21.346789168,5.12336632336472,13,Tuesday
10777,2026-01-27 13:48:09.156848315,2.449876630183744,13,Tuesday
10765,2026-01-27 13:48:38.135379157,2.3158437111313974,13,Tuesday
10783,2026-01-27 13:48:44.622870285,9.034660717553004,13,Tuesday
10807,2026-01-27 13:49:48.516114189,2.269242482573321,13,Tuesday
10784,2026-01-27 13:50:13.832101102,5.362727575615485,13,Tuesday
10794,2026-01-27 13:50:23.786941728,10.595353274939967,13,Tuesday
10758,2026-01-27 13:51:43.311147456,10.03374661348091,13,Tuesday
10780,2026-01-27 13:53:53.959270888,0.337511261675513,13,Tuesday
10751,2026-01-27 13:54:37.857635755,3.359595691155985,13,Tuesday
10803,2026-01-27 13:55:09.821428351,4.9881238334059415,13,Tuesday
10778,2026-01-27 13:55:37.865082216,4.904860622358389,13,Tuesday
10775,2026-01-27 13:55:48.862167754,5.372132395950976,13,Tuesday
10829,2026-01-27 13:56:08.229682783,0.1452479389444193,13,Tuesday
10786,2026-01-27 13:57:15.259907945,2.480250598618182,13,Tuesday
10816,2026-01-27 13:57:38.132236282,11.042862568086004,13,Tuesday
10791,2026-01-27 13:57:44.141994496,1.8881241295431208,13,Tuesday
10782,2026-01-27 13:57:45.262390180,0.6731844533386305,13,Tuesday
10808,2026-01-27 13:58:17.371403303,3.7283755808517363,13,Tuesday
10779,2026-01-27 13:58:27.644969918,1.7185113699266428,13,Tuesday
10818,2026-01-27 13:59:50.576977771,7.880975634633126,13,Tuesday
10841,2026-01-27 14:00:54.800897369,12.294738938141045,14,Tuesday
10885,2026-01-27 14:02:07.088116250,0.9627118624743234,14,Tuesday
10833,2026-01-27 14:02:52.842716193,8.771706537436788,14,Tuesday
10836,2026-01-27 14:06:25.605055134,7.360328478804795,14,Tuesday
10832,2026-01-27 14:06:26.443048204,11.517768382754333,14,Tuesday
10868,2026-01-27 14:06:52.787542111,3.1366266228522814,14,Tuesday
10872,2026-01-27 14:06:55.125079855,3.923871154341735,14,Tuesday
10890,2026-01-27 14:07:21.867407252,1.39093185169866,14,Tuesday
10847,2026-01-27 14:07:28.255687801,1.5111747080532396,14,Tuesday
10871,2026-01-27 14:07:38.553717100,10.76748784501411,14,Tuesday
10873,2026-01-27 14:09:33.272618435,0.20481340976333254,14,Tuesday
10840,2026-01-27 14:09:40.452510364,0.8620971095652636,14,Tuesday
10900,2026-01-27 14:11:43.033743657,0.04648501868473234,14,Tuesday
10876,2026-01-27 14:12:13.747248665,10.147132699118897,14,Tuesday
10897,2026-01-27 14:12:17.594023290,3.411229707542179,14,Tuesday
10893,2026-01-27 14:14:06.969976248,0.02884938044932402,14,Tuesday
10878,2026-01-27 14:16:52.661263901,8.457351818639534,14,Tuesday
10854,2026-01-27 14:17:51.401128997,12.472677830123015,14,Tuesday
10883,2026-01-27 14:20:49.706149541,3.063081689776469,14,Tuesday
10882,2026-01-27 14:22:52.995587064,11.462731060609405,14,Tuesday
10835,2026-01-27 14:23:04.814249270,2.66597973158011,14,Tuesday
10867,2026-01-27 14:23:14.026486642,5.612022132568822,14,Tuesday
10857,2026-01-27 14:24:30.372036811,6.727873832395492,14,Tuesday
10859,2026-01-27 14:24:57.002580964,2.882491239839812,14,Tuesday
10888,2026-01-27 14:25:56.940197517,1.059391122476617,14,Tuesday
10846,2026-01-27 14:26:03.219997174,5.338121535606616,14,Tuesday
10895,2026-01-27 14:26:05.896952994,3.3477632670138036,14,Tuesday
10898,2026-01-27 14:28:13.673937423,2.652260726793335,14,Tuesday
10861,2026-01-27 14:28:56.997749516,21.990451947884964,14,Tuesday
10880,2026-01-27 14:29:19.701267845,1.4188928081931618,14,Tuesday
10870,2026-01-27 14:29:53.406296474,0.4944839687978953,14,Tuesday
10891,2026-01-27 14:30:50.588839056,13.96572162352733,14,Tuesday
10849,2026-01-27 14:32:42.943658088,0.7612679623302978,14,Tuesday
10843,2026-01-27 14:33:00.502829371,2.3656418200732428,14,Tuesday
10858,2026-01-27 14:33:35.412490272,0.5658433308618953,14,Tuesday
10903,2026-01-27 14:33:54.185710645,0.8234502212266146,14,Tuesday
10853,2026-01-27 14:34:19.540584221,0.5641084643228894,14,Tuesday
10902,2026-01-27 14:34:32.151895560,4.896056337227596,14,Tuesday
10839,2026-01-27 14:35:14.590286731,11.480987668591824,14,Tuesday
10830,2026-01-27 14:36:52.267246829,3.488165874900475,14,Tuesday
10904,2026-01-27 14:36:54.443842745,0.23944292607814827,14,Tuesday
10850,2026-01-27 14:36:55.058828718,2.900127472457368,14,Tuesday
10889,2026-01-27 14:37:40.996312141,5.404779964725028,14,Tuesday
10901,2026-01-27 14:38:11.202100255,18.70503496255289,14,Tuesday
10887,2026-01-27 14:38:53.446409755,1.1985149974429858,14,Tuesday
10844,2026-01-27 14:39:02.869710192,2.5086901609345107,14,Tuesday
10896,2026-01-27 14:39:08.849334556,0.89183107879985,14,Tuesday
10856,2026-01-27 14:40:50.941523832,11.971134977142018,14,Tuesday
10831,2026-01-27 14:41:36.195099415,0.08537856984511583,14,Tuesday
10842,2026-01-27 14:42:02.888932686,10.536938638015974,14,Tuesday
10875,2026-01-27 14:42:39.084024478,3.35988405149763,14,Tuesday
10865,2026-01-27 14:43:19.879004912,12.66729751680476,14,Tuesday
10894,2026-01-27 14:43:20.201156530,3.5147433069586933,14,Tuesday
10881,2026-01-27 14:43:53.575257138,10.419170774089615,14,Tuesday
10874,2026-01-27 14:45:03.503734801,12.622529814183494,14,Tuesday
10837,2026-01-27 14:45:45.604138995,19.575718194540002,14,Tuesday
10834,2026-01-27 14:47:05.683756022,0.9568176480281623,14,Tuesday
10879,2026-01-27 14:47:34.748099933,0.316845462171598,14,Tuesday
10845,2026-01-27 14:48:47.464812718,3.080087452999154,14,Tuesday
10862,2026-01-27 14:49:24.702153532,2.0251142051034106,14,Tuesday
10864,2026-01-27 14:49:27.596415846,7.556863434557229,14,Tuesday
10863,2026-01-27 14:50:24.634672162,4.401367812987013,14,Tuesday
10884,2026-01-27 14:50:28.894556253,2.899462736886185,14,Tuesday
10869,2026-01-27 14:50:32.835135741,4.649415121729219,14,Tuesday
10877,2026-01-27 14:50:48.924305195,9.720637092508186,14,Tuesday
10838,2026-01-27 14:50:56.987052517,15.09367882784348,14,Tuesday
10866,2026-01-27 14:51:17.559780507,7.043675934179689,14,Tuesday
10860,2026-01-27 14:53:17.898548267,0.7043937167077606,14,Tuesday
10852,2026-01-27 14:55:53.701162716,7.23057345434741,14,Tuesday
10851,2026-01-27 14:56:00.281146386,1.6564464426417045,14,Tuesday
10848,2026-01-27 14:56:23.939827406,0.11607921863209722,14,Tuesday
10886,2026-01-27 14:58:29.053010127,17.274698154806664,14,Tuesday
10899,2026-01-27 14:58:48.333769893,11.05137547082925,14,Tuesday
10892,2026-01-27 14:59:06.343884023,0.05483456334191522,14,Tuesday
10855,2026-01-27 14:59:49.609082445,11.284578965626398,14,Tuesday
10933,2026-01-27 15:01:09.896015555,1.8719080422661871,15,Tuesday
10925,2026-01-27 15:01:15.427813060,16.842259926168637,15,Tuesday
10921,2026-01-27 15:01:25.155743153,2.0573815222586065,15,Tuesday
10926,2026-01-27 15:03:02.821101252,2.0693128662822913,15,Tuesday
10935,2026-01-27 15:03:11.467229281,2.8164549495334734,15,Tuesday
10909,2026-01-27 15:04:40.707924678,2.7232516173862447,15,Tuesday
10912,2026-01-27 15:04:52.300526953,7.378268546674091,15,Tuesday
10924,2026-01-27 15:05:29.855344197,7.320434368539251,15,Tuesday
10916,2026-01-27 15:08:53.308383800,5.296696703181235,15,Tuesday
10947,2026-01-27 15:10:31.405205905,11.747912657575322,15,Tuesday
10943,2026-01-27 15:13:21.263200639,5.246573218586569,15,Tuesday
10946,2026-01-27 15:14:07.110233071,7.955581328381371,15,Tuesday
10906,2026-01-27 15:14:42.475793404,18.855474526292365,15,Tuesday
10934,2026-01-27 15:16:56.889229178,1.2976572848718453,15,Tuesday
10905,2026-01-27 15:18:04.195933204,5.957289138561483,15,Tuesday
10939,2026-01-27 15:18:07.816547899,2.5051492022607458,15,Tuesday
10930,2026-01-27 15:18:24.356954350,10.056220673870094,15,Tuesday
10942,2026-01-27 15:27:11.251464852,5.512840078692128,15,Tuesday
10929,2026-01-27 15:29:58.802250413,7.167083088311504,15,Tuesday
10920,2026-01-27 15:30:55.006646803,8.386051735710208,15,Tuesday
10932,2026-01-27 15:30:58.686555154,8.461505517501154,15,Tuesday
10910,2026-01-27 15:31:35.495519430,2.425120452077683,15,Tuesday
10931,2026-01-27 15:31:54.273833812,4.619656349176581,15,Tuesday
10908,2026-01-27 15:33:12.704263618,1.6744326459337695,15,Tuesday
10919,2026-01-27 15:34:02.979118131,8.607234578704052,15,Tuesday
10914,2026-01-27 15:34:41.903938011,1.6076361313265217,15,Tuesday
10941,2026-01-27 15:36:10.995364556,0.187656953249088,15,Tuesday
10927,2026-01-27 15:36:33.824748356,5.222191613032226,15,Tuesday
10928,2026-01-27 15:36:50.455493620,4.130231006945019,15,Tuesday
10923,2026-01-27 15:38:38.380102275,0.11092880827979588,15,Tuesday
10918,2026-01-27 15:38:39.382317490,4.338896283174745,15,Tuesday
10907,2026-01-27 15:39:00.620328861,6.930573908307794,15,Tuesday
10937,2026-01-27 15:43:30.803386026,1.0366398290395225,15,Tuesday
10944,2026-01-27 15:44:18.211795030,14.145624038269599,15,Tuesday
10911,2026-01-27 15:47:28.283156027,9.555926126142706,15,Tuesday
10940,2026-01-27 15:52:42.549051924,7.937777293773218,15,Tuesday
10913,2026-01-27 15:53:23.060314429,4.4455114841766665,15,Tuesday
10936,2026-01-27 15:54:00.557105211,5.6619302705216725,15,Tuesday
10945,2026-01-27 15:54:14.906696055,6.2477727921306245,15,Tuesday
10922,2026-01-27 15:56:22.701089578,16.624060719849,15,Tuesday
10915,2026-01-27 15:57:02.248089373,13.902179371566014,15,Tuesday
10917,2026-01-27 15:59:36.833997671,17.612868413907698,15,Tuesday
10938,2026-01-27 15:59:46.014612694,5.7026774488424445,15,Tuesday
10977,2026-01-27 16:06:26.997555572,8.411647435567195,16,Tuesday
10957,2026-01-27 16:06:34.331777918,4.725204772540852,16,Tuesday
10964,2026-01-27 16:10:58.080108884,1.2334577807172984,16,Tuesday
10974,2026-01-27 16:13:25.232153183,2.824609042720987,16,Tuesday
10958,2026-01-27 16:14:51.159433264,6.667364375213625,16,Tuesday
10978,2026-01-27 16:16:23.744836400,6.836744371910023,16,Tuesday
10965,2026-01-27 16:18:17.327284611,3.0433250053979135,16,Tuesday
10955,2026-01-27 16:19:31.180176350,14.163387950319885,16,Tuesday
10972,2026-01-27 16:20:51.550611299,2.4754047914640442,16,Tuesday
10960,2026-01-27 16:21:39.059734605,6.027802008151779,16,Tuesday
10967,2026-01-27 16:21:53.427820457,8.683860663630384,16,Tuesday
10979,2026-01-27 16:24:08.188646484,0.1034552608780203,16,Tuesday
10956,2026-01-27 16:25:18.097369385,4.718107563731841,16,Tuesday
10950,2026-01-27 16:25:27.975374403,6.294145367140764,16,Tuesday
10966,2026-01-27 16:26:54.010829249,9.56447888626762,16,Tuesday
10976,2026-01-27 16:27:23.232251504,3.480164171700011,16,Tuesday
10970,2026-01-27 16:28:46.872316633,2.963405727717832,16,Tuesday
10961,2026-01-27 16:37:13.989570941,12.398630459198719,16,Tuesday
10962,2026-01-27 16:39:57.476225905,0.05477631692178999,16,Tuesday
10951,2026-01-27 16:42:37.905021539,5.305446375964826,16,Tuesday
10949,2026-01-27 16:44:51.281230113,5.3873909040556525,16,Tuesday
10980,2026-01-27 16:44:57.454481991,4.974480742207232,16,Tuesday
10975,2026-01-27 16:46:20.359362814,6.794877411332466,16,Tuesday
10963,2026-01-27 16:46:54.585390515,10.205453768965565,16,Tuesday
10973,2026-01-27 16:47:08.981966004,2.1594308337267574,16,Tuesday
10969,2026-01-27 16:50:05.786891569,14.101907500953452,16,Tuesday
10952,2026-01-27 16:52:03.679957852,7.149552072104872,16,Tuesday
10948,2026-01-27 16:52:11.185678500,0.37891533564723145,16,Tuesday
10971,2026-01-27 16:52:45.367053911,5.340858853944904,16,Tuesday
10959,2026-01-27 16:52:56.716350553,2.026357375225223,16,Tuesday
10954,2026-01-27 16:57:08.465414252,4.422789858649401,16,Tuesday
10953,2026-01-27 16:58:32.347673008,0.9811001697466968,16,Tuesday
10968,2026-01-27 16:58:58.458838294,11.124763891897825,16,Tuesday
10988,2026-01-28 08:01:37.501157381,1.9841507210484166,8,Wednesday
10987,2026-01-28 08:02:18.056583331,5.529626491119179,8,Wednesday
10989,2026-01-28 08:05:00.057576915,2.632970110528322,8,Wednesday
10991,2026-01-28 08:14:07.620524256,19.388107269738953,8,Wednesday
10995,2026-01-28 08:16:43.752490488,1.2407125915919464,8,Wednesday
10996,2026-01-28 08:19:18.468870915,3.540820833345275,8,Wednesday
10997,2026-01-28 08:20:07.662890908,0.20200401928768155,8,Wednesday
10990,2026-01-28 08:26:15.235170529,1.3143998148360185,8,Wednesday
10999,2026-01-28 08:28:25.342347681,8.533882648483985,8,Wednesday
10993,2026-01-28 08:32:32.244500440,27.704385739759473,8,Wednesday
10982,2026-01-28 08:32:51.388749904,4.482477069093847,8,Wednesday
10985,2026-01-28 08:33:10.224031550,7.500091256251772,8,Wednesday
10994,2026-01-28 08:39:44.696685892,3.364624952161495,8,Wednesday
10998,2026-01-28 08:41:55.448538541,11.757290877657995,8,Wednesday
10984,2026-01-28 08:42:46.100132610,0.4735853954352937,8,Wednesday
10986,2026-01-28 08:45:16.336714143,4.1418007183046335,8,Wednesday
10981,2026-01-28 08:49:06.142993931,3.6457752883263863,8,Wednesday
10983,2026-01-28 08:53:08.238564452,7.322612798550603,8,Wednesday
10992,2026-01-28 08:59:03.340659896,3.435855092315566,8,Wednesday
11013,2026-01-28 09:00:01.835960457,0.1010398857701297,9,Wednesday
11029,2026-01-28 09:03:39.721386863,3.6140416899469607,9,Wednesday
11024,2026-01-28 09:04:09.425645199,1.173315002115095,9,Wednesday
11023,2026-01-28 09:05:42.009942562,0.41311858298068904,9,Wednesday
11017,2026-01-28 09:09:10.459598580,2.8524511088471804,9,Wednesday
11009,2026-01-28 09:12:16.358247161,4.014857999641132,9,Wednesday
11015,2026-01-28 09:14:06.844487894,1.25262035396526,9,Wednesday
11022,2026-01-28 09:14:25.613251469,6.590358230730825,9,Wednesday
11019,2026-01-28 09:15:57.823885169,3.1950339779469994,9,Wednesday
11002,2026-01-28 09:16:40.790762471,2.2018137745322757,9,Wednesday
11027,2026-01-28 09:19:38.257116855,3.052300516174053,9,Wednesday
11020,2026-01-28 09:21:23.551715571,3.6362158346165376,9,Wednesday
11010,2026-01-28 09:30:13.273328501,1.1859618140239974,9,Wednesday
11025,2026-01-28 09:30:16.614396358,1.869016023424988,9,Wednesday
11014,2026-01-28 09:30:18.097518608,18.134710740090163,9,Wednesday
11000,2026-01-28 09:34:47.403241213,21.16674758619204,9,Wednesday
11004,2026-01-28 09:34:53.057172769,6.851413128922629,9,Wednesday
11008,2026-01-28 09:35:17.969980064,3.0338057784786376,9,Wednesday
11026,2026-01-28 09:38:30.161336223,0.6187975325308751,9,Wednesday
11018,2026-01-28 09:39:59.242498469,0.3076425340279782,9,Wednesday
11028,2026-01-28 09:41:24.935070455,20.77340071650738,9,Wednesday
11011,2026-01-28 09:42:40.000082582,0.13496367465865255,9,Wednesday
11012,2026-01-28 09:46:27.697390253,6.353338586261362,9,Wednesday
11003,2026-01-28 09:46:46.863715316,2.548093295667817,9,Wednesday
11031,2026-01-28 09:48:59.641955061,5.743286512926028,9,Wednesday
11006,2026-01-28 09:49:40.091459873,1.884495474958786,9,Wednesday
11030,2026-01-28 09:51:26.404721722,6.771695431979836,9,Wednesday
11016,2026-01-28 09:52:29.682599717,5.451734091625866,9,Wednesday
11021,2026-01-28 09:56:26.013338724,9.644195739658203,9,Wednesday
11005,2026-01-28 09:58:33.169957531,0.7198297730620861,9,Wednesday
11001,2026-01-28 09:59:48.221570686,13.78396907779581,9,Wednesday
11007,2026-01-28 09:59:54.690406762,0.6308835917689164,9,Wednesday
11066,2026-01-28 10:04:32.638214854,5.454297611140067,10,Wednesday
11062,2026-01-28 10:04:34.656755930,0.004961783463480442,10,Wednesday
11047,2026-01-28 10:09:19.187882345,2.067526153878967,10,Wednesday
11054,2026-01-28 10:09:35.527158853,3.149535578014096,10,Wednesday
11034,2026-01-28 10:10:17.435362728,1.2552114754688537,10,Wednesday
11053,2026-01-28 10:11:49.428722559,0.7388392855995001,10,Wednesday
11049,2026-01-28 10:15:17.282968117,8.757425623458259,10,Wednesday
11043,2026-01-28 10:16:45.591666709,2.458901883152121,10,Wednesday
11038,2026-01-28 10:16:57.326997135,0.2816020592688245,10,Wednesday
11035,2026-01-28 10:20:48.487991236,3.9793927790053014,10,Wednesday
11042,2026-01-28 10:21:18.598289006,0.4984894224022317,10,Wednesday
11073,2026-01-28 10:21:59.583377399,1.9957907906897685,10,Wednesday
11071,2026-01-28 10:22:57.265340936,1.406168008991449,10,Wednesday
11064,2026-01-28 10:23:47.062153412,5.566515173162846,10,Wednesday
11040,2026-01-28 10:24:15.574042258,1.4059761689337047,10,Wednesday
11050,2026-01-28 10:25:38.411003676,2.1253369159331252,10,Wednesday
11052,2026-01-28 10:27:16.212963537,1.7572306977680887,10,Wednesday
11055,2026-01-28 10:28:22.741559947,0.8476297620213785,10,Wednesday
11041,2026-01-28 10:29:23.874634777,1.4722543287968695,10,Wednesday
11072,2026-01-28 10:33:26.094785826,2.54006505613608,10,Wednesday
11039,2026-01-28 10:33:50.190370720,0.41636134062777796,10,Wednesday
11044,2026-01-28 10:40:29.146949009,4.430328145330898,10,Wednesday
11067,2026-01-28 10:42:54.874645636,4.72920707973984,10,Wednesday
11068,2026-01-28 10:44:08.479495212,3.2061589254974314,10,Wednesday
11060,2026-01-28 10:44:52.196499365,4.045555277574094,10,Wednesday
11032,2026-01-28 10:45:13.774542094,1.0908960037488142,10,Wednesday
11056,2026-01-28 10:45:45.620726315,3.1073406718384664,10,Wednesday
11070,2026-01-28 10:46:07.878974483,10.904925109287063,10,Wednesday
11045,2026-01-28 10:46:42.750534310,4.315672002210428,10,Wednesday
11037,2026-01-28 10:46:50.836245527,12.19354928971149,10,Wednesday
11058,2026-01-28 10:47:14.671062351,6.711025773647263,10,Wednesday
11048,2026-01-28 10:49:22.279885122,6.128633320575286,10,Wednesday
11046,2026-01-28 10:52:26.245641890,3.920062759729503,10,Wednesday
11059,2026-01-28 10:52:37.243052194,0.13977688238446662,10,Wednesday
11033,2026-01-28 10:52:52.878865100,1.4284358346799229,10,Wednesday
11061,2026-01-28 10:53:43.566362721,0.9285661596549177,10,Wednesday
11051,2026-01-28 10:54:05.197269057,0.4470823853518532,10,Wednesday
11065,2026-01-28 10:55:17.811203809,0.5209328142203749,10,Wednesday
11063,2026-01-28 10:55:47.753756333,10.170432566188035,10,Wednesday
11036,2026-01-28 10:58:12.366351593,11.830854182542996,10,Wednesday
11069,2026-01-28 10:59:48.879201471,2.717244260997997,10,Wednesday
11057,2026-01-28 10:59:49.938518307,1.2487397299344611,10,Wednesday
11086,2026-01-28 11:00:24.912344105,4.505277707147684,11,Wednesday
11078,2026-01-28 11:00:25.166827437,3.1270223380770252,11,Wednesday
11117,2026-01-28 11:00:32.627153471,4.6890927344387885,11,Wednesday
11120,2026-01-28 11:00:35.596314060,5.272768807444214,11,Wednesday
11087,2026-01-28 11:00:39.795835309,6.903266046130185,11,Wednesday
11101,2026-01-28 11:06:09.173253328,1.0572503190555496,11,Wednesday
11103,2026-01-28 11:07:51.702620924,0.5174982800578058,11,Wednesday
11105,2026-01-28 11:15:42.557636090,10.139797285123674,11,Wednesday
11102,2026-01-28 11:15:53.468640656,5.455360297525215,11,Wednesday
11119,2026-01-28 11:17:06.247825700,7.458831206659113,11,Wednesday
11127,2026-01-28 11:17:26.383636853,1.8051847061466546,11,Wednesday
11104,2026-01-28 11:17:41.036192796,17.849635108216823,11,Wednesday
11128,2026-01-28 11:18:18.697803983,0.5721855420053774,11,Wednesday
11113,2026-01-28 11:19:29.260210308,4.085164852534672,11,Wednesday
11100,2026-01-28 11:19:42.726419746,0.2191678312647174,11,Wednesday
11093,2026-01-28 11:21:33.013264211,6.724090379913022,11,Wednesday
11091,2026-01-28 11:24:01.457053956,9.388912089715792,11,Wednesday
11112,2026-01-28 11:24:50.622984768,2.6665685135742767,11,Wednesday
11089,2026-01-28 11:26:06.980059910,14.202653893502365,11,Wednesday
11097,2026-01-28 11:26:48.976934514,5.361745014945352,11,Wednesday
11090,2026-01-28 11:27:04.482192115,4.850652483667462,11,Wednesday
11116,2026-01-28 11:27:06.776977143,1.716040246234569,11,Wednesday
11096,2026-01-28 11:29:58.206371996,2.422163774012283,11,Wednesday
11126,2026-01-28 11:30:11.498661284,1.975402615099766,11,Wednesday
11122,2026-01-28 11:31:02.691079740,0.7887046329073643,11,Wednesday
11085,2026-01-28 11:32:14.565076489,5.851959069208474,11,Wednesday
11125,2026-01-28 11:32:28.225788497,0.9253689501862097,11,Wednesday
11088,2026-01-28 11:32:40.700600224,0.8161269150488362,11,Wednesday
11079,2026-01-28 11:38:02.574155170,5.298760291905755,11,Wednesday
11106,2026-01-28 11:38:15.761125992,4.921540919491429,11,Wednesday
11123,2026-01-28 11:41:06.758686818,4.958399458741142,11,Wednesday
11108,2026-01-28 11:41:08.677436389,10.927569268114619,11,Wednesday
11075,2026-01-28 11:41:49.720381477,0.8928004515850395,11,Wednesday
11099,2026-01-28 11:42:28.697427503,6.651917574397328,11,Wednesday
11111,2026-01-28 11:43:40.359439456,1.0832843248753352,11,Wednesday
11080,2026-01-28 11:44:20.297515031,3.1844720621706246,11,Wednesday
11076,2026-01-28 11:45:03.793648368,0.49649884019484736,11,Wednesday
11098,2026-01-28 11:45:39.674175175,0.49031206831980706,11,Wednesday
11110,2026-01-28 11:47:02.876130990,9.466024558956917,11,Wednesday
11118,2026-01-28 11:47:33.111812063,2.2109204633412656,11,Wednesday
11129,2026-01-28 11:47:47.551437706,3.958311665953704,11,Wednesday
11121,2026-01-28 11:48:17.958812314,1.3354866882420147,11,Wednesday
11083,2026-01-28 11:50:31.058452441,11.864469357715151,11,Wednesday
11114,2026-01-28 11:50:46.598540902,6.256911464129704,11,Wednesday
11094,2026-01-28 11:51:22.416990347,7.594118807164515,11,Wednesday
11082,2026-01-28 11:53:01.839495063,3.544380010357191,11,Wednesday
11095,2026-01-28 11:54:10.313257649,2.532800938325026,11,Wednesday
11115,2026-01-28 11:54:19.415638544,0.1530245323601539,11,Wednesday
11124,2026-01-28 11:54:52.883356120,2.9934352433996536,11,Wednesday
11092,2026-01-28 11:55:03.812912728,1.4158398065330897,11,Wednesday
11081,2026-01-28 11:55:04.177393525,0.7743629758434722,11,Wednesday
11109,2026-01-28 11:55:35.937869032,1.5019838102483696,11,Wednesday
11084,2026-01-28 11:56:44.848578990,0.8684431099184658,11,Wednesday
11107,2026-01-28 11:57:16.185702437,8.547878663733211,11,Wednesday
11077,2026-01-28 11:58:58.089142938,3.2020158051028007,11,Wednesday
11074,2026-01-28 11:59:12.443804052,2.980367742631618,11,Wednesday
11160,2026-01-28 12:00:32.379454142,3.8682353801070466,12,Wednesday
11193,2026-01-28 12:03:59.189874544,3.6284065328432735,12,Wednesday
11184,2026-01-28 12:04:05.283349595,2.160459984120372,12,Wednesday
11171,2026-01-28 12:04:26.118179924,8.577995630377032,12,Wednesday
11149,2026-01-28 12:04:44.237376953,1.8118145631071108,12,Wednesday
11138,2026-01-28 12:05:39.221120187,2.048340305982765,12,Wednesday
11162,2026-01-28 12:06:47.768699372,0.311568944157486,12,Wednesday
11200,2026-01-28 12:07:08.933496501,23.780280244420027,12,Wednesday
11153,2026-01-28 12:07:28.399398238,7.741300757332108,12,Wednesday
11131,2026-01-28 12:07:39.246769975,4.4045193072340805,12,Wednesday
11198,2026-01-28 12:07:53.205659933,2.8029103037248455,12,Wednesday
11188,2026-01-28 12:10:09.353102575,7.044145930586617,12,Wednesday
11166,2026-01-28 12:14:09.323114379,8.229474277201804,12,Wednesday
11157,2026-01-28 12:14:25.346234513,4.884844228809301,12,Wednesday
11159,2026-01-28 12:17:41.974609142,2.594250384233852,12,Wednesday
11155,2026-01-28 12:17:44.606057826,0.5632500624943895,12,Wednesday
11185,2026-01-28 12:18:07.483677384,0.4365240876013515,12,Wednesday
11186,2026-01-28 12:19:12.828147486,9.350821786010194,12,Wednesday
11173,2026-01-28 12:20:14.344173634,0.5180872283775404,12,Wednesday
11168,2026-01-28 12:21:12.791796740,6.182121760866357,12,Wednesday
11172,2026-01-28 12:24:25.693177958,11.702991440562977,12,Wednesday
11201,2026-01-28 12:24:28.836833391,3.739704826410387,12,Wednesday
11175,2026-01-28 12:24:37.028558351,7.957989695758863,12,Wednesday
11180,2026-01-28 12:25:39.718253059,0.6766079636074129,12,Wednesday
11187,2026-01-28 12:26:04.005424391,9.978094665730264,12,Wednesday
11132,2026-01-28 12:26:08.202688160,1.7942045486036207,12,Wednesday
11189,2026-01-28 12:29:46.341167820,1.3885242635670627,12,Wednesday
11191,2026-01-28 12:29:50.510112780,1.0178599344580102,12,Wednesday
11144,2026-01-28 12:30:53.327844655,1.740548869494506,12,Wednesday
11177,2026-01-28 12:36:08.766920125,0.30162463775602777,12,Wednesday
11133,2026-01-28 12:36:33.894373169,5.071084058741136,12,Wednesday
11148,2026-01-28 12:36:45.001360288,0.3204450257626349,12,Wednesday
11196,2026-01-28 12:37:04.466726827,1.7598352007056692,12,Wednesday
11161,2026-01-28 12:38:00.088483103,9.27700649496577,12,Wednesday
11137,2026-01-28 12:39:05.147323905,1.2122581500227843,12,Wednesday
11154,2026-01-28 12:39:13.437000454,0.23219522817647162,12,Wednesday
11163,2026-01-28 12:39:33.449302037,4.540649230459814,12,Wednesday
11190,2026-01-28 12:39:47.571578274,3.7037844986637976,12,Wednesday
11192,2026-01-28 12:39:56.855142711,1.6514063518220403,12,Wednesday
11134,2026-01-28 12:40:33.605619390,2.2894843764338773,12,Wednesday
11158,2026-01-28 12:41:02.323236553,1.059670751149551,12,Wednesday
11176,2026-01-28 12:41:04.518231551,1.4542519414826969,12,Wednesday
11143,2026-01-28 12:41:12.589424705,2.137094055881467,12,Wednesday
11142,2026-01-28 12:41:36.104772124,5.2340182228009455,12,Wednesday
11139,2026-01-28 12:41:43.100439368,9.400360238939294,12,Wednesday
11135,2026-01-28 12:41:44.830703124,9.858872158382981,12,Wednesday
11151,2026-01-28 12:42:30.821646895,16.328941840094416,12,Wednesday
11181,2026-01-28 12:43:24.881561908,5.571299966720237,12,Wednesday
11140,2026-01-28 12:43:29.217564387,2.442710040102479,12,Wednesday
11150,2026-01-28 12:43:36.260874226,1.933492243292153,12,Wednesday
11136,2026-01-28 12:43:44.275537552,5.024023097424367,12,Wednesday
11156,2026-01-28 12:45:36.976476250,8.424498333603323,12,Wednesday
11152,2026-01-28 12:46:32.045332113,4.4546846830524895,12,Wednesday
11147,2026-01-28 12:46:44.561532710,1.6718463554538814,12,Wednesday
11174,2026-01-28 12:47:06.651674603,0.5533387467110622,12,Wednesday
11170,2026-01-28 12:47:14.962447065,6.541770847880745,12,Wednesday
11199,2026-01-28 12:47:50.816112274,13.973736002875693,12,Wednesday
11167,2026-01-28 12:48:33.311619542,1.6163895245390945,12,Wednesday
11130,2026-01-28 12:49:34.648913774,1.9564689948009604,12,Wednesday
11182,2026-01-28 12:49:46.056338332,0.018112074005391096,12,Wednesday
11145,2026-01-28 12:52:04.522470906,3.224213315374869,12,Wednesday
11194,2026-01-28 12:52:33.554394146,6.640387808763947,12,Wednesday
11197,2026-01-28 12:52:53.007595092,13.060611190729787,12,Wednesday
11183,2026-01-28 12:53:55.988713903,0.5811942831437047,12,Wednesday
11169,2026-01-28 12:54:01.645461892,7.204341680076675,12,Wednesday
11164,2026-01-28 12:55:32.194014084,6.3121766039854075,12,Wednesday
11179,2026-01-28 12:56:16.025844485,8.570574193020073,12,Wednesday
11195,2026-01-28 12:56:20.649091563,0.4971925403498696,12,Wednesday
11165,2026-01-28 12:58:09.285363159,19.059046589836683,12,Wednesday
11178,2026-01-28 12:58:32.299388751,2.5643818002833436,12,Wednesday
11141,2026-01-28 12:59:36.527763601,3.8371888607217732,12,Wednesday
11146,2026-01-28 12:59:48.605143060,1.2095997239340142,12,Wednesday
11216,2026-01-28 13:00:22.627965126,1.2700368147070284,13,Wednesday
11255,2026-01-28 13:03:42.536497840,1.072605866654466,13,Wednesday
11252,2026-01-28 13:04:07.264870389,9.15059283929291,13,Wednesday
11222,2026-01-28 13:04:30.650106050,5.54036007419773,13,Wednesday
11226,2026-01-28 13:05:22.937557351,2.518841305567741,13,Wednesday
11247,2026-01-28 13:07:22.025273228,2.156391132970887,13,Wednesday
11209,2026-01-28 13:07:30.256462022,2.6555602604348567,13,Wednesday
11242,2026-01-28 13:08:24.563118127,7.34862746299716,13,Wednesday
11217,2026-01-28 13:08:31.715928169,0.16014851635542632,13,Wednesday
11257,2026-01-28 13:08:31.726933643,3.9867027733569795,13,Wednesday
11253,2026-01-28 13:08:42.502895758,1.4562703017744734,13,Wednesday
11220,2026-01-28 13:08:47.135549936,3.029927886987631,13,Wednesday
11202,2026-01-28 13:09:33.518647890,4.780554545404821,13,Wednesday
11206,2026-01-28 13:12:05.536573155,4.303300528678301,13,Wednesday
11229,2026-01-28 13:12:08.508817158,7.83982635611292,13,Wednesday
11246,2026-01-28 13:13:01.191885817,0.060255060523513704,13,Wednesday
11211,2026-01-28 13:13:16.596319340,3.601486172725777,13,Wednesday
11218,2026-01-28 13:13:23.871176767,2.840585529767547,13,Wednesday
11239,2026-01-28 13:14:28.685912117,5.230332285050208,13,Wednesday
11203,2026-01-28 13:15:07.368694819,7.784692025475253,13,Wednesday
11219,2026-01-28 13:16:19.041045739,6.094278716800725,13,Wednesday
11210,2026-01-28 13:16:37.128935909,9.016245620933237,13,Wednesday
11233,2026-01-28 13:19:23.963158296,1.2220543915902329,13,Wednesday
11250,2026-01-28 13:20:03.892024876,4.947131538952916,13,Wednesday
11243,2026-01-28 13:21:30.332672568,2.227308906259588,13,Wednesday
11212,2026-01-28 13:22:47.476663544,6.566453353561494,13,Wednesday
11259,2026-01-28 13:23:28.332390171,9.186279192138791,13,Wednesday
11260,2026-01-28 13:23:59.235891152,2.514214886125838,13,Wednesday
11236,2026-01-28 13:24:02.293359076,15.137234801746155,13,Wednesday
11221,2026-01-28 13:24:37.135985306,3.0807299003294615,13,Wednesday
11205,2026-01-28 13:26:01.125329035,2.3637662614669304,13,Wednesday
11234,2026-01-28 13:28:42.811374289,10.006251272348434,13,Wednesday
11262,2026-01-28 13:29:58.063683022,1.5101027397399087,13,Wednesday
11264,2026-01-28 13:30:18.688423509,3.515459961321574,13,Wednesday
11235,2026-01-28 13:30:44.167502824,9.736153057053707,13,Wednesday
11248,2026-01-28 13:31:05.616816509,0.4811452890570922,13,Wednesday
11232,2026-01-28 13:32:23.436681153,0.6522767356427654,13,Wednesday
11254,2026-01-28 13:32:46.585755640,0.7198319109289106,13,Wednesday
11249,2026-01-28 13:32:51.668602904,1.9392706741765027,13,Wednesday
11245,2026-01-28 13:34:01.823160666,1.1444462070563048,13,Wednesday
11225,2026-01-28 13:34:27.360082563,0.830943160819182,13,Wednesday
11240,2026-01-28 13:35:08.005874351,6.2007187329676325,13,Wednesday
11265,2026-01-28 13:35:34.459229058,11.156689413019263,13,Wednesday
11267,2026-01-28 13:36:26.311474516,4.270748893157884,13,Wednesday
11251,2026-01-28 13:37:49.497702308,11.244181718897162,13,Wednesday
11207,2026-01-28 13:39:04.052681828,0.45111805930073556,13,Wednesday
11215,2026-01-28 13:39:45.086077381,11.579246634578443,13,Wednesday
11258,2026-01-28 13:40:26.111546704,1.00753547740592,13,Wednesday
11241,2026-01-28 13:41:19.280943352,5.162202252929986,13,Wednesday
11230,2026-01-28 13:42:16.703349986,6.395019332888693,13,Wednesday
11214,2026-01-28 13:42:49.349168187,3.1227035017600646,13,Wednesday
11263,2026-01-28 13:43:32.359669117,2.4979594521528576,13,Wednesday
11208,2026-01-28 13:43:57.942700974,2.2220995515316497,13,Wednesday
11238,2026-01-28 13:44:37.979199393,3.8480798353628427,13,Wednesday
11223,2026-01-28 13:45:00.079885396,1.4677550268671093,13,Wednesday
11266,2026-01-28 13:45:38.572660330,10.15354000433141,13,Wednesday
11213,2026-01-28 13:45:48.401624073,0.09595181397266694,13,Wednesday
11261,2026-01-28 13:45:53.602303000,11.474183545750202,13,Wednesday
11204,2026-01-28 13:47:05.567674197,14.888166838677396,13,Wednesday
11224,2026-01-28 13:47:15.794834265,6.969411214940429,13,Wednesday
11231,2026-01-28 13:50:30.979070312,2.224380988493299,13,Wednesday
11256,2026-01-28 13:52:51.271553967,17.699996378528326,13,Wednesday
11227,2026-01-28 13:53:24.299410368,5.335685965114658,13,Wednesday
11244,2026-01-28 13:54:19.973813774,0.9887971828419031,13,Wednesday
11237,2026-01-28 13:55:47.432977081,0.39515462958769143,13,Wednesday
11228,2026-01-28 13:57:56.288983349,8.812042488448814,13,Wednesday
11307,2026-01-28 14:01:15.012574543,5.418879809922913,14,Wednesday
11308,2026-01-28 14:03:58.462207518,2.642649738752756,14,Wednesday
11304,2026-01-28 14:04:39.248066143,6.387837464711689,14,Wednesday
11319,2026-01-28 14:04:52.254139410,11.648300182007304,14,Wednesday
11311,2026-01-28 14:09:27.747520963,5.41780312480358,14,Wednesday
11302,2026-01-28 14:09:43.138536947,1.931913974889793,14,Wednesday
11288,2026-01-28 14:10:03.710362484,2.0904600180474895,14,Wednesday
11279,2026-01-28 14:10:37.548099458,4.410740388071631,14,Wednesday
11303,2026-01-28 14:10:40.906306579,3.0648960873188305,14,Wednesday
11315,2026-01-28 14:13:29.995237263,11.965923765164879,14,Wednesday
11313,2026-01-28 14:13:55.222324614,0.9846903176979442,14,Wednesday
11291,2026-01-28 14:16:17.908070679,1.266546815795807,14,Wednesday
11312,2026-01-28 14:16:17.944750377,11.769140678606679,14,Wednesday
11297,2026-01-28 14:18:15.311820275,4.4442216479253425,14,Wednesday
11295,2026-01-28 14:18:46.378485345,0.7472394230384787,14,Wednesday
11281,2026-01-28 14:18:57.886987246,3.4626660311135793,14,Wednesday
11278,2026-01-28 14:20:25.031281554,1.4907090395598304,14,Wednesday
11316,2026-01-28 14:21:09.355242761,1.947555721253318,14,Wednesday
11314,2026-01-28 14:23:56.584387216,3.300846453679294,14,Wednesday
11301,2026-01-28 14:24:57.023933150,8.1450504486067,14,Wednesday
11273,2026-01-28 14:25:44.234804037,1.251936454658462,14,Wednesday
11271,2026-01-28 14:26:59.512903301,6.476173641417352,14,Wednesday
11309,2026-01-28 14:27:26.881172290,3.505714563863367,14,Wednesday
11299,2026-01-28 14:27:46.705194524,3.451333069710251,14,Wednesday
11277,2026-01-28 14:28:51.122851090,0.7882748234920562,14,Wednesday
11276,2026-01-28 14:30:26.508755608,5.679754394106164,14,Wednesday
11272,2026-01-28 14:31:55.226191680,6.562633233635533,14,Wednesday
11300,2026-01-28 14:35:51.159748297,2.310669884706288,14,Wednesday
11269,2026-01-28 14:36:27.983605958,13.633533891919393,14,Wednesday
11318,2026-01-28 14:36:39.633294435,0.5105927186272529,14,Wednesday
11305,2026-01-28 14:37:05.061646997,2.8400778987284605,14,Wednesday
11286,2026-01-28 14:37:24.134736795,5.244553242173021,14,Wednesday
11289,2026-01-28 14:37:36.165273444,0.494389821483014,14,Wednesday
11320,2026-01-28 14:38:15.884398484,2.945847201069692,14,Wednesday
11296,2026-01-28 14:40:53.783724605,0.411653609467861,14,Wednesday
11274,2026-01-28 14:42:10.515593023,11.676761870520547,14,Wednesday
11283,2026-01-28 14:42:55.249276634,5.1159537798923,14,Wednesday
11317,2026-01-28 14:43:42.753355182,17.157901230370424,14,Wednesday
11310,2026-01-28 14:44:15.794650205,17.08716065092694,14,Wednesday
11298,2026-01-28 14:44:20.545394994,1.032793538749611,14,Wednesday
11292,2026-01-28 14:44:26.713684651,13.695344170907678,14,Wednesday
11290,2026-01-28 14:46:20.192206492,1.2446771695942471,14,Wednesday
11293,2026-01-28 14:46:42.516584818,2.8326869643872565,14,Wednesday
11270,2026-01-28 14:46:51.951918447,1.7075547680354861,14,Wednesday
11284,2026-01-28 14:47:27.303361001,3.3388141610604594,14,Wednesday
11282,2026-01-28 14:48:02.489268867,2.3420660681233043,14,Wednesday
11294,2026-01-28 14:49:52.276641659,0.2148811870931595,14,Wednesday
11306,2026-01-28 14:50:55.098232631,7.880391324795309,14,Wednesday
11275,2026-01-28 14:51:05.295649992,3.378336247388644,14,Wednesday
11287,2026-01-28 14:53:52.621236175,2.7419586937121347,14,Wednesday
11285,2026-01-28 14:56:12.365280139,0.023102972486820843,14,Wednesday
11280,2026-01-28 14:56:21.291802350,1.9211650764927826,14,Wednesday
11268,2026-01-28 14:58:32.279035315,3.2416069068357842,14,Wednesday
11334,2026-01-28 15:03:29.676429977,3.23180648887254,15,Wednesday
11338,2026-01-28 15:04:21.760371640,0.5260657043789476,15,Wednesday
11324,2026-01-28 15:06:41.263702500,1.4599453882406912,15,Wednesday
11328,2026-01-28 15:07:05.012039142,1.9365694612823696,15,Wednesday
11349,2026-01-28 15:07:23.867278936,5.849423805484571,15,Wednesday
11337,2026-01-28 15:07:55.762310295,6.311521731525286,15,Wednesday
11321,2026-01-28 15:08:08.905580049,3.325942144422118,15,Wednesday
11326,2026-01-28 15:10:50.291583411,0.49078269832869803,15,Wednesday
11339,2026-01-28 15:11:16.107999207,0.7557560471958885,15,Wednesday
11330,2026-01-28 15:11:47.061483536,5.522181786806971,15,Wednesday
11329,2026-01-28 15:14:23.430294531,17.33124650374044,15,Wednesday
11346,2026-01-28 15:14:26.250816225,4.849640496743285,15,Wednesday
11343,2026-01-28 15:14:58.127620674,5.327253819719212,15,Wednesday
11354,2026-01-28 15:15:23.143300746,4.984673314540945,15,Wednesday
11344,2026-01-28 15:19:56.051742888,4.053952965051673,15,Wednesday
11352,2026-01-28 15:25:06.836153294,8.510489112348946,15,Wednesday
11325,2026-01-28 15:27:43.012973249,1.6335846003744745,15,Wednesday
11350,2026-01-28 15:28:02.324561358,0.693909579387272,15,Wednesday
11333,2026-01-28 15:30:39.924724163,0.8316445397232075,15,Wednesday
11342,2026-01-28 15:32:26.140754262,5.747984129496092,15,Wednesday
11331,2026-01-28 15:33:09.071209321,2.775673659295594,15,Wednesday
11335,2026-01-28 15:33:48.200150148,5.207317307565432,15,Wednesday
11355,2026-01-28 15:34:15.319746481,2.708166593355494,15,Wednesday
11348,2026-01-28 15:34:49.913416047,0.785703268945416,15,Wednesday
11341,2026-01-28 15:35:30.049510315,13.217624336974056,15,Wednesday
11322,2026-01-28 15:39:32.813070839,5.103926198478369,15,Wednesday
11327,2026-01-28 15:44:42.131522765,1.6404028205114132,15,Wednesday
11340,2026-01-28 15:44:45.910762157,0.8699191370952877,15,Wednesday
11336,2026-01-28 15:47:51.075597544,0.28592484176063754,15,Wednesday
11356,2026-01-28 15:50:37.867409527,2.5232281155071017,15,Wednesday
11353,2026-01-28 15:51:48.191633241,5.395770605297284,15,Wednesday
11332,2026-01-28 15:52:23.462731202,22.136986751249296,15,Wednesday
11347,2026-01-28 15:54:05.923523718,2.639432684043237,15,Wednesday
11357,2026-01-28 15:55:14.478388210,5.860152334609028,15,Wednesday
11351,2026-01-28 15:56:54.775382499,1.0577339041053433,15,Wednesday
11345,2026-01-28 15:57:57.186046596,1.7322512500620715,15,Wednesday
11323,2026-01-28 15:58:40.121360897,0.014922901070977978,15,Wednesday
11381,2026-01-28 16:00:05.948957311,1.5345638209163335,16,Wednesday
11380,2026-01-28 16:00:40.944117616,7.341091436684018,16,Wednesday
11391,2026-01-28 16:00:51.732741336,3.5747455288625933,16,Wednesday
11385,2026-01-28 16:00:54.985817026,1.6013555891897735,16,Wednesday
11364,2026-01-28 16:03:17.870620963,0.8424466517517682,16,Wednesday
11378,2026-01-28 16:05:43.452363138,3.343256560014069,16,Wednesday
11369,2026-01-28 16:09:35.744538874,0.4505355103087524,16,Wednesday
11386,2026-01-28 16:13:36.084816006,2.567634461872623,16,Wednesday
11371,2026-01-28 16:13:59.537699940,3.9595212328285587,16,Wednesday
11390,2026-01-28 16:14:12.698553985,3.011690581740239,16,Wednesday
11377,2026-01-28 16:17:11.816010419,21.99314231419576,16,Wednesday
11372,2026-01-28 16:18:57.295016840,12.72916634935563,16,Wednesday
11370,2026-01-28 16:21:30.418009680,9.438693607657548,16,Wednesday
11374,2026-01-28 16:21:53.221728132,12.660481215428,16,Wednesday
11360,2026-01-28 16:24:44.746164045,0.11036859075634793,16,Wednesday
11376,2026-01-28 16:26:18.604493788,0.6446116491999307,16,Wednesday
11363,2026-01-28 16:30:42.321195205,6.201582572520948,16,Wednesday
11362,2026-01-28 16:32:35.764229754,1.012930514772819,16,Wednesday
11375,2026-01-28 16:33:38.512142871,0.4048855548810088,16,Wednesday
11389,2026-01-28 16:34:00.479437696,0.9158466895349626,16,Wednesday
11365,2026-01-28 16:34:26.308957685,3.883659497336436,16,Wednesday
11373,2026-01-28 16:34:46.341636577,12.421936344134988,16,Wednesday
11384,2026-01-28 16:43:37.570179769,7.668484773135144,16,Wednesday
11367,2026-01-28 16:46:48.481857102,7.278831548156219,16,Wednesday
11368,2026-01-28 16:47:10.741720917,4.396433218156409,16,Wednesday
11388,2026-01-28 16:48:30.975307825,3.3792179555560793,16,Wednesday
11361,2026-01-28 16:49:14.240115419,25.280890449622806,16,Wednesday
11382,2026-01-28 16:49:36.471863148,6.495369310330796,16,Wednesday
11379,2026-01-28 16:53:30.618446441,1.360448359912403,16,Wednesday
11366,2026-01-28 16:54:02.080550027,0.42023136882402196,16,Wednesday
11359,2026-01-28 16:57:20.518412107,4.733503098883546,16,Wednesday
11358,2026-01-28 16:58:09.369279654,0.10541073811724984,16,Wednesday
11387,2026-01-28 16:58:18.561720943,2.665790770331578,16,Wednesday
11383,2026-01-28 16:59:48.519385172,9.078799276192845,16,Wednesday
11409,2026-01-29 08:04:19.134973403,8.773633368229033,8,Thursday
11398,2026-01-29 08:08:48.976785405,11.523762319261895,8,Thursday
11393,2026-01-29 08:13:50.822121049,11.145609821081713,8,Thursday
11396,2026-01-29 08:19:09.737999177,0.5682208077696361,8,Thursday
11399,2026-01-29 08:20:30.934696481,3.433751008933666,8,Thursday
11408,2026-01-29 08:24:56.309639932,17.683583869494303,8,Thursday
11410,2026-01-29 08:25:22.092500815,18.36958314946886,8,Thursday
11406,2026-01-29 08:29:23.591185043,0.33362617807362543,8,Thursday
11392,2026-01-29 08:31:02.404194526,8.17084351479912,8,Thursday
11407,2026-01-29 08:33:41.672651853,5.268289370367626,8,Thursday
11402,2026-01-29 08:34:31.168483475,2.6963527250385355,8,Thursday
11397,2026-01-29 08:38:43.101344463,1.120358554391214,8,Thursday
11394,2026-01-29 08:39:47.263457679,0.26419193807394376,8,Thursday
11403,2026-01-29 08:42:08.465259114,5.607976133141197,8,Thursday
11411,2026-01-29 08:47:26.258421779,9.34119849105242,8,Thursday
11395,2026-01-29 08:47:50.330918711,3.744933858880522,8,Thursday
11404,2026-01-29 08:51:14.455494741,0.7159262433876987,8,Thursday
11400,2026-01-29 08:54:33.206146378,7.105359155222942,8,Thursday
11401,2026-01-29 08:54:40.709387385,0.33275128155554395,8,Thursday
11405,2026-01-29 08:57:30.791467125,1.9712749776385259,8,Thursday
11418,2026-01-29 09:00:13.601466732,2.9034126576568484,9,Thursday
11428,2026-01-29 09:02:30.934875760,6.265205369893817,9,Thursday
11416,2026-01-29 09:03:22.409696967,1.6876176652136212,9,Thursday
11431,2026-01-29 09:03:54.865635031,3.238675680098782,9,Thursday
11443,2026-01-29 09:04:45.925318677,2.303324123428934,9,Thursday
11415,2026-01-29 09:10:55.443404200,13.193210519083829,9,Thursday
11430,2026-01-29 09:12:02.327072001,8.48863037588163,9,Thursday
11429,2026-01-29 09:12:14.840224409,3.817948196389072,9,Thursday
11424,2026-01-29 09:14:43.303401551,12.818524288583038,9,Thursday
11427,2026-01-29 09:14:57.676668451,1.214568581134778,9,Thursday
11435,2026-01-29 09:15:07.815980394,7.482651181782831,9,Thursday
11442,2026-01-29 09:18:36.887128875,0.2270217688360386,9,Thursday
11421,2026-01-29 09:19:42.596110912,5.1326500514261,9,Thursday
11440,2026-01-29 09:22:24.688660124,4.12139603909413,9,Thursday
11433,2026-01-29 09:22:47.909728050,13.308365777075753,9,Thursday
11413,2026-01-29 09:24:22.515359140,4.408024566038786,9,Thursday
11444,2026-01-29 09:26:42.151587036,3.454876437037355,9,Thursday
11436,2026-01-29 09:27:11.635794359,0.34769062519179167,9,Thursday
11412,2026-01-29 09:31:05.708321087,0.15632256422622323,9,Thursday
11439,2026-01-29 09:31:28.635965829,5.90758424924847,9,Thursday
11437,2026-01-29 09:38:20.462744136,1.1467995534603506,9,Thursday
11422,2026-01-29 09:41:52.151435110,7.113153778062213,9,Thursday
11432,2026-01-29 09:43:33.626584758,7.66096408050585,9,Thursday
11420,2026-01-29 09:43:43.872131545,6.6655856034653995,9,Thursday
11425,2026-01-29 09:46:15.224459806,2.818818295472746,9,Thursday
11445,2026-01-29 09:47:06.335903392,1.1878576122704694,9,Thursday
11426,2026-01-29 09:48:15.730650029,20.898659211818075,9,Thursday
11423,2026-01-29 09:49:04.350565866,8.575153141871883,9,Thursday
11414,2026-01-29 09:49:05.141622165,4.512728748722296,9,Thursday
11441,2026-01-29 09:52:01.254282499,2.286237663631892,9,Thursday
11438,2026-01-29 09:52:38.873818818,18.30704921280281,9,Thursday
11434,2026-01-29 09:53:03.790202833,6.589334548545366,9,Thursday
11417,2026-01-29 09:56:52.417761664,1.6344477800570287,9,Thursday
11419,2026-01-29 09:58:36.585558753,2.207391087114864,9,Thursday
11460,2026-01-29 10:00:07.493444459,2.578433903348344,10,Thursday
11468,2026-01-29 10:00:16.561964613,17.003487035668137,10,Thursday
11453,2026-01-29 10:05:32.618504173,1.7975392423738796,10,Thursday
11454,2026-01-29 10:05:44.921686764,2.324585919293725,10,Thursday
11464,2026-01-29 10:06:32.453080324,2.454839935860527,10,Thursday
11462,2026-01-29 10:13:55.484717476,21.85452535993624,10,Thursday
11466,2026-01-29 10:14:05.545323915,2.0975822748026283,10,Thursday
11465,2026-01-29 10:14:17.113855360,12.262192200251205,10,Thursday
11447,2026-01-29 10:14:23.704507876,2.8454077887413955,10,Thursday
11458,2026-01-29 10:19:35.222773503,3.574731501279262,10,Thursday
11472,2026-01-29 10:21:45.841745580,1.548359195037521,10,Thursday
11457,2026-01-29 10:25:33.180472074,5.348277594262879,10,Thursday
11450,2026-01-29 10:28:23.423728876,20.245048066906072,10,Thursday
11455,2026-01-29 10:28:33.759058395,0.9005513154763587,10,Thursday
11446,2026-01-29 10:35:09.255248259,11.199025957971651,10,Thursday
11448,2026-01-29 10:35:14.602108042,4.258704326791786,10,Thursday
11456,2026-01-29 10:35:17.168799543,1.1734535239545423,10,Thursday
11469,2026-01-29 10:38:22.697553492,2.47376790210579,10,Thursday
11459,2026-01-29 10:38:27.578818054,1.3141789721677897,10,Thursday
11471,2026-01-29 10:40:20.185154489,1.7543435287868834,10,Thursday
11451,2026-01-29 10:51:26.604610513,2.98757867745191,10,Thursday
11470,2026-01-29 10:52:10.871691819,5.69537431870096,10,Thursday
11449,2026-01-29 10:54:01.223869947,17.135528790025106,10,Thursday
11463,2026-01-29 10:55:01.555566898,9.605896761480347,10,Thursday
11452,2026-01-29 10:55:38.177200319,9.398038720823847,10,Thursday
11473,2026-01-29 10:57:29.913705730,4.268418809650262,10,Thursday
11461,2026-01-29 10:58:05.063811109,2.3355069031419937,10,Thursday
11467,2026-01-29 10:59:46.150455122,5.511618528340522,10,Thursday
11492,2026-01-29 11:00:21.029760437,1.0638897204800517,11,Thursday
11506,2026-01-29 11:01:11.755801630,4.434238787838415,11,Thursday
11489,2026-01-29 11:03:53.565185138,19.58495239158222,11,Thursday
11481,2026-01-29 11:05:15.262142158,3.0223971687765108,11,Thursday
11493,2026-01-29 11:05:44.071344738,0.7639783420347828,11,Thursday
11476,2026-01-29 11:05:45.450707507,0.3738166843911092,11,Thursday
11509,2026-01-29 11:06:37.539491267,1.316268913435385,11,Thursday
11500,2026-01-29 11:08:42.182306885,0.6335188596381597,11,Thursday
11512,2026-01-29 11:12:18.305395099,3.754638004477683,11,Thursday
11494,2026-01-29 11:12:26.246316938,3.015918805947717,11,Thursday
11498,2026-01-29 11:16:34.261731863,5.544931501498862,11,Thursday
11497,2026-01-29 11:17:37.834507534,22.2857737945137,11,Thursday
11485,2026-01-29 11:20:14.571043739,3.092077113374847,11,Thursday
11488,2026-01-29 11:20:24.033360868,2.2827846487711017,11,Thursday
11495,2026-01-29 11:20:52.988233167,0.11085193305945179,11,Thursday
11505,2026-01-29 11:25:52.453169006,3.069215978867928,11,Thursday
11479,2026-01-29 11:26:15.698537608,6.065851097355877,11,Thursday
11513,2026-01-29 11:27:39.955516682,2.5718042068522977,11,Thursday
11514,2026-01-29 11:27:39.971466721,0.14942322754936538,11,Thursday
11510,2026-01-29 11:27:43.774969048,2.3691837146318515,11,Thursday
11482,2026-01-29 11:29:43.085953282,5.004283455867824,11,Thursday
11501,2026-01-29 11:29:43.656479420,3.20373068392269,11,Thursday
11490,2026-01-29 11:30:19.589964184,3.9077074652656463,11,Thursday
11475,2026-01-29 11:31:04.965183881,2.2742287364759664,11,Thursday
11486,2026-01-29 11:31:52.924309756,3.935478141291058,11,Thursday
11496,2026-01-29 11:32:27.784402190,2.9443438006139537,11,Thursday
11491,2026-01-29 11:36:05.888648964,1.388455697613171,11,Thursday
11480,2026-01-29 11:37:05.406778798,16.762066012798748,11,Thursday
11503,2026-01-29 11:37:30.047696817,11.22618341883709,11,Thursday
11508,2026-01-29 11:37:54.927413141,8.866951932194807,11,Thursday
11474,2026-01-29 11:38:35.888922579,7.120384473745056,11,Thursday
11507,2026-01-29 11:38:46.069326121,3.6081560461467843,11,Thursday
11487,2026-01-29 11:41:50.580686715,15.05418956127037,11,Thursday
11504,2026-01-29 11:43:01.939727619,1.0001418379682734,11,Thursday
11478,2026-01-29 11:45:09.554404360,5.693909999721393,11,Thursday
11515,2026-01-29 11:48:38.741285331,6.999642910974989,11,Thursday
11516,2026-01-29 11:49:28.473133186,17.910373942730605,11,Thursday
11499,2026-01-29 11:52:09.657637727,7.131127954119841,11,Thursday
11484,2026-01-29 11:53:47.763448997,0.8162345609658407,11,Thursday
11511,2026-01-29 11:54:55.184200796,7.853112767079315,11,Thursday
11483,2026-01-29 11:55:50.996696942,3.873856789983226,11,Thursday
11502,2026-01-29 11:57:10.168980970,1.685924159464627,11,Thursday
11477,2026-01-29 11:59:37.312908457,2.1499390630782673,11,Thursday
11519,2026-01-29 12:00:51.991575246,15.370711748380476,12,Thursday
11530,2026-01-29 12:02:32.783012850,10.966450559488825,12,Thursday
11537,2026-01-29 12:03:00.379535417,0.34763467361072775,12,Thursday
11539,2026-01-29 12:03:26.367375111,1.8479069518157858,12,Thursday
11578,2026-01-29 12:04:26.512634661,8.62624632142817,12,Thursday
11559,2026-01-29 12:05:08.602686345,6.036439699756382,12,Thursday
11570,2026-01-29 12:05:51.461662590,3.011296427535828,12,Thursday
11557,2026-01-29 12:08:43.768886845,5.587352011824751,12,Thursday
11572,2026-01-29 12:10:50.665103541,3.809496858365117,12,Thursday
11542,2026-01-29 12:11:57.713034289,0.30900699568083106,12,Thursday
11550,2026-01-29 12:12:16.808211338,2.447403714469185,12,Thursday
11560,2026-01-29 12:13:06.844031805,2.1342484089606404,12,Thursday
11535,2026-01-29 12:13:22.976285959,11.597325064394449,12,Thursday
11568,2026-01-29 12:13:26.954415925,18.439312377642093,12,Thursday
11518,2026-01-29 12:13:54.051475524,8.00450420198491,12,Thursday
11573,2026-01-29 12:15:26.657598525,0.9002759556720636,12,Thursday
11536,2026-01-29 12:16:35.365424465,3.5297596592567797,12,Thursday
11554,2026-01-29 12:16:51.834536208,1.9996932183729874,12,Thursday
11527,2026-01-29 12:17:12.262881981,0.7832278680558584,12,Thursday
11552,2026-01-29 12:18:03.693913350,2.0786532503399298,12,Thursday
11569,2026-01-29 12:18:10.767350391,5.465094668875276,12,Thursday
11582,2026-01-29 12:19:28.022353126,4.909381000528325,12,Thursday
11575,2026-01-29 12:19:36.320431195,2.6272647734888057,12,Thursday
11534,2026-01-29 12:19:53.559133303,1.0140772630431212,12,Thursday
11579,2026-01-29 12:21:46.309787628,1.9736075911489004,12,Thursday
11541,2026-01-29 12:22:18.946039918,1.8502005779164823,12,Thursday
11583,2026-01-29 12:22:45.268031143,1.8410297979374914,12,Thursday
11577,2026-01-29 12:23:51.237631641,1.0683378356703324,12,Thursday
11580,2026-01-29 12:24:29.045530929,2.9348326492431305,12,Thursday
11526,2026-01-29 12:25:37.829242822,1.2669983595053227,12,Thursday
11561,2026-01-29 12:26:39.007611142,3.042820487138609,12,Thursday
11538,2026-01-29 12:28:30.399450540,0.7617525151404508,12,Thursday
11528,2026-01-29 12:28:36.700650448,1.0197104980327838,12,Thursday
11563,2026-01-29 12:29:18.826984195,5.795395602946898,12,Thursday
11546,2026-01-29 12:29:30.288660374,1.342971534176747,12,Thursday
11521,2026-01-29 12:29:35.191853693,2.617935220574879,12,Thursday
11525,2026-01-29 12:30:37.125300283,1.8042544563477003,12,Thursday
11517,2026-01-29 12:31:00.752675501,7.113892455874723,12,Thursday
11543,2026-01-29 12:32:41.472808209,1.3461181145987557,12,Thursday
11564,2026-01-29 12:33:01.473995442,1.363728828293092,12,Thursday
11576,2026-01-29 12:33:59.928186075,6.363750715698975,12,Thursday
11533,2026-01-29 12:35:52.156962916,9.178229415465335,12,Thursday
11571,2026-01-29 12:38:40.028510993,0.8570702558651218,12,Thursday
11520,2026-01-29 12:39:12.233763323,7.9373425438922265,12,Thursday
11565,2026-01-29 12:41:39.929818285,9.037784086643995,12,Thursday
11523,2026-01-29 12:41:40.856702767,3.55324353442178,12,Thursday
11545,2026-01-29 12:41:42.471776466,25.8973201786819,12,Thursday
11540,2026-01-29 12:43:06.507173193,0.22267345462812924,12,Thursday
11548,2026-01-29 12:44:14.915298836,5.804390465653445,12,Thursday
11547,2026-01-29 12:46:36.891477316,1.3668347815732758,12,Thursday
11522,2026-01-29 12:46:55.553329515,8.616071963077896,12,Thursday
11584,2026-01-29 12:46:58.428367220,2.440454507319491,12,Thursday
11567,2026-01-29 12:47:00.065040447,1.333504745183622,12,Thursday
11551,2026-01-29 12:51:31.959274531,10.421989819991246,12,Thursday
11529,2026-01-29 12:52:22.337321242,0.32631018047740107,12,Thursday
11574,2026-01-29 12:53:17.209158649,2.8061376190269427,12,Thursday
11549,2026-01-29 12:53:30.247659808,9.807669582843495,12,Thursday
11581,2026-01-29 12:53:44.523966881,7.399531381146423,12,Thursday
11555,2026-01-29 12:55:36.654755385,4.699797884419587,12,Thursday
11553,2026-01-29 12:56:27.596140170,1.0971017029604009,12,Thursday
11556,2026-01-29 12:57:49.646572070,2.2875552123333556,12,Thursday
11566,2026-01-29 12:58:05.856809782,6.397843384238929,12,Thursday
11544,2026-01-29 12:58:25.533506074,1.5439821382586243,12,Thursday
11558,2026-01-29 12:58:28.199579746,1.352066068872388,12,Thursday
11531,2026-01-29 12:58:40.440170230,13.368809820556098,12,Thursday
11524,2026-01-29 12:59:16.628525543,1.6266707083147303,12,Thursday
11532,2026-01-29 12:59:35.905899508,4.418759450631423,12,Thursday
11562,2026-01-29 12:59:36.950516562,4.079344788723024,12,Thursday
11641,2026-01-29 13:01:00.721854245,1.3943022872940283,13,Thursday
11605,2026-01-29 13:02:03.107348054,2.8174894172603064,13,Thursday
11614,2026-01-29 13:02:47.161159407,5.873529551828076,13,Thursday
11612,2026-01-29 13:04:02.003645836,4.316199065482496,13,Thursday
11622,2026-01-29 13:04:47.420152861,4.278885480422797,13,Thursday
11649,2026-01-29 13:05:27.491454336,1.8430226962699896,13,Thursday
11647,2026-01-29 13:08:05.984049590,7.602251337247123,13,Thursday
11632,2026-01-29 13:08:20.159625985,1.2889650243391721,13,Thursday
11588,2026-01-29 13:08:44.543802291,6.447200647203271,13,Thursday
11635,2026-01-29 13:09:31.820931742,0.10601601187164801,13,Thursday
11644,2026-01-29 13:10:41.035577969,0.4532211412008325,13,Thursday
11639,2026-01-29 13:10:46.483538197,2.1357001162176066,13,Thursday
11595,2026-01-29 13:11:21.018708966,5.743983500893907,13,Thursday
11640,2026-01-29 13:12:48.666565596,1.4629782991748417,13,Thursday
11590,2026-01-29 13:13:17.210790876,2.0839589807487884,13,Thursday
11650,2026-01-29 13:15:47.677162583,4.258339627146545,13,Thursday
11615,2026-01-29 13:17:39.301469118,13.406040545171576,13,Thursday
11626,2026-01-29 13:17:55.374673648,0.629898405414363,13,Thursday
11646,2026-01-29 13:17:57.103822074,0.23375884302334926,13,Thursday
11598,2026-01-29 13:18:00.895848898,0.8855230169332797,13,Thursday
11627,2026-01-29 13:18:18.341932152,2.0663299458604536,13,Thursday
11617,2026-01-29 13:18:34.642414534,0.3166851750611409,13,Thursday
11589,2026-01-29 13:18:36.967027247,4.204173050063,13,Thursday
11625,2026-01-29 13:19:19.178026776,10.529284535790893,13,Thursday
11630,2026-01-29 13:19:47.000851779,3.934266880389234,13,Thursday
11585,2026-01-29 13:19:57.448319544,9.548128431572145,13,Thursday
11597,2026-01-29 13:20:34.242384775,10.165684321455068,13,Thursday
11651,2026-01-29 13:22:16.800090338,2.634447805899836,13,Thursday
11601,2026-01-29 13:22:42.498353329,0.6678376270072178,13,Thursday
11591,2026-01-29 13:23:25.127565185,6.470843386684554,13,Thursday
11620,2026-01-29 13:25:13.581045406,3.731353145695182,13,Thursday
11648,2026-01-29 13:25:21.225594069,0.20038054207688644,13,Thursday
11611,2026-01-29 13:25:52.006396146,5.349347823017894,13,Thursday
11613,2026-01-29 13:27:39.203890659,22.137513305474048,13,Thursday
11633,2026-01-29 13:28:07.603457811,6.222190463524694,13,Thursday
11593,2026-01-29 13:30:24.346286222,4.826019071779692,13,Thursday
11592,2026-01-29 13:30:57.542710353,5.752146829446204,13,Thursday
11587,2026-01-29 13:34:47.233770901,2.923744988198102,13,Thursday
11616,2026-01-29 13:35:12.767250468,0.6274374154722384,13,Thursday
11631,2026-01-29 13:35:33.325250800,4.028941814023319,13,Thursday
11643,2026-01-29 13:38:38.740896370,8.497535774930247,13,Thursday
11608,2026-01-29 13:40:09.444857351,1.175146887500528,13,Thursday
11599,2026-01-29 13:41:06.642881448,10.765890945755991,13,Thursday
11618,2026-01-29 13:41:07.422885274,1.8625315930522814,13,Thursday
11642,2026-01-29 13:43:28.926526496,0.5255140435067298,13,Thursday
11586,2026-01-29 13:43:32.511701219,7.864294323514251,13,Thursday
11602,2026-01-29 13:44:48.649109618,4.5817962045933545,13,Thursday
11594,2026-01-29 13:45:16.285235627,4.811091200471384,13,Thursday
11609,2026-01-29 13:45:36.080708716,2.455515578043571,13,Thursday
11604,2026-01-29 13:46:00.493194745,8.450521681944661,13,Thursday
11607,2026-01-29 13:46:28.131450435,1.84271105040792,13,Thursday
11645,2026-01-29 13:47:28.121875951,1.728638039716569,13,Thursday
11600,2026-01-29 13:48:19.859863259,2.0948938614646053,13,Thursday
11628,2026-01-29 13:48:41.017364439,1.4773820143821983,13,Thursday
11619,2026-01-29 13:49:19.150779668,0.7343219212037443,13,Thursday
11637,2026-01-29 13:49:27.316999074,11.042771438093286,13,Thursday
11606,2026-01-29 13:49:38.528080918,5.521580506048846,13,Thursday
11624,2026-01-29 13:49:42.863323581,17.759467713238138,13,Thursday
11629,2026-01-29 13:49:53.952555396,0.9728859021146697,13,Thursday
11623,2026-01-29 13:50:24.407391121,6.836928918425706,13,Thursday
11603,2026-01-29 13:53:01.449442089,2.3579177358584347,13,Thursday
11621,2026-01-29 13:54:00.496624654,3.6592451783588182,13,Thursday
11596,2026-01-29 13:56:47.302185470,2.426971401356127,13,Thursday
11636,2026-01-29 13:56:51.225503856,2.518900043549821,13,Thursday
11638,2026-01-29 13:58:19.972743406,3.673165813229127,13,Thursday
11610,2026-01-29 13:58:45.931424994,4.667284080713579,13,Thursday
11634,2026-01-29 13:59:55.654263079,6.600928475953557,13,Thursday
11656,2026-01-29 14:02:11.636800472,5.04966112111404,14,Thursday
11655,2026-01-29 14:02:20.923848992,1.315401309543986,14,Thursday
11679,2026-01-29 14:02:28.351304669,10.361378906539787,14,Thursday
11692,2026-01-29 14:04:22.135690482,5.3196564223569585,14,Thursday
11706,2026-01-29 14:09:16.206521383,1.579003928848812,14,Thursday
11669,2026-01-29 14:11:09.951244018,0.08589082261571285,14,Thursday
11696,2026-01-29 14:11:39.275237161,15.82509214108619,14,Thursday
11704,2026-01-29 14:11:43.809324707,3.589485312788164,14,Thursday
11702,2026-01-29 14:12:26.560729570,2.4376684407809694,14,Thursday
11675,2026-01-29 14:12:36.724372029,1.472435411290277,14,Thursday
11681,2026-01-29 14:12:52.720970363,2.604055367037291,14,Thursday
11678,2026-01-29 14:13:29.933096065,2.4920320807593956,14,Thursday
11673,2026-01-29 14:14:22.577362510,1.0121470452297219,14,Thursday
11698,2026-01-29 14:15:48.396266955,2.2040198645190396,14,Thursday
11686,2026-01-29 14:16:30.791724377,16.42090074066096,14,Thursday
11684,2026-01-29 14:17:20.317186492,0.6007617572787611,14,Thursday
11665,2026-01-29 14:18:29.255067373,1.9421525036320533,14,Thursday
11688,2026-01-29 14:18:29.649783347,0.9750004819971672,14,Thursday
11701,2026-01-29 14:18:32.595271201,2.3519497744213695,14,Thursday
11700,2026-01-29 14:20:40.445626051,3.796103310711842,14,Thursday
11654,2026-01-29 14:20:52.947853615,2.3729988089925254,14,Thursday
11693,2026-01-29 14:20:53.877902590,0.40331795257478387,14,Thursday
11697,2026-01-29 14:21:22.330549834,2.7825674657125306,14,Thursday
11703,2026-01-29 14:24:32.497635292,1.0843134367151648,14,Thursday
11674,2026-01-29 14:26:03.821617958,7.398118286294598,14,Thursday
11671,2026-01-29 14:27:23.763327140,10.633592822647069,14,Thursday
11664,2026-01-29 14:28:30.680976151,2.9919005250842816,14,Thursday
11677,2026-01-29 14:29:16.659762149,2.3739895217463,14,Thursday
11667,2026-01-29 14:30:07.457786351,3.044652721421554,14,Thursday
11666,2026-01-29 14:30:25.296434800,0.40235745925479544,14,Thursday
11683,2026-01-29 14:32:01.321344294,15.391791853436628,14,Thursday
11658,2026-01-29 14:33:08.531357792,3.1515282636231996,14,Thursday
11690,2026-01-29 14:36:18.521227603,2.7329992453719276,14,Thursday
11668,2026-01-29 14:36:36.991976001,8.529318871786556,14,Thursday
11699,2026-01-29 14:36:48.132611142,30.96598358982268,14,Thursday
11672,2026-01-29 14:37:12.737394987,1.226622639552592,14,Thursday
11695,2026-01-29 14:39:18.212462426,3.3197571357122753,14,Thursday
11670,2026-01-29 14:39:20.231569601,4.3626574745479125,14,Thursday
11685,2026-01-29 14:39:27.638761653,1.1641738095967606,14,Thursday
11680,2026-01-29 14:40:32.659192752,4.817481330295135,14,Thursday
11660,2026-01-29 14:41:50.989237038,12.536384074089364,14,Thursday
11694,2026-01-29 14:44:14.953510198,0.2989072808409471,14,Thursday
11657,2026-01-29 14:45:33.168294758,5.784301423726017,14,Thursday
11659,2026-01-29 14:47:00.933566702,0.28659334589534613,14,Thursday
11663,2026-01-29 14:47:17.978624236,4.755197790496717,14,Thursday
11652,2026-01-29 14:47:52.045101622,12.226778895642937,14,Thursday
11687,2026-01-29 14:49:12.987458075,15.770692304287653,14,Thursday
11691,2026-01-29 14:50:39.880136193,0.2549840206097157,14,Thursday
11676,2026-01-29 14:52:31.098564324,1.0658687490490721,14,Thursday
11662,2026-01-29 14:53:08.967447767,2.8197557433320104,14,Thursday
11661,2026-01-29 14:54:27.022857355,19.643082819965684,14,Thursday
11705,2026-01-29 14:57:45.250514559,2.8888799501524516,14,Thursday
11653,2026-01-29 14:58:26.321142314,2.797218622566004,14,Thursday
11689,2026-01-29 14:59:17.691836625,0.7839054481832862,14,Thursday
11682,2026-01-29 14:59:22.495892347,3.8220126649865422,14,Thursday
11737,2026-01-29 15:02:06.880016652,1.1840246629166222,15,Thursday
11708,2026-01-29 15:03:29.999780225,6.954856621318961,15,Thursday
11714,2026-01-29 15:03:42.490332284,3.0030972033059973,15,Thursday
11728,2026-01-29 15:03:44.648352996,4.016527263637525,15,Thursday
11712,2026-01-29 15:03:48.417493176,3.0815973545062696,15,Thursday
11730,2026-01-29 15:04:43.345204926,5.058034448273069,15,Thursday
11719,2026-01-29 15:05:16.676811647,1.5311593210195364,15,Thursday
11726,2026-01-29 15:05:20.120851992,6.880582168379782,15,Thursday
11740,2026-01-29 15:06:37.232020039,4.691277622133877,15,Thursday
11736,2026-01-29 15:07:54.854179790,1.262560911778422,15,Thursday
11721,2026-01-29 15:08:12.077951005,4.757082419465846,15,Thursday
11709,2026-01-29 15:09:13.478502902,1.8710074450494285,15,Thursday
11734,2026-01-29 15:09:50.263627745,16.86693209483661,15,Thursday
11731,2026-01-29 15:10:31.324089145,6.909147311479109,15,Thursday
11732,2026-01-29 15:15:31.789116249,1.4316367274211848,15,Thursday
11722,2026-01-29 15:20:22.221266178,4.855015563102363,15,Thursday
11738,2026-01-29 15:23:42.163508290,4.091294413530553,15,Thursday
11727,2026-01-29 15:28:39.203758427,8.254051973090933,15,Thursday
11724,2026-01-29 15:30:10.351719572,4.67963269836035,15,Thursday
11707,2026-01-29 15:30:31.259979675,0.5363586155904946,15,Thursday
11711,2026-01-29 15:32:34.279263712,1.115783941030106,15,Thursday
11729,2026-01-29 15:37:48.756944637,0.008532433614217367,15,Thursday
11717,2026-01-29 15:39:03.884312697,3.626000014467787,15,Thursday
11713,2026-01-29 15:41:35.115931570,1.541396245286035,15,Thursday
11720,2026-01-29 15:43:36.409988478,1.3742330108289083,15,Thursday
11718,2026-01-29 15:43:55.936360629,13.181335190981706,15,Thursday
11715,2026-01-29 15:44:19.947217366,7.328789855196098,15,Thursday
11733,2026-01-29 15:44:55.477865992,3.1241353539461096,15,Thursday
11716,2026-01-29 15:44:59.865798192,7.177631864478901,15,Thursday
11735,2026-01-29 15:50:47.875391855,1.7699324723994128,15,Thursday
11723,2026-01-29 15:56:33.882912602,0.23828923512872696,15,Thursday
11710,2026-01-29 15:56:51.566161088,6.31651995332608,15,Thursday
11725,2026-01-29 15:58:02.735155498,2.3455094384765234,15,Thursday
11739,2026-01-29 15:58:45.989911096,14.95741669616895,15,Thursday
11746,2026-01-29 16:01:06.931411042,7.162946429450397,16,Thursday
11766,2026-01-29 16:02:33.156545747,5.044944647490546,16,Thursday
11751,2026-01-29 16:05:46.340669985,2.0541185890925653,16,Thursday
11753,2026-01-29 16:06:51.587980786,19.218961820106223,16,Thursday
11767,2026-01-29 16:07:44.592191433,13.51140494201864,16,Thursday
11743,2026-01-29 16:09:33.934344797,1.391066221712055,16,Thursday
11763,2026-01-29 16:09:42.438906085,3.6591682840375235,16,Thursday
11762,2026-01-29 16:13:30.956803302,3.6925306375541544,16,Thursday
11754,2026-01-29 16:16:24.857664798,7.543970123044726,16,Thursday
11749,2026-01-29 16:20:59.062527038,0.5163934940456211,16,Thursday
11764,2026-01-29 16:23:59.980548514,2.4424543457642303,16,Thursday
11745,2026-01-29 16:25:48.592029052,4.491894550012148,16,Thursday
11761,2026-01-29 16:27:07.778707952,4.687354189953989,16,Thursday
11747,2026-01-29 16:32:23.152153730,2.0184952159912726,16,Thursday
11755,2026-01-29 16:34:15.027007159,0.10135587181160256,16,Thursday
11756,2026-01-29 16:35:34.006898316,3.9205582076957173,16,Thursday
11759,2026-01-29 16:35:37.012935770,7.794585582108832,16,Thursday
11742,2026-01-29 16:35:48.930488626,4.400398594663245,16,Thursday
11758,2026-01-29 16:36:55.121066018,11.275551632739058,16,Thursday
11741,2026-01-29 16:37:29.432271352,0.5608821236517398,16,Thursday
11744,2026-01-29 16:38:04.440477641,0.9091649506188251,16,Thursday
11765,2026-01-29 16:42:45.909918697,3.1620487523955134,16,Thursday
11752,2026-01-29 16:43:56.820417122,29.968722067148907,16,Thursday
11757,2026-01-29 16:46:30.760742043,0.4542012366910394,16,Thursday
11760,2026-01-29 16:54:44.471113160,17.93890784005566,16,Thursday
11750,2026-01-29 16:57:56.013185947,13.681556331691274,16,Thursday
11748,2026-01-29 16:59:21.360282786,4.3161746504879455,16,Thursday
11776,2026-01-30 08:02:54.642732094,4.109581198622505,8,Friday
11788,2026-01-30 08:03:16.823059119,13.365716613383702,8,Friday
11773,2026-01-30 08:04:53.187122358,3.196341836612826,8,Friday
11783,2026-01-30 08:05:28.902254311,10.965342527353206,8,Friday
11770,2026-01-30 08:20:50.890709391,0.8072909582744476,8,Friday
11774,2026-01-30 08:22:40.112761556,4.725638451742555,8,Friday
11782,2026-01-30 08:25:45.633854278,1.435427200462148,8,Friday
11785,2026-01-30 08:25:56.282771943,4.661839886969709,8,Friday
11772,2026-01-30 08:26:45.158430893,6.676131531746842,8,Friday
11769,2026-01-30 08:31:07.797633053,7.864016791833073,8,Friday
11787,2026-01-30 08:31:52.717572801,9.75167548247398,8,Friday
11780,2026-01-30 08:34:11.093632187,10.37480935843396,8,Friday
11771,2026-01-30 08:38:22.465943995,19.990322343299386,8,Friday
11779,2026-01-30 08:38:55.413252511,4.02258065116248,8,Friday
11786,2026-01-30 08:39:55.401253804,0.9255153233471838,8,Friday
11777,2026-01-30 08:41:48.000882843,0.3825754918090676,8,Friday
11781,2026-01-30 08:42:27.195901123,6.455966475387877,8,Friday
11778,2026-01-30 08:50:28.279338256,3.935698971990545,8,Friday
11768,2026-01-30 08:51:46.007680689,15.261153454819256,8,Friday
11784,2026-01-30 08:57:44.538315492,4.257698645249651,8,Friday
11775,2026-01-30 08:59:38.659696977,0.5643693630316527,8,Friday
11794,2026-01-30 09:01:38.975993859,8.591872609564245,9,Friday
11790,2026-01-30 09:09:50.101930596,4.314838080221759,9,Friday
11797,2026-01-30 09:10:03.226479815,0.44224350872019735,9,Friday
11798,2026-01-30 09:11:38.507813662,15.001172526374347,9,Friday
11795,2026-01-30 09:11:59.450132708,5.075920531402598,9,Friday
11808,2026-01-30 09:13:58.771389165,0.8750653010380696,9,Friday
11793,2026-01-30 09:17:12.928249524,11.574121652151897,9,Friday
11802,2026-01-30 09:19:11.094244415,2.809296323278211,9,Friday
11813,2026-01-30 09:21:31.672285766,0.8021297817893762,9,Friday
11809,2026-01-30 09:23:11.875891969,1.0536625324090176,9,Friday
11799,2026-01-30 09:23:29.006391776,0.5654855161971674,9,Friday
11796,2026-01-30 09:23:59.199171625,5.314022542764981,9,Friday
11807,2026-01-30 09:24:38.680084207,4.492402221114332,9,Friday
11805,2026-01-30 09:27:19.618720704,3.0584546565495634,9,Friday
11806,2026-01-30 09:28:05.880716238,22.002808892861093,9,Friday
11789,2026-01-30 09:29:20.015314309,6.307974792571497,9,Friday
11810,2026-01-30 09:31:40.426982556,6.295860438272327,9,Friday
11811,2026-01-30 09:31:40.898462628,0.25856056431136115,9,Friday
11804,2026-01-30 09:38:44.328452131,11.976319473090737,9,Friday
11791,2026-01-30 09:40:07.682156520,16.330545352469755,9,Friday
11792,2026-01-30 09:41:02.832974541,2.4329820644690576,9,Friday
11812,2026-01-30 09:45:42.252847965,3.272917802977759,9,Friday
11801,2026-01-30 09:45:51.276655467,2.0029162224650414,9,Friday
11803,2026-01-30 09:57:05.774648106,4.710389542753192,9,Friday
11800,2026-01-30 09:57:42.431811510,4.1417805687001135,9,Friday
11841,2026-01-30 10:00:03.929547682,2.9407333774190167,10,Friday
11821,2026-01-30 10:03:43.746937677,0.616595784623818,10,Friday
11818,2026-01-30 10:04:10.420260551,2.4111383121786503,10,Friday
11844,2026-01-30 10:05:39.092845499,7.847526272405152,10,Friday
11829,2026-01-30 10:09:43.593679548,11.01918758402472,10,Friday
11815,2026-01-30 10:09:48.423992331,3.3639711102948104,10,Friday
11843,2026-01-30 10:12:52.731175572,5.061173442114326,10,Friday
11816,2026-01-30 10:15:06.931333283,2.8731408874983466,10,Friday
11832,2026-01-30 10:18:18.257894925,5.549525717023518,10,Friday
11824,2026-01-30 10:20:01.750446789,3.9515741907101605,10,Friday
11826,2026-01-30 10:20:45.446964216,0.8269852448465875,10,Friday
11817,2026-01-30 10:22:03.142519147,1.7142591984688107,10,Friday
11822,2026-01-30 10:24:08.320756226,0.486059963305427,10,Friday
11847,2026-01-30 10:24:44.181080907,2.900739895999582,10,Friday
11823,2026-01-30 10:24:50.402458385,5.39423940181222,10,Friday
11827,2026-01-30 10:24:59.073406120,2.6468756336418426,10,Friday
11814,2026-01-30 10:27:31.726541669,5.544941408080861,10,Friday
11835,2026-01-30 10:28:38.501497058,1.0899916034722197,10,Friday
11831,2026-01-30 10:30:20.139846087,0.30890989084216736,10,Friday
11842,2026-01-30 10:31:48.848493813,5.015425046916856,10,Friday
11845,2026-01-30 10:31:55.095661431,1.692098425159276,10,Friday
11834,2026-01-30 10:33:04.278094348,1.8935164307010146,10,Friday
11825,2026-01-30 10:33:27.863065192,2.812350133509387,10,Friday
11819,2026-01-30 10:35:03.615489892,2.152342756739051,10,Friday
11820,2026-01-30 10:36:27.121648600,5.1949363704964755,10,Friday
11830,2026-01-30 10:37:08.812903092,6.062992325774271,10,Friday
11839,2026-01-30 10:37:45.661326154,5.51268906236256,10,Friday
11836,2026-01-30 10:40:03.609533176,7.475098002701532,10,Friday
11833,2026-01-30 10:43:39.124763365,1.378672578308636,10,Friday
11846,2026-01-30 10:44:48.575422136,7.355692188126683,10,Friday
11828,2026-01-30 10:47:51.084770789,7.796856229084711,10,Friday
11837,2026-01-30 10:48:08.245108732,5.229180718816304,10,Friday
11840,2026-01-30 10:52:27.983947441,1.3509940719392826,10,Friday
11838,2026-01-30 10:58:21.607644120,4.7316245634153935,10,Friday
11897,2026-01-30 11:00:20.477604705,2.894557626927241,11,Friday
11880,2026-01-30 11:00:55.352246560,1.1989331787355373,11,Friday
11870,2026-01-30 11:01:27.912369518,1.5503035966428853,11,Friday
11867,2026-01-30 11:02:24.867090306,3.54666041724712,11,Friday
11874,2026-01-30 11:02:41.425572623,7.729271169094335,11,Friday
11853,2026-01-30 11:03:57.622808922,1.4311737048225315,11,Friday
11868,2026-01-30 11:04:08.186204205,4.150838048021519,11,Friday
11895,2026-01-30 11:06:13.500636913,1.0098113844710424,11,Friday
11898,2026-01-30 11:08:14.675532842,0.7954827407183283,11,Friday
11855,2026-01-30 11:09:26.824801126,8.1239286131717,11,Friday
11852,2026-01-30 11:10:21.831747411,0.37152717718512385,11,Friday
11849,2026-01-30 11:10:45.488153069,0.7922628112820401,11,Friday
11856,2026-01-30 11:11:11.424058028,14.543238257031572,11,Friday
11865,2026-01-30 11:12:41.423716718,7.897630698269785,11,Friday
11879,2026-01-30 11:13:48.103787564,6.457456141862517,11,Friday
11882,2026-01-30 11:13:51.694233039,2.9669298919290368,11,Friday
11859,2026-01-30 11:15:01.752629764,2.6393332176966156,11,Friday
11896,2026-01-30 11:16:17.343648548,8.132349977840112,11,Friday
11873,2026-01-30 11:22:47.790510304,6.563250629702041,11,Friday
11884,2026-01-30 11:27:58.910827797,3.7949085388966557,11,Friday
11885,2026-01-30 11:31:50.288096540,1.6530807324516177,11,Friday
11861,2026-01-30 11:32:02.802618249,7.102569963654966,11,Friday
11851,2026-01-30 11:34:35.526002765,8.191738648943014,11,Friday
11878,2026-01-30 11:34:42.410074809,10.062333797577871,11,Friday
11871,2026-01-30 11:34:47.154032041,13.798420869009187,11,Friday
11860,2026-01-30 11:35:27.416256545,1.4406004671917225,11,Friday
11866,2026-01-30 11:38:24.789135721,1.6139899418260688,11,Friday
11888,2026-01-30 11:38:33.542999090,4.459314577715141,11,Friday
11894,2026-01-30 11:39:47.973088374,0.7485022438289077,11,Friday
11850,2026-01-30 11:40:30.018318896,11.596795703867226,11,Friday
11881,2026-01-30 11:41:40.819590524,4.773772414345188,11,Friday
11893,2026-01-30 11:42:20.250792879,0.6714443950045452,11,Friday
11869,2026-01-30 11:42:48.697317736,14.333008678013577,11,Friday
11875,2026-01-30 11:42:49.850818663,4.649730794871572,11,Friday
11877,2026-01-30 11:43:01.817011409,1.0504886517431236,11,Friday
11858,2026-01-30 11:43:02.139065315,18.705089367831643,11,Friday
11863,2026-01-30 11:43:45.554692197,8.209814821619394,11,Friday
11886,2026-01-30 11:45:14.171559358,0.5059800195329374,11,Friday
11887,2026-01-30 11:46:45.950188092,3.145778093750022,11,Friday
11854,2026-01-30 11:47:56.919800297,8.548277395760223,11,Friday
11892,2026-01-30 11:49:27.045067238,0.15565072290992607,11,Friday
11864,2026-01-30 11:49:54.196051775,3.81736252252968,11,Friday
11872,2026-01-30 11:50:25.458354400,8.170162357968302,11,Friday
11862,2026-01-30 11:50:40.103763049,1.7781837919425616,11,Friday
11883,2026-01-30 11:51:29.385637856,0.8637683961044528,11,Friday
11876,2026-01-30 11:55:46.871228870,1.3990987117424913,11,Friday
11889,2026-01-30 11:56:18.354535485,0.24021087441693803,11,Friday
11891,2026-01-30 11:56:48.787599748,1.489752529704822,11,Friday
11848,2026-01-30 11:56:54.996611247,2.8922175367787863,11,Friday
11857,2026-01-30 11:58:42.363206360,30.053770229800328,11,Friday
11890,2026-01-30 11:58:56.274370753,2.571598182050731,11,Friday
11940,2026-01-30 12:00:25.511282810,1.7359456217902804,12,Friday
11907,2026-01-30 12:00:35.013150472,5.28681868516461,12,Friday
11904,2026-01-30 12:01:46.503061096,10.05428330656541,12,Friday
11941,2026-01-30 12:02:02.867654656,7.933080954655472,12,Friday
11916,2026-01-30 12:04:54.476809778,8.207971529802396,12,Friday
11942,2026-01-30 12:08:50.944310896,2.572247803522558,12,Friday
11901,2026-01-30 12:09:35.630497058,0.6713210316751161,12,Friday
11922,2026-01-30 12:10:30.599486039,1.187268802279298,12,Friday
11943,2026-01-30 12:11:15.263368147,5.473344852836604,12,Friday
11949,2026-01-30 12:13:04.139469426,1.7334796481383894,12,Friday
11935,2026-01-30 12:13:12.243773117,7.2313146067069365,12,Friday
11945,2026-01-30 12:13:21.957155101,0.10421166128076056,12,Friday
11930,2026-01-30 12:13:51.072790567,0.12218470913659317,12,Friday
11931,2026-01-30 12:15:25.092279788,1.4375100614470369,12,Friday
11937,2026-01-30 12:15:29.530654086,8.50325239858755,12,Friday
11911,2026-01-30 12:20:30.948783354,1.2177124328238877,12,Friday
11932,2026-01-30 12:21:41.833130448,2.8658929419107855,12,Friday
11900,2026-01-30 12:21:52.055452582,15.672799444334355,12,Friday
11919,2026-01-30 12:22:14.527850212,12.81428107901773,12,Friday
11913,2026-01-30 12:23:13.767742080,15.687228722926177,12,Friday
11906,2026-01-30 12:23:42.362710853,2.27853594252548,12,Friday
11928,2026-01-30 12:23:56.766981734,3.1278553275370853,12,Friday
11902,2026-01-30 12:24:14.818253566,0.5078786033554107,12,Friday
11924,2026-01-30 12:26:27.140537382,0.7961524655649465,12,Friday
11927,2026-01-30 12:30:18.404715850,9.65462545889212,12,Friday
11912,2026-01-30 12:31:46.577474637,3.3053713795828217,12,Friday
11903,2026-01-30 12:33:19.121606233,8.133119408874016,12,Friday
11915,2026-01-30 12:35:00.888670441,14.204844864230921,12,Friday
11939,2026-01-30 12:35:50.668411133,5.693369544268131,12,Friday
11905,2026-01-30 12:37:39.510485184,4.382483378043051,12,Friday
11910,2026-01-30 12:37:43.823238811,3.3485715326308014,12,Friday
11947,2026-01-30 12:38:10.003405930,7.354454238113444,12,Friday
11917,2026-01-30 12:38:35.136809588,2.190594454508743,12,Friday
11951,2026-01-30 12:40:04.132462151,0.21420174179415608,12,Friday
11908,2026-01-30 12:40:26.001836206,1.82399695165811,12,Friday
11918,2026-01-30 12:41:14.058291616,8.357769878508869,12,Friday
11948,2026-01-30 12:41:33.063033312,5.1978464884963635,12,Friday
11914,2026-01-30 12:42:02.238228574,9.156162982438065,12,Friday
11909,2026-01-30 12:42:44.595488025,1.3615750455912423,12,Friday
11925,2026-01-30 12:43:25.498749483,16.840784097279858,12,Friday
11944,2026-01-30 12:46:03.428842175,13.613682745215614,12,Friday
11899,2026-01-30 12:47:52.855867336,9.990436908917143,12,Friday
11926,2026-01-30 12:48:50.749225082,3.1003835281776917,12,Friday
11921,2026-01-30 12:50:34.851677441,5.747389173054786,12,Friday
11933,2026-01-30 12:51:34.076800694,4.9797963113496655,12,Friday
11936,2026-01-30 12:51:49.932531472,2.2659662429451126,12,Friday
11920,2026-01-30 12:52:32.828811454,14.690694178586439,12,Friday
11950,2026-01-30 12:53:33.742730742,3.4100145737954457,12,Friday
11923,2026-01-30 12:54:15.358710549,0.2026995120009921,12,Friday
11929,2026-01-30 12:54:55.624927014,5.406086072191066,12,Friday
11934,2026-01-30 12:56:19.637751167,0.9408200821775652,12,Friday
11946,2026-01-30 12:58:08.909832179,0.0558951777972115,12,Friday
11938,2026-01-30 12:58:14.308488299,0.5155324582597517,12,Friday
12011,2026-01-30 13:02:00.935480686,2.0895844459981543,13,Friday
11973,2026-01-30 13:02:30.748916303,1.609919457441564,13,Friday
11981,2026-01-30 13:02:41.712198871,1.472094702277286,13,Friday
11975,2026-01-30 13:03:34.784003990,2.2392131121776413,13,Friday
12014,2026-01-30 13:03:42.495262473,1.505683393068939,13,Friday
11964,2026-01-30 13:03:59.205020013,0.488666609518953,13,Friday
11972,2026-01-30 13:05:36.524115335,0.8771469604179039,13,Friday
11993,2026-01-30 13:07:40.649390789,4.242589206864666,13,Friday
12010,2026-01-30 13:10:39.850156637,6.6937596818164415,13,Friday
11988,2026-01-30 13:11:37.955037814,2.7394949012291816,13,Friday
11959,2026-01-30 13:12:09.416522506,13.854892143522013,13,Friday
11963,2026-01-30 13:13:23.627749058,2.4259372651959907,13,Friday
11978,2026-01-30 13:14:29.338930346,0.5293366820905772,13,Friday
11965,2026-01-30 13:16:15.317800716,1.8040957598921175,13,Friday
12005,2026-01-30 13:16:38.845181596,1.615316090009041,13,Friday
11980,2026-01-30 13:18:08.515412604,0.5996226526797686,13,Friday
11956,2026-01-30 13:18:31.748088919,0.293100120557663,13,Friday
11970,2026-01-30 13:19:49.252842865,10.30282299570822,13,Friday
12012,2026-01-30 13:20:16.234988520,37.53271813301972,13,Friday
11960,2026-01-30 13:21:23.321394532,0.05178422953746927,13,Friday
11976,2026-01-30 13:23:32.963284443,9.290807859051144,13,Friday
11966,2026-01-30 13:23:51.835046293,3.4458793217711263,13,Friday
11984,2026-01-30 13:24:34.086414033,4.790716348307489,13,Friday
12013,2026-01-30 13:25:39.079756416,9.441307083504112,13,Friday
11967,2026-01-30 13:26:27.620163352,1.0237665125165958,13,Friday
11999,2026-01-30 13:27:12.733584356,2.2912921067927,13,Friday
12000,2026-01-30 13:27:20.635348608,9.971313745800996,13,Friday
11953,2026-01-30 13:28:46.801858296,2.1085627099553954,13,Friday
11995,2026-01-30 13:29:31.682372630,2.936129767472968,13,Friday
11992,2026-01-30 13:29:40.255981879,19.332716188009588,13,Friday
11990,2026-01-30 13:30:06.814890576,0.6424009541433638,13,Friday
11974,2026-01-30 13:30:14.562659244,4.517685171723195,13,Friday
12001,2026-01-30 13:30:54.673051941,0.14859320663160477,13,Friday
11996,2026-01-30 13:31:04.518241109,2.8620966802469106,13,Friday
12002,2026-01-30 13:31:10.521402003,2.8969875178801106,13,Friday
12006,2026-01-30 13:31:53.532469034,2.788537794940646,13,Friday
11982,2026-01-30 13:33:24.086093077,0.9792875809011703,13,Friday
11994,2026-01-30 13:34:11.674008081,14.883716220658535,13,Friday
12009,2026-01-30 13:35:06.915214457,7.42602714592587,13,Friday
11954,2026-01-30 13:35:10.905016293,12.245733408544865,13,Friday
11985,2026-01-30 13:37:02.257775249,4.14603652500067,13,Friday
11968,2026-01-30 13:37:07.702706389,3.1420593796456595,13,Friday
12007,2026-01-30 13:37:38.004898468,3.3134560424787027,13,Friday
12008,2026-01-30 13:38:23.178195650,5.806322608761979,13,Friday
12004,2026-01-30 13:38:57.841682558,4.67013850840713,13,Friday
11957,2026-01-30 13:42:02.517555967,3.2919523156148984,13,Friday
11979,2026-01-30 13:42:21.512790449,4.898249776777738,13,Friday
11989,2026-01-30 13:44:00.182253714,0.5105475193895459,13,Friday
11991,2026-01-30 13:44:45.480508389,4.38407277752424,13,Friday
11987,2026-01-30 13:47:22.900245853,23.113008895443947,13,Friday
11952,2026-01-30 13:50:02.559898397,8.436114591215368,13,Friday
11983,2026-01-30 13:50:05.472565932,0.9501274755423911,13,Friday
11971,2026-01-30 13:50:59.944327797,0.25257711509620906,13,Friday
11958,2026-01-30 13:51:42.002131241,1.0482335789575774,13,Friday
11955,2026-01-30 13:52:25.513651177,0.8386039897670021,13,Friday
11997,2026-01-30 13:52:44.048833125,3.4658094965001496,13,Friday
11998,2026-01-30 13:53:41.413368142,5.977138062735081,13,Friday
11977,2026-01-30 13:53:48.401220729,6.305747884900343,13,Friday
11969,2026-01-30 13:53:58.209936473,9.049918505276658,13,Friday
11986,2026-01-30 13:54:00.084951567,0.9680945783042973,13,Friday
12003,2026-01-30 13:57:01.393719044,3.5768806146920933,13,Friday
11961,2026-01-30 13:58:47.316626001,2.660413779710422,13,Friday
11962,2026-01-30 13:58:59.586833266,13.069233031129333,13,Friday
12048,2026-01-30 14:00:35.281896962,0.03609475020108657,14,Friday
12044,2026-01-30 14:01:02.693654188,5.798381763500484,14,Friday
12054,2026-01-30 14:02:28.238276266,3.087407233532304,14,Friday
12060,2026-01-30 14:02:36.922478341,1.1134098435066033,14,Friday
12022,2026-01-30 14:06:32.483378590,4.706467656472545,14,Friday
12064,2026-01-30 14:06:49.932009379,7.445218368841409,14,Friday
12040,2026-01-30 14:07:16.509763676,2.668975423144238,14,Friday
12062,2026-01-30 14:07:31.649122347,2.8987634648370504,14,Friday
12028,2026-01-30 14:08:22.396576428,1.8116826070550194,14,Friday
12024,2026-01-30 14:08:34.791184303,7.194866578494048,14,Friday
12058,2026-01-30 14:10:39.490415559,4.540422144223875,14,Friday
12042,2026-01-30 14:15:54.156703360,10.224065775146514,14,Friday
12019,2026-01-30 14:16:19.045613677,0.6862526754594511,14,Friday
12021,2026-01-30 14:16:59.696624198,5.86813395785202,14,Friday
12050,2026-01-30 14:17:29.225931523,0.816896993717191,14,Friday
12045,2026-01-30 14:22:58.046116504,2.173662312946866,14,Friday
12043,2026-01-30 14:23:03.959150744,1.008125890186499,14,Friday
12052,2026-01-30 14:24:16.893797212,5.991100778711061,14,Friday
12034,2026-01-30 14:25:18.413344867,0.8627828879566843,14,Friday
12039,2026-01-30 14:26:55.549998336,1.6460250933056464,14,Friday
12015,2026-01-30 14:27:08.441470798,17.815729063438393,14,Friday
12049,2026-01-30 14:28:11.437752863,3.6246339672893164,14,Friday
12051,2026-01-30 14:28:39.182359429,0.227573412901786,14,Friday
12061,2026-01-30 14:29:57.060688038,1.564702795844386,14,Friday
12065,2026-01-30 14:30:47.838097391,2.2895347240599753,14,Friday
12066,2026-01-30 14:31:15.945848373,0.8867008589522138,14,Friday
12059,2026-01-30 14:31:52.697287078,5.480418901041908,14,Friday
12047,2026-01-30 14:32:33.800520977,1.7756603830264273,14,Friday
12041,2026-01-30 14:33:32.643819393,6.259670549661217,14,Friday
12020,2026-01-30 14:35:36.460400826,7.063494033308697,14,Friday
12037,2026-01-30 14:37:53.393817674,1.3267976480101782,14,Friday
12026,2026-01-30 14:38:52.671497659,16.605770492934617,14,Friday
12033,2026-01-30 14:39:43.795276900,1.1197820046703195,14,Friday
12025,2026-01-30 14:40:03.711942143,5.134541557835622,14,Friday
12055,2026-01-30 14:41:00.916840614,5.648742906356993,14,Friday
12023,2026-01-30 14:41:03.111876508,0.20848919683318798,14,Friday
12036,2026-01-30 14:43:27.040926505,12.150714312528173,14,Friday
12035,2026-01-30 14:43:49.800604409,0.40065694620670617,14,Friday
12032,2026-01-30 14:45:06.523474779,6.150243558175021,14,Friday
12017,2026-01-30 14:46:42.104149660,1.697265426234601,14,Friday
12029,2026-01-30 14:47:00.528534631,2.4024565839354666,14,Friday
12038,2026-01-30 14:47:46.602161872,2.1092189984909293,14,Friday
12046,2026-01-30 14:48:31.683982087,19.693675154485582,14,Friday
12027,2026-01-30 14:48:36.894399926,4.423986122066977,14,Friday
12063,2026-01-30 14:50:16.428028915,2.954108414338932,14,Friday
12016,2026-01-30 14:51:02.877761950,5.320774521044351,14,Friday
12056,2026-01-30 14:51:03.695746686,3.863544042531746,14,Friday
12031,2026-01-30 14:51:03.752814909,6.4171400461456996,14,Friday
12018,2026-01-30 14:51:04.486044621,1.3774456137696347,14,Friday
12053,2026-01-30 14:55:55.125190406,6.5886811941045575,14,Friday
12057,2026-01-30 14:57:33.258904741,4.96857435536428,14,Friday
12030,2026-01-30 14:59:57.395493406,0.9669572452029156,14,Friday
12102,2026-01-30 15:03:08.497347099,1.3383257663895975,15,Friday
12085,2026-01-30 15:03:21.412607755,0.13849814283730225,15,Friday
12096,2026-01-30 15:06:10.028082806,3.3408522697531726,15,Friday
12082,2026-01-30 15:15:32.832375377,0.007241343780455745,15,Friday
12092,2026-01-30 15:16:22.507850655,2.017395492536057,15,Friday
12098,2026-01-30 15:18:06.592672348,0.5472905543477777,15,Friday
12100,2026-01-30 15:19:09.134168971,4.308081095229433,15,Friday
12095,2026-01-30 15:21:13.024905128,0.5618968989984561,15,Friday
12083,2026-01-30 15:21:17.118616067,2.17806054727233,15,Friday
12087,2026-01-30 15:22:20.942517014,1.6512730645106213,15,Friday
12088,2026-01-30 15:23:12.093136820,12.267042065345812,15,Friday
12094,2026-01-30 15:24:29.856217641,8.442996927456255,15,Friday
12070,2026-01-30 15:24:58.390850727,10.214738072061525,15,Friday
12101,2026-01-30 15:25:52.188575285,6.783601299974249,15,Friday
12068,2026-01-30 15:28:13.222612653,0.1226807942408683,15,Friday
12093,2026-01-30 15:28:31.642846183,1.3968281640229783,15,Friday
12075,2026-01-30 15:30:28.559761819,7.268550484959173,15,Friday
12081,2026-01-30 15:32:34.325303921,4.909458993119859,15,Friday
12097,2026-01-30 15:32:35.209992175,5.031039717625532,15,Friday
12086,2026-01-30 15:35:29.327589867,0.016266071146187056,15,Friday
12091,2026-01-30 15:35:55.832552060,4.028633689430748,15,Friday
12079,2026-01-30 15:37:23.137447180,1.3863140415824928,15,Friday
12099,2026-01-30 15:39:38.908594539,3.6657547940558404,15,Friday
12073,2026-01-30 15:40:11.433031329,0.7510029437586336,15,Friday
12069,2026-01-30 15:42:31.070512695,3.8960385988172277,15,Friday
12067,2026-01-30 15:43:53.976069321,3.542424859840243,15,Friday
12080,2026-01-30 15:46:45.144264965,10.184583195452209,15,Friday
12077,2026-01-30 15:49:53.711348422,11.162917196777816,15,Friday
12090,2026-01-30 15:51:13.760548366,3.656966080664584,15,Friday
12074,2026-01-30 15:51:49.725206050,5.360880311925755,15,Friday
12089,2026-01-30 15:53:04.456343089,11.587355787058542,15,Friday
12071,2026-01-30 15:53:23.048169014,7.404171142311738,15,Friday
12084,2026-01-30 15:53:38.419493032,9.754572754573612,15,Friday
12076,2026-01-30 15:56:04.635025274,4.248058422337709,15,Friday
12072,2026-01-30 15:59:00.673107801,6.034998305349394,15,Friday
12078,2026-01-30 15:59:30.402858357,1.6216596192281494,15,Friday
12103,2026-01-30 15:59:33.137051659,1.7359397497898623,15,Friday
12109,2026-01-30 16:00:21.854242129,8.003241122694046,16,Friday
12117,2026-01-30 16:00:30.471917822,3.3452297029435325,16,Friday
12104,2026-01-30 16:03:27.850606743,2.564442533258817,16,Friday
12107,2026-01-30 16:06:18.983023942,0.633905002135095,16,Friday
12115,2026-01-30 16:06:23.807110720,27.811800275584062,16,Friday
12112,2026-01-30 16:07:46.504333649,0.6814790150223448,16,Friday
12124,2026-01-30 16:07:53.096142508,3.406810268223635,16,Friday
12122,2026-01-30 16:08:39.712411930,0.3730137340848043,16,Friday
12111,2026-01-30 16:11:49.893692539,0.4268031805059065,16,Friday
12116,2026-01-30 16:13:47.420384875,1.4650642739897266,16,Friday
12113,2026-01-30 16:20:13.264123778,11.15522025245346,16,Friday
12105,2026-01-30 16:22:17.569182011,4.207808305200796,16,Friday
12108,2026-01-30 16:33:44.542016536,0.17521430488229617,16,Friday
12119,2026-01-30 16:35:31.724159959,4.874900476709814,16,Friday
12123,2026-01-30 16:35:41.783780378,5.914092093637462,16,Friday
12121,2026-01-30 16:39:04.979416161,0.6804915516634844,16,Friday
12110,2026-01-30 16:42:45.658137758,6.471720679978946,16,Friday
12120,2026-01-30 16:43:11.638690984,0.6131790516075163,16,Friday
12114,2026-01-30 16:46:15.759472580,7.329478699438681,16,Friday
12118,2026-01-30 16:58:06.293505704,1.3489460508081599,16,Friday
12106,2026-01-30 16:58:52.642775712,4.092204286656697,16,Friday
